
  EPA STORM WATER MANAGEMENT MODEL - VERSION 5.2 (Build 5.2.4)
  ------------------------------------------------------------

  WARNING 04: minimum elevation drop used for Conduit LNH01-21
  WARNING 04: minimum elevation drop used for Conduit LBPC-35.31
  WARNING 04: minimum elevation drop used for Conduit LBPC-35.32
  WARNING 04: minimum elevation drop used for Conduit LBPC-35.11
  WARNING 04: minimum elevation drop used for Conduit LBPC-35.12
  WARNING 04: minimum elevation drop used for Conduit LYS01-08
  WARNING 04: minimum elevation drop used for Conduit LYS02-00
  WARNING 04: minimum elevation drop used for Conduit LSC01-15
  WARNING 04: minimum elevation drop used for Conduit LSC02-02
  WARNING 04: minimum elevation drop used for Conduit 1248.1
  WARNING 04: minimum elevation drop used for Conduit a-01
  WARNING 04: minimum elevation drop used for Conduit LBPC-31
  WARNING 04: minimum elevation drop used for Conduit LBPC-29
  WARNING 04: minimum elevation drop used for Conduit LBPC-06
  WARNING 04: minimum elevation drop used for Conduit LBPC-33.1
  WARNING 04: minimum elevation drop used for Conduit LBP01-20
  WARNING 04: minimum elevation drop used for Conduit L1978
  WARNING 04: minimum elevation drop used for Conduit L1981
  WARNING 04: minimum elevation drop used for Conduit L2007
  WARNING 02: maximum depth increased for Node NBPC-05
  WARNING 02: maximum depth increased for Node NBPC-09
  WARNING 02: maximum depth increased for Node NBPC-12
  WARNING 02: maximum depth increased for Node NBPC-14
  WARNING 02: maximum depth increased for Node NBPC-18
  WARNING 02: maximum depth increased for Node NBPC-19
  WARNING 02: maximum depth increased for Node NBPC-20
  WARNING 02: maximum depth increased for Node NBPC-23
  WARNING 02: maximum depth increased for Node NBPC-24
  WARNING 02: maximum depth increased for Node NYS99-05
  WARNING 02: maximum depth increased for Node SDCM_003
  WARNING 02: maximum depth increased for Node Str_SR
  
  *************
  Element Count
  *************
  Number of rain gages ...... 1
  Number of subcatchments ... 579
  Number of nodes ........... 609
  Number of links ........... 696
  Number of pollutants ...... 0
  Number of land uses ....... 0
  
  
  ****************
  Raingage Summary
  ****************
                                                      Data       Recording
  Name                 Data Source                    Type       Interval 
  ------------------------------------------------------------------------
  2                    Thiessen_half                  VOLUME      10 min.
  
  
  ********************
  Subcatchment Summary
  ********************
  Name                       Area     Width   %Imperv    %Slope Rain Gage            Outlet              
  -----------------------------------------------------------------------------------------------------------
  NBC01-00#1                 0.23     44.56      0.00    0.2900 2                    NBC01-00            
  NBC01-01#1                 5.79    106.65      0.00    3.6300 2                    NBC01-01            
  NBC01-02#1                 0.85     26.25      0.00    0.6500 2                    NBC01-02            
  NBC01-02#2                 7.51    114.87      0.00    6.8600 2                    NBC01-02            
  NBC01-04#1                 0.05     19.52      0.00    2.2800 2                    NBC01-04            
  NBC01-04#2                 0.23     35.53      0.00    4.6200 2                    NBC01-04            
  NBC01-04#3                 4.40     91.50      0.00    4.2500 2                    NBC01-04            
  NBC01-05#1                 6.70    115.53      0.00    4.9400 2                    NBC01-05            
  NBC01-06#1                 2.19     57.53      0.00    4.7200 2                    NBC01-06            
  NBC01-07#1                 2.13     57.84      0.00    4.8600 2                    NBC01-07            
  NBC01-08#1                 1.81     52.34      0.00    4.3000 2                    NBC01-08            
  NBC01-09#1                 2.38     76.31      0.00    3.1800 2                    NBC01-09            
  NBC01-10#1                 1.27     48.38      0.00    3.7900 2                    NBC01-10            
  NBC01-11#1                 2.15     75.04      0.00    2.4600 2                    NBC01-11            
  NBC01-12#1                 1.84     72.48      0.00    1.6400 2                    NBC01-12            
  NBC01-13#1                 0.69     87.48      0.00    0.1100 2                    NBC01-13            
  NBC01-13#2                 0.22     32.38      0.00    9.9300 2                    NBC01-13            
  NBC01-14#1                 1.30     89.95      0.00    1.8500 2                    NBC01-14            
  NBC01-15#1                 3.88    123.85      0.00    7.3700 2                    NBC01-15            
  NBC01-16#1                 0.76     79.29      0.00    2.6400 2                    NBC01-16            
  NBC01-17#1                 3.14    129.78      0.00    9.2400 2                    NBC01-17            
  NBC01-19#1                 8.37    146.59      0.00    5.0100 2                    NBC01-19            
  NBC01-20#1                 3.08     80.83      0.00    0.0700 2                    NBC01-20            
  NBC02-01#1                 7.61    127.78      0.00    7.2200 2                    NBC02-01            
  NBC03-01#1                 0.17     34.66      0.00    6.5700 2                    NBC03-01            
  NBC03-02#1                 1.52     54.39      0.00    4.0800 2                    NBC03-02            
  NBC03-03#1                 0.24     28.62      0.00    5.1100 2                    NBC03-03            
  NBC03-04#1                 0.85     56.17      0.00    5.9700 2                    NBC03-04            
  NBC03-05#1                 1.06     79.66      0.00    1.8600 2                    NBC03-05            
  NBC04-01#1                 5.19    112.64      0.00    4.2300 2                    NBC04-01            
  NBC04-02#1                 6.30    161.35      0.00    4.0200 2                    NBC04-02            
  NBC09-00#1                 4.23    432.91      0.00   14.1500 2                    NBC09-00            
  NBC10-00#1                 1.17     70.88      0.00    2.3600 2                    NBC10-00            
  NBC11-02#1                12.25    116.87      0.00    4.2400 2                    NBC11-02            
  NBC11-02#2                 0.04     12.61      0.00    7.7300 2                    NBC11-02            
  NBC11-02#3                 1.95     40.60      0.00    1.5600 2                    NBC11-02            
  NBC11-03#1                 3.50     96.23      0.00    0.5500 2                    NBC11-03            
  NBC12-00#1                 1.48     71.91      0.00    3.2500 2                    NBC12-00            
  NBC13-01#1                 0.79     60.84      0.00    0.0800 2                    NBC13-01            
  NBC13-01#2                 0.82     64.89      0.00    4.1900 2                    NBC13-01            
  NBC13-02#1                 0.35     37.38      0.00    0.1000 2                    NBC13-02            
  NBC13-03#1                 1.03     81.09      0.00    0.0500 2                    NBC13-03            
  NBC13-04#1                 2.05     78.21      0.00    0.0600 2                    NBC13-04            
  NBC13-05#1                 3.48    125.93      0.00    0.0100 2                    NBC13-05            
  NBC14-01#1                 2.56    107.55      0.00    0.0200 2                    NBC14-01            
  NBC14-01#2                 0.09      9.98      0.00    7.9500 2                    NBC14-01            
  NBC14-02#1                 0.16     23.31      0.00    0.0600 2                    NBC14-02            
  NBC14-02#2                 0.34     38.76      0.00    2.1300 2                    NBC14-02            
  NBC14-03#1                 0.68     84.68      0.00    0.2100 2                    NBC14-03            
  NBC14-04#1                 6.36    209.03      0.00    0.0100 2                    NBC14-04            
  NBC14-05#1                 2.13    119.20      0.00    0.0100 2                    NBC14-05            
  NBC15-01#1                 0.68     55.64      0.00    0.1300 2                    NBC15-01            
  NBC15-02#1                 3.38    170.71      0.00    0.1200 2                    NBC15-02            
  NBC16-00#1                 0.09      7.83      0.00    0.5100 2                    NBC16-00            
  NBC16-00#2                 0.94     68.83      0.00    0.4000 2                    NBC16-00            
  NBC16-02#1                 0.06     57.84      0.00    0.8800 2                    NBC16-02            
  NBC16-02#2                 3.09    115.52      0.00    0.1100 2                    NBC16-02            
  NBC16-03#1                 1.01     48.08      0.00    0.0900 2                    NBC16-03            
  NBC16-03#2                 0.54     89.73      0.00    0.4100 2                    NBC16-03            
  NBC16-04#1                 6.33    239.34      0.00    0.6900 2                    NBC16-04            
  NBC16-05#1                 0.49     44.23      0.00    0.0600 2                    NBC16-05            
  NBC16-06#1                 4.74    153.80      0.00    0.5200 2                    NBC16-06            
  NBC16-07#1                 6.01    141.80      0.00    0.4300 2                    NBC16-07            
  NBC17-01#1                 2.44    177.06      0.00    1.2700 2                    NBC17-01            
  NBC18-01#1                 3.95    109.85      0.00    1.0300 2                    NBC18-01            
  NBP01-01#1                 1.70     86.15      0.00    0.2800 2                    NBP01-01            
  NBP01-01#2                12.92    338.22      0.00    0.2000 2                    NBP01-01            
  NBP01-03#1                 1.78     61.68      0.00    0.0100 2                    NBP01-03            
  NBP01-03#2                 6.86    159.13      0.00    0.1000 2                    NBP01-03            
  NBP01-04#1                 1.86     67.00      0.00    1.4000 2                    NBP01-04            
  NBP01-04#2                 0.96     48.47      0.00    0.0400 2                    NBP01-04            
  NBP01-05#1                 3.73     98.31      0.00    0.9300 2                    NBP01-05            
  NBP01-05#2                 3.48    112.91      0.00    0.8700 2                    NBP01-05            
  NBP01-06#1                 1.42     87.48      0.00    0.2000 2                    NBP01-06            
  NBP01-06#2                 5.72    139.98      0.00    0.0600 2                    NBP01-06            
  NBP01-07#1                 4.51    116.85      0.00    0.1400 2                    NBP01-07            
  NBP01-08#1                 7.58    156.86      0.00    1.7800 2                    NBP01-08            
  NBP01-08#2                 6.86     96.35      0.00    2.5300 2                    NBP01-08            
  NBP01-09#1                 4.64    181.58      0.00    0.6200 2                    NBP01-09            
  NBP01-09#2                 1.80    120.26      0.00    1.3600 2                    NBP01-09            
  NBP01-10#1                 3.48     94.65      0.00    1.8300 2                    NBP01-10            
  NBP01-11#1                 4.33    117.78      0.00    0.6800 2                    NBP01-11            
  NBP01-12#1                 7.92    128.44      0.00    3.0600 2                    NBP01-12            
  NBP01-13#1                 1.00     45.37      0.00    1.6900 2                    NBP01-13            
  NBP01-13#2                 0.35     43.62      0.00    0.7300 2                    NBP01-13            
  NBP01-14#1                 2.07    120.05      0.00    0.1900 2                    NBP01-14            
  NBP01-15#1                 5.02    268.02      0.00    0.8500 2                    NBP01-15            
  NBP01-16#1                 8.93    163.25      0.00    0.6500 2                    NBP01-16            
  NBP01-17#1                 2.08    134.59      0.00    1.1700 2                    NBP01-17            
  NBP01-18#1                 4.97    212.45      0.00    0.9400 2                    NBP01-18            
  NBP01-19#1                 1.65     83.62      0.00    0.2900 2                    NBP01-19            
  NBP01-20#1                 2.66     89.40      0.00    0.2600 2                    NBP01-20            
  NBP01-21#1                 5.10    139.95      0.00    0.6900 2                    NBP01-21            
  NBP01-22#1                 8.48    158.19      0.00    0.8500 2                    NBP01-22            
  NBP01-22#2                 5.05     76.42      0.00    0.9800 2                    NBP01-22            
  NBP01-23#1                 4.35    213.48      0.00    1.1400 2                    NBP01-23            
  NBP01-24#1                 4.14    137.23      0.00    0.0500 2                    NBP01-24            
  NBP01-25#1                 7.16    194.13      0.00    0.8900 2                    NBP01-25            
  NBP01-26#1                 2.75    107.51      0.00    0.5000 2                    NBP01-26            
  NBP01-27#1                 1.09     65.46      0.00    4.1400 2                    NBP01-27            
  NBP01-27#2                 1.15     69.97      0.00    0.6200 2                    NBP01-27            
  NBP01-28#1                 2.61     83.39      0.00    0.6900 2                    NBP01-28            
  NBP01-29#1                 6.32    115.14      0.00    3.0600 2                    NBP01-29            
  NBP01-30#1                 7.03    176.17      0.00    3.6600 2                    NBP01-30            
  NBP01-31#1                 1.10     46.00      0.00    6.9200 2                    NBP01-31            
  NBP02-01#1                 8.04    345.32      0.00    0.1500 2                    NBP02-01            
  NBP02-02#1                13.13    199.81      0.00    0.6300 2                    NBP02-02            
  NBP02-03#1                10.64    162.02      0.00    0.2700 2                    NBP02-03            
  NBP02-04#1                20.69    310.75      0.00    0.3200 2                    NBP02-04            
  NBP03-01#1                 1.36     59.50      0.00    0.3100 2                    NBP03-01            
  NBP03-02#1                 0.71     60.47      0.00    0.1900 2                    NBP03-02            
  NBP03-03#1                 2.00     97.51      0.00    0.1900 2                    NBP03-03            
  NBP03-04#1                14.50    237.90      0.00    0.4100 2                    NBP03-04            
  NBP04-01#1                 2.83    120.42      0.00    0.1300 2                    NBP04-01            
  NBP04-02#1                 4.90     67.33      0.00    0.2300 2                    NBP04-02            
  NBP04-03#1                 0.40     50.41      0.00    0.0600 2                    NBP04-03            
  NBP04-04#1                 0.47     63.31      0.00    0.0900 2                    NBP04-04            
  NBP04-04#2                 3.50    159.85      0.00    0.1600 2                    NBP04-04            
  NBP04-05#1                 0.78     45.29      0.00    0.1700 2                    NBP04-05            
  NBP04-06#1                 0.29     56.22      0.00    0.2100 2                    NBP04-06            
  NBP04-07#1                 9.07    159.42      0.00    0.2700 2                    NBP04-07            
  NBP04-08#1                 4.55    108.75      0.00    0.1700 2                    NBP04-08            
  NBP04-09#1                 2.72    190.60      0.00    0.0500 2                    NBP04-09            
  NBP04-10#1                 2.68     56.29      0.00    0.2400 2                    NBP04-10            
  NBP04-11#1                 5.32    122.99      0.00    0.0500 2                    NBP04-11            
  NBP04-12#1                 5.69     85.42      0.00    0.0100 2                    NBP04-12            
  NBP04-13#1                 8.84    148.93      0.00    0.2500 2                    NBP04-13            
  NBP05-01#1                 3.12    136.31      0.00    0.0600 2                    NBP05-01            
  NBP05-02#1                 2.30     87.31      0.00    0.4200 2                    NBP05-02            
  NBP05-03#1                 5.88    192.63      0.00    0.1100 2                    NBP05-03            
  NBP06-01#1                 4.44    109.41      0.00    0.1900 2                    NBP06-01            
  NBP06-02#1                 8.94    125.17      0.00    0.2200 2                    NBP06-02            
  NBP06-03#1                 4.04    117.91      0.00    1.3100 2                    NBP06-03            
  NBP06-04#1                 3.81    123.12      0.00    1.0300 2                    NBP06-04            
  NBP06-05#1                 7.73    243.89      0.00    0.2600 2                    NBP06-05            
  NBP06-05#2                 2.52    117.98      0.00    0.9300 2                    NBP06-05            
  NBP06-06#1                 5.24    205.69      0.00    0.3600 2                    NBP06-06            
  NBP06-07#1                10.66    129.52      0.00    2.6800 2                    NBP06-07            
  NBP06-08#1                 0.32     61.25      0.00    0.1700 2                    NBP06-08            
  NBP06-08#2                 0.48     57.33      0.00    0.6400 2                    NBP06-08            
  NBP06-09#1                 6.10    171.37      0.00    0.4800 2                    NBP06-09            
  NBP06-11#1                 1.35     70.94      0.00    1.7400 2                    NBP06-11            
  NBP06-11#2                 4.93    142.45      0.00    2.3100 2                    NBP06-11            
  NBP06-12#1                 4.25    142.20      0.00    2.4100 2                    NBP06-12            
  NBP07-01#1                 0.51     57.73      0.00    0.5100 2                    NBP07-01            
  NBP07-02#1                 4.21    148.54      0.00    1.9600 2                    NBP07-02            
  NBP08-01#1                 8.84    163.22      0.00    1.9800 2                    NBP08-01            
  NBP08-02#1                 0.55     45.46      0.00    0.5900 2                    NBP08-02            
  NBP08-03#1                 0.17     27.41      0.00    1.6700 2                    NBP08-03            
  NBP08-03#2                 4.42    108.00      0.00    3.0400 2                    NBP08-03            
  NBP08-06#1                 2.69     91.45      0.00    3.4300 2                    NBP08-06            
  NBP09-01#1                 3.26    138.44      0.00    1.7900 2                    NBP09-01            
  NBP09-01#2                 0.95    103.88      0.00    3.6300 2                    NBP09-01            
  NBP09-02#1                 7.67    203.68      0.00    2.9800 2                    NBP09-02            
  NBP10-01#1                 3.99    186.48      0.00    3.2800 2                    NBP10-01            
  NBP11-01#1                 2.74     91.96      0.00    3.9200 2                    NBP11-01            
  NBP11-02#1                 3.37     92.71      0.00    4.8700 2                    NBP11-02            
  NBP11-03#1                 6.45    148.50      0.00    2.6400 2                    NBP11-03            
  NBP11-04#1                 6.42     94.07      0.00    2.6600 2                    NBP11-04            
  NBP11-05#1                13.85    169.72      0.00    3.1900 2                    NBP11-05            
  NBP11-06#1                 0.42     43.56      0.00    0.2100 2                    NBP11-06            
  NBP11-06#2                 0.81     52.72      0.00    0.8400 2                    NBP11-06            
  NBP11-07#1                 3.71    174.29      0.00    1.3600 2                    NBP11-07            
  NBP12-01#1                 1.35     74.41      0.00    1.4900 2                    NBP12-01            
  NBP12-02#1                 4.32     83.56      0.00    5.6400 2                    NBP12-02            
  NBP13-01#1                 6.96    122.26      0.00    1.7700 2                    NBP13-01            
  NBP13-02#1                 3.99     70.95      0.00    0.7600 2                    NBP13-02            
  NBP13-03#1                 4.23    108.82      0.00    4.6600 2                    NBP13-03            
  NBP13-04#1                 1.25    116.37      0.00    0.0400 2                    NBP13-04            
  NBP13-05#1                 5.33    125.74      0.00    4.8600 2                    NBP13-05            
  NBP13-06#1                 4.20    165.27      0.00    1.0400 2                    NBP13-06            
  NBP13-07#1                 2.42     77.93      0.00    0.5300 2                    NBP13-07            
  NBP13-08#1                 1.33    126.04      0.00    0.2500 2                    NBP13-08            
  NBP13-09#1                 2.59     37.98      0.00    0.5400 2                    NBP13-09            
  NBP13-10#1                 0.62     60.91      0.00    1.1200 2                    NBP13-10            
  NBP13-11#1                 2.68     89.94      0.00    1.9400 2                    NBP13-11            
  NBP13-11#2                 0.99     33.33      0.00    1.6400 2                    NBP13-11            
  NBP13-12#1                 1.58     53.80      0.00    2.0600 2                    NBP13-12            
  NBP13-13#1                 1.37     51.16      0.00    2.2400 2                    NBP13-13            
  NBP13-14#1                 4.60    155.28      0.00    2.8600 2                    NBP13-14            
  NBP14-01#1                 1.60     53.72      0.00    0.4900 2                    NBP14-01            
  NBP15-01#1                 3.05    131.11      0.00    0.5500 2                    NBP15-01            
  NBPC-00#1                  7.37     78.20      0.00    0.3400 2                    NBPC-00             
  NBPC-01#1                155.88    854.62      0.00    6.1300 2                    NBPC-01             
  NBPC-09#1                  6.88     43.07      0.00    0.6800 2                    NBPC-09             
  NBPC-09#2                284.15    841.74      0.00    4.7400 2                    NBPC-09             
  NHM_016#1                236.36    873.08      0.00   15.1000 2                    NHM_016             
  NNH01-00#1                 0.77     54.95      0.00    0.2600 2                    NNH01-00            
  NNH01-01#1                 1.37     62.04      0.00    0.2800 2                    NNH01-01            
  NNH01-02#1                 0.18     38.22      0.00    0.9700 2                    NNH01-02            
  NNH01-02#2                 2.25     95.39      0.00    2.0100 2                    NNH01-02            
  NNH01-03#1                 0.47     56.03      0.00    0.1700 2                    NNH01-03            
  NNH01-04#1                 0.86     68.57      0.00    1.0700 2                    NNH01-04            
  NNH01-05#1                 0.49     39.31      0.00    0.2700 2                    NNH01-05            
  NNH01-06#1                 0.85     65.05      0.00    1.7100 2                    NNH01-06            
  NNH01-07#1                 0.90     72.38      0.00    0.7500 2                    NNH01-07            
  NNH01-07.1#1               0.63     20.84      0.00    1.7900 2                    NNH01-07.1          
  NNH01-09#1                 0.14     22.94      0.00    0.2100 2                    NNH01-09            
  NNH01-09#2                 0.38     41.73      0.00    2.4800 2                    NNH01-09            
  NNH01-10#1                 0.47     28.71      0.00    0.1600 2                    NNH01-10            
  NNH01-10#2                 2.01     64.92      0.00    2.1300 2                    NNH01-10            
  NNH01-11#1                 0.49     52.69      0.00    1.0500 2                    NNH01-11            
  NNH01-12#1                 0.12     20.68      0.00    0.7200 2                    NNH01-12            
  NNH01-12#2                 1.02     91.46      0.00    0.7300 2                    NNH01-12            
  NNH01-13#1                 2.75     99.32      0.00    0.0100 2                    NNH01-13            
  NNH01-14#1                 0.98    119.53      0.00    1.3100 2                    NNH01-14            
  NNH01-15#1                 6.37    157.18      0.00    0.3500 2                    NNH01-15            
  NNH01-16#1                 1.09     94.74      0.00    0.8200 2                    NNH01-16            
  NNH01-16#2                 0.96     50.50      0.00    2.7100 2                    NNH01-16            
  NNH01-17#1                 3.12    108.40      0.00    0.1600 2                    NNH01-17            
  NNH01-18#1                 0.18     38.26      0.00    0.0400 2                    NNH01-18            
  NNH01-18#2                 0.51     42.43      0.00    2.9900 2                    NNH01-18            
  NNH01-19#1                 0.68     53.91      0.00    5.5700 2                    NNH01-19            
  NNH01-19#2                 0.33     32.02      0.00    4.9100 2                    NNH01-19            
  NNH01-20#1                 0.88     29.90      0.00    0.0100 2                    NNH01-20            
  NNH01-20#2                 0.15     23.23      0.00    0.0500 2                    NNH01-20            
  NNH01-21#1                 0.38     56.85      0.00    0.9600 2                    NNH01-21            
  NNH01-21#2                 0.75     70.78      0.00    0.3100 2                    NNH01-21            
  NNH01-22#1                 6.00    127.53      0.00    0.3500 2                    NNH01-22            
  NNH01-22#2                 0.56     46.48      0.00    0.3800 2                    NNH01-22            
  NNH01-23#1                 2.36     94.04      0.00    0.2500 2                    NNH01-23            
  NNH01-24#1                 2.22     71.63      0.00    0.1600 2                    NNH01-24            
  NNH01-25#1                 4.66     98.36      0.00    1.0500 2                    NNH01-25            
  NNH01-26#1                 0.10     60.97      0.00    9.1500 2                    NNH01-26            
  NNH01-27#1                 1.86     62.49      0.00    1.3700 2                    NNH01-27            
  NNH01-28#1                 0.26     40.46      0.00    3.7700 2                    NNH01-28            
  NNH01-29#1                 1.25     58.20      0.00    3.5600 2                    NNH01-29            
  NNH02-01#1                 0.12     22.63      0.00    7.5500 2                    NNH02-01            
  NNH02-01#2                 0.22     41.61      0.00    0.3600 2                    NNH02-01            
  NNH02-01#3                 0.28     43.24      0.00    1.0400 2                    NNH02-01            
  NNH02-02#1                 1.73    105.85      0.00    5.9200 2                    NNH02-02            
  NNH03-01#1                 0.30     49.58      0.00    0.1500 2                    NNH03-01            
  NNH03-02#1                 0.25     44.38      0.00    1.9700 2                    NNH03-02            
  NNH03-03#1                 7.72    117.05      0.00    6.3500 2                    NNH03-03            
  NNH04-01#1                 0.42     47.10      0.00    2.4400 2                    NNH04-01            
  NNH04-02#1                 2.21     94.50      0.00    1.8700 2                    NNH04-02            
  NNH04-03#1                 0.45     40.14      0.00    5.4700 2                    NNH04-03            
  NNH04-04#1                 3.16    100.19      0.00    8.5900 2                    NNH04-04            
  NNH05-01#1                 2.00     58.50      0.00    3.8700 2                    NNH05-01            
  NNH05-02#1                 0.43     38.05      0.00    6.6200 2                    NNH05-02            
  NNH05-03#1                 0.87     36.20      0.00    5.5700 2                    NNH05-03            
  NNH06-01#1                 0.11     27.52      0.00    0.9800 2                    NNH06-01            
  NNH07-01#1                 3.57     73.14      0.00    7.4100 2                    NNH07-01            
  NNH07-01#2                 0.71     49.34      0.00    7.7100 2                    NNH07-01            
  NNH07-02#1                 2.44    145.75      0.00    5.0100 2                    NNH07-02            
  NNH07-03#1                 1.96    129.66      0.00   12.2400 2                    NNH07-03            
  NNH07-03#2                 0.07     20.98      0.00    0.6700 2                    NNH07-03            
  NNH07-04#1                 2.03     71.46      0.00    6.0800 2                    NNH07-04            
  NNH07-05#1                 1.81     66.14      0.00    6.2400 2                    NNH07-05            
  NNH07-06#1                 5.35    130.71      0.00    6.0200 2                    NNH07-06            
  NNH07-07#1                 0.82     51.92      0.00    6.4700 2                    NNH07-07            
  NNH07-08#1                 4.82     85.79      0.00    4.1900 2                    NNH07-08            
  NNH07-09#1                 0.14     28.54      0.00    1.7000 2                    NNH07-09            
  NNH07-09#2                 0.32     40.16      0.00    0.1700 2                    NNH07-09            
  NNH07-10#1                 0.25     45.14      0.00    0.0400 2                    NNH07-10            
  NNH07-11#1                 0.96     88.31      0.00    2.0800 2                    NNH07-11            
  NNH07-12#1                 1.09     61.28      0.00    5.2700 2                    NNH07-12            
  NNH07-13#1                 2.42     57.56      0.00    4.5700 2                    NNH07-13            
  NNH07-14#1                 6.80    135.42      0.00    6.2500 2                    NNH07-14            
  NNH08-01#1                 0.46     80.43      0.00   18.8100 2                    NNH08-01            
  NNH08-02#1                 1.17     49.44      0.00    4.3500 2                    NNH08-02            
  NNH08-03#1                 2.17    118.58      0.00    9.6600 2                    NNH08-03            
  NNH09-01#1                 2.90     94.86      0.00    6.0100 2                    NNH09-01            
  NNH10-01#1                14.92    284.80      0.00    4.8400 2                    NNH10-01            
  NNH10-01#2                 0.35     35.02      0.00    3.9300 2                    NNH10-01            
  NNH10-02#1                 3.90    206.69      0.00    2.2200 2                    NNH10-02            
  NNH10-03#1                 3.39    118.87      0.00    2.3100 2                    NNH10-03            
  NNH10-04#1                 0.84     28.22      0.00    5.2600 2                    NNH10-04            
  NNH11-01#1                 0.70     62.34      0.00    0.7500 2                    NNH11-01            
  NNH11-02#1                 0.74     67.97      0.00    1.9500 2                    NNH11-02            
  NNH11-03#1                 0.80     42.55      0.00    0.4100 2                    NNH11-03            
  NNH11-04#1                 2.52     93.85      0.00    3.6000 2                    NNH11-04            
  NNH12-01#1                 0.36     45.43      0.00   15.6500 2                    NNH12-01            
  NNH12-02#1                 1.14     48.37      0.00    5.8500 2                    NNH12-02            
  NNH13-01#1                 0.07     25.50      0.00    6.7500 2                    NNH13-01            
  NNH14-01#1                 5.50    148.10      0.00    7.6900 2                    NNH14-01            
  NNH14-02#1                 0.68     73.54      0.00    2.9000 2                    NNH14-02            
  NNH15-01#1                 0.04     30.38      0.00    3.9100 2                    NNH15-01            
  NNH15-02#1                 0.47     44.74      0.00    0.4000 2                    NNH15-02            
  NNH15-03#1                 1.62     46.38      0.00    6.0800 2                    NNH15-03            
  NNH15-04#1                 2.08     56.37      0.00    6.2300 2                    NNH15-04            
  NNH15-05#1                 0.57     40.16      0.00    4.3800 2                    NNH15-05            
  NNH15-05#2                 0.21     29.82      0.00    0.7700 2                    NNH15-05            
  NNH15-06#1                 1.21     62.55      0.00    5.3000 2                    NNH15-06            
  NNH15-07#1                 1.60     35.49      0.00    2.6900 2                    NNH15-07            
  NNH16-01#1                 8.63    165.91      0.00    5.2600 2                    NNH16-01            
  NNH17-01#1                 4.80    199.85      0.00    0.8400 2                    NNH17-01            
  NNH17-02#1                 3.08     94.73      0.00    7.1800 2                    NNH17-02            
  NNH18-01#1                 0.40     42.50      0.00    1.7300 2                    NNH18-01            
  NNH18-02#1                 0.39     57.05      0.00    4.8300 2                    NNH18-02            
  NNH18-03#1                 0.61     67.83      0.00    4.2500 2                    NNH18-03            
  NNH18-04#1                 0.21     39.13      0.00    3.5900 2                    NNH18-04            
  NNH18-05#1                 1.60    115.13      0.00    5.5600 2                    NNH18-05            
  NNH18-06#1                 2.47     99.22      0.00    1.2600 2                    NNH18-06            
  NNH18-07#1                 0.40     35.66      0.00    0.7500 2                    NNH18-07            
  NSC01-01#1                 1.04     95.60      0.00    0.6000 2                    NSC01-01            
  NSC01-02#1                 0.74     61.34      0.00    0.0100 2                    NSC01-02            
  NSC01-03#1                 3.92    175.13      0.00    0.7800 2                    NSC01-03            
  NSC01-04#1                 1.50     71.72      0.00    1.0400 2                    NSC01-04            
  NSC01-05#1                 0.28     19.05      0.00    0.5700 2                    NSC01-05            
  NSC01-06#1                 0.21     13.24      0.00    0.3300 2                    NSC01-06            
  NSC01-06#2                 0.50     36.81      0.00    1.2700 2                    NSC01-06            
  NSC01-06#3                 0.88     62.49      0.00    1.3900 2                    NSC01-06            
  NSC01-07#1                 0.21     14.14      0.00    0.0400 2                    NSC01-07            
  NSC01-07#2                 1.12     38.69      0.00    0.1600 2                    NSC01-07            
  NSC01-08#1                 1.22     89.31      0.00    0.3900 2                    NSC01-08            
  NSC01-09#1                 1.94     98.58      0.00    1.8100 2                    NSC01-09            
  NSC01-10#1                 6.73    134.34      0.00    1.1200 2                    NSC01-10            
  NSC01-11#1                 0.88     55.81      0.00    2.2800 2                    NSC01-11            
  NSC01-12#1                 3.76    118.16      0.00    3.7400 2                    NSC01-12            
  NSC01-13#1                 0.35     37.83      0.00    2.8600 2                    NSC01-13            
  NSC01-14#1                 6.94    183.96      0.00    4.1900 2                    NSC01-14            
  NSC01-15#1                 1.70     50.08      0.00    4.2900 2                    NSC01-15            
  NSC01-16#1                 6.34    132.62      0.00    3.3700 2                    NSC01-16            
  NSC01-17#1                 2.26    108.28      0.00    5.8700 2                    NSC01-17            
  NSC01-18#1                 0.35     32.51      0.00    3.0400 2                    NSC01-18            
  NSC01-19#1                 3.07     98.52      0.00    3.9600 2                    NSC01-19            
  NSC01-20#1                 0.19     70.00      0.00    3.8100 2                    NSC01-20            
  NSC01-21#1                14.15    238.23      0.00    1.6300 2                    NSC01-21            
  NSC01-22#1                 2.78    231.20      0.00   35.5900 2                    NSC01-22            
  NSC02-01#1                 1.65     36.08      0.00    3.2400 2                    NSC02-01            
  NSC02-02#1                 0.19     70.56      0.00    0.3700 2                    NSC02-02            
  NSC02-03#1                 0.17     20.87      0.00    3.3700 2                    NSC02-03            
  NSC02-03#2                 0.33     32.79      0.00    3.0200 2                    NSC02-03            
  NSC02-03#3                 0.19     29.00      0.00    2.0500 2                    NSC02-03            
  NSC02-04#1                 0.57     29.27      0.00    2.2500 2                    NSC02-04            
  NSC03-01#1                 3.02     83.81      0.00    1.1800 2                    NSC03-01            
  NSC04-01#1                 5.59    140.78      0.00    3.4800 2                    NSC04-01            
  NSC05-01#1                 1.43    111.27      0.00    2.1700 2                    NSC05-01            
  NSC05-02#1                 1.24     94.01      0.00    3.8000 2                    NSC05-02            
  NSC05-03#1                 2.44    116.05      0.00    0.8500 2                    NSC05-03            
  NSC05-04#1                 1.57     79.25      0.00    3.6000 2                    NSC05-04            
  NSC05-05#1                 0.48     86.44      0.00    2.1700 2                    NSC05-05            
  NSC05-06#1                 1.28     87.54      0.00    6.6600 2                    NSC05-06            
  NSC05-07#1                 0.92     64.41      0.00    7.0300 2                    NSC05-07            
  NSC05-08#1                 1.16     49.07      0.00    3.7300 2                    NSC05-08            
  NSC06-01#1                 1.64     74.00      0.00    1.3500 2                    NSC06-01            
  NSC06-01#2                 1.98     99.17      0.00    0.3100 2                    NSC06-01            
  NSC06-02#1                 7.19    170.13      0.00    1.4300 2                    NSC06-02            
  NSC06-03#1                 0.15     25.87      0.00    1.8200 2                    NSC06-03            
  NSC06-04#1                 0.76     50.01      0.00    0.7200 2                    NSC06-04            
  NSC06-04#2                 0.36     41.02      0.00    1.1900 2                    NSC06-04            
  NSC06-05#1                17.44    363.97      0.00    2.0100 2                    NSC06-05            
  NSC07-01#1                 0.24     31.37      0.00    2.0000 2                    NSC07-01            
  NSC07-02#1                 0.48     48.09      0.00    0.8200 2                    NSC07-02            
  NSC07-02#2                 0.07     25.25      0.00    0.2500 2                    NSC07-02            
  NSC07-03#1                 1.06     78.78      0.00    0.5600 2                    NSC07-03            
  NSC07-04#1                 5.45    130.66      0.00    3.0900 2                    NSC07-04            
  NSC08-01#1                 8.87    194.73      0.00    3.6700 2                    NSC08-01            
  NSC08-02#1                 4.74    119.44      0.00    3.2800 2                    NSC08-02            
  NSC08-03#1                28.82    412.46      0.00    8.8500 2                    NSC08-03            
  NSC09-01#1                 0.26     41.91      0.00    0.5900 2                    NSC09-01            
  NSC09-02#1                 2.08     66.16      0.00    1.0800 2                    NSC09-02            
  NSC10-00#1                 1.02     71.07      0.00    0.2400 2                    NSC10-00            
  NSC10-01#1                 3.12    110.70      0.00    4.1500 2                    NSC10-01            
  NSC10-02#1                 0.73     61.60      0.00    3.3700 2                    NSC10-02            
  NSC10-03#1                 0.67     54.09      0.00    1.6300 2                    NSC10-03            
  NSC10-04#1                12.08    320.57      0.00    3.1000 2                    NSC10-04            
  NSC10-04#2                 0.22     29.63      0.00    1.1300 2                    NSC10-04            
  NSC10-05#1                 1.52     75.92      0.00    0.5500 2                    NSC10-05            
  NSC10-06#1                 0.24     37.48      0.00    1.2000 2                    NSC10-06            
  NSC10-06#2                 6.87    109.90      0.00    3.1400 2                    NSC10-06            
  NSC10-07#1                 2.09     87.10      0.00    2.2900 2                    NSC10-07            
  NSC10-08#1                 1.30     70.14      0.00    0.2400 2                    NSC10-08            
  NSC10-08#2                 0.19     30.61      0.00    3.4500 2                    NSC10-08            
  NSC10-09#1                 2.30     80.53      0.00    1.8300 2                    NSC10-09            
  NSC10-10#1                 8.09    117.20      0.00    3.9700 2                    NSC10-10            
  NSC10-11#1                 2.54    128.59      0.00    2.6100 2                    NSC10-11            
  NSC10-12#1                 4.04     62.59      0.00    4.6700 2                    NSC10-12            
  NSC10-13#1                 2.17     90.96      0.00    2.0800 2                    NSC10-13            
  NSC10-14#1                 1.37     81.05      0.00    2.7700 2                    NSC10-14            
  NSC10-15#1                 2.47    131.93      0.00    3.7200 2                    NSC10-15            
  NSC10-16#1                 1.56     42.52      0.00    5.7700 2                    NSC10-16            
  NSC10-17#1                31.26    418.42      0.00    8.3900 2                    NSC10-17            
  NSC11-01#1                 4.22     99.91      0.00    3.9400 2                    NSC11-01            
  NSC11-02#1                 1.86     78.99      0.00    4.9200 2                    NSC11-02            
  NSC11-03#1                 0.93     75.45      0.00    5.0300 2                    NSC11-03            
  NSC11-04#1                 0.76     68.28      0.00    7.4500 2                    NSC11-04            
  NSC11-05#1                 0.99     60.23      0.00    7.0400 2                    NSC11-05            
  NSC12-01#1                 1.33     72.69      0.00    1.9600 2                    NSC12-01            
  NSC12-01#2                 0.45     26.61      0.00    0.2100 2                    NSC12-01            
  NSC12-02#1                 2.02    123.43      0.00    5.7900 2                    NSC12-02            
  NSC12-03#1                 2.85     86.14      0.00    1.8200 2                    NSC12-03            
  NSC12-04#1                 0.97     50.44      0.00    0.1600 2                    NSC12-04            
  NSC12-05#1                23.11    288.83      0.00    9.1700 2                    NSC12-05            
  NSC13-01#1                 1.92     45.72      0.00    4.3200 2                    NSC13-01            
  NSC13-02#1                 3.31    111.20      0.00    5.0400 2                    NSC13-02            
  NSC13-03#1                 0.89     69.77      0.00    7.6800 2                    NSC13-03            
  NSC14-01#1                 0.90    113.33      0.00    2.6100 2                    NSC14-01            
  NSC15-01#1                 6.56    144.33      0.00    5.5600 2                    NSC15-01            
  NSC15-02#1                 5.59    138.50      0.00    4.8700 2                    NSC15-02            
  NSC15-03#1                 3.56     92.45      0.00    5.9700 2                    NSC15-03            
  NSC15-04#1                 7.23    190.30      0.00    6.1900 2                    NSC15-04            
  NSC15-05#1                 3.80     85.61      0.00   11.8800 2                    NSC15-05            
  NSC15-06#1                 1.96     42.55      0.00    2.4300 2                    NSC15-06            
  NSC15-06#2                 0.42     36.94      0.00    0.9500 2                    NSC15-06            
  NSC15-07#1                 0.69     61.58      0.00    0.3400 2                    NSC15-07            
  NSC15-07#2                 0.25     42.57      0.00    1.1700 2                    NSC15-07            
  NSC15-08#1                 3.37     81.00      0.00    2.3100 2                    NSC15-08            
  NSC15-08#2                 0.15     31.65      0.00    0.3200 2                    NSC15-08            
  NSC16-01#1                 3.03     62.53      0.00   10.9600 2                    NSC16-01            
  NSC16-02#1                 4.02     86.86      0.00   11.6100 2                    NSC16-02            
  NSC16-03#1                 0.30     41.72      0.00    4.2600 2                    NSC16-03            
  NSC16-03#2                 4.47    146.03      0.00    1.9000 2                    NSC16-03            
  NSC16-04#1                 0.20     39.01      0.00    6.3600 2                    NSC16-04            
  NSC16-05#1                 0.52     81.53      0.00    7.3200 2                    NSC16-05            
  NSC17-01#1                16.38    369.68      0.00    3.3700 2                    NSC17-01            
  NSC18-01#1                 0.19     37.46      0.00    0.4100 2                    NSC18-01            
  NSC18-02#1                 0.56     73.38      0.00    0.5200 2                    NSC18-02            
  NSC18-03#1                 0.38     40.70      0.00    0.8600 2                    NSC18-03            
  NSC19-01#1                 0.41     55.35      0.00    0.1500 2                    NSC19-01            
  NSC19-02#1                 0.17     32.49      0.00    0.2600 2                    NSC19-02            
  NSC19-03#1                 1.61     73.90      0.00    1.1200 2                    NSC19-03            
  NSC19-04#1                 0.37     46.25      0.00    0.3400 2                    NSC19-04            
  NSC19-05#1                 1.88     84.92      0.00    2.3100 2                    NSC19-05            
  NSC19-06#1                 3.29    146.10      0.00    3.7000 2                    NSC19-06            
  NSC19-07#1                 3.29     92.12      0.00    3.0300 2                    NSC19-07            
  NSC19-08#1                 5.40    146.46      0.00    4.0700 2                    NSC19-08            
  NSC19-09#1                 3.57     96.52      0.00    5.5700 2                    NSC19-09            
  NSC19-09#2                 0.91     80.89      0.00    1.3900 2                    NSC19-09            
  NSC19-10#1                 1.42     84.11      0.00    6.4900 2                    NSC19-10            
  NSC19-11#1                14.17    203.35      0.00    4.5900 2                    NSC19-11            
  NSC19-12#1                11.23    237.13      0.00    9.7100 2                    NSC19-12            
  NSC20-01#1                 6.10    124.22      0.00    4.2700 2                    NSC20-01            
  NSC20-02#1                 3.36     88.77      0.00    2.9300 2                    NSC20-02            
  NSC20-03#1                 0.47     84.81      0.00    0.8500 2                    NSC20-03            
  NSC20-04#1                 1.00     94.13      0.00    0.7600 2                    NSC20-04            
  NSC20-04#2                 0.61     55.81      0.00    1.9600 2                    NSC20-04            
  NSC20-05#1                 0.58     96.36      0.00    1.2500 2                    NSC20-05            
  NSC20-06#1                 1.18    108.53      0.00    5.2100 2                    NSC20-06            
  NSC20-07#1                 1.93    127.47      0.00    0.3100 2                    NSC20-07            
  NSC20-08#1                 0.64     87.52      0.00    0.4500 2                    NSC20-08            
  NSC20-09#1                 3.87    141.14      0.00    0.5800 2                    NSC20-09            
  NSC20-09#2                 0.04     15.86      0.00    0.6100 2                    NSC20-09            
  NSC20-10#1                23.13    331.53      0.00    6.5300 2                    NSC20-10            
  NSC21-01#1                 0.61     45.18      0.00    1.1900 2                    NSC21-01            
  NSC21-01#2                 0.32     32.60      0.00    0.0200 2                    NSC21-01            
  NSC21-02#1                 2.12     63.63      0.00    4.9200 2                    NSC21-02            
  NSC21-03#1                 1.54     94.43      0.00    4.1100 2                    NSC21-03            
  NSC21-04#1                 0.42     47.92      0.00    6.2800 2                    NSC21-04            
  NSC21-05#1                 0.59     95.53      0.00    7.4800 2                    NSC21-05            
  NSC21-06#1                 2.53     85.16      0.00    7.4000 2                    NSC21-06            
  NSC22-01#1                 6.41     88.56      0.00    6.0900 2                    NSC22-01            
  NSC23-01#1                 0.44     68.41      0.00    3.3300 2                    NSC23-01            
  NSC23-02#1                 2.33     88.05      0.00    3.2900 2                    NSC23-02            
  NSC23-03#1                 1.16     74.64      0.00    3.7400 2                    NSC23-03            
  NSC23-04#1                 3.38    148.23      0.00   20.7600 2                    NSC23-04            
  NSR01-00#1                 0.17     50.02      0.00    2.9800 2                    NSR01-00            
  NSR01-01#1                 0.22     33.13      0.00    2.9400 2                    NSR01-01            
  NSR01-01#2                 5.75    114.85      0.00    0.7800 2                    NSR01-01            
  NSR01-02#1                 7.15    126.15      0.00    4.2800 2                    NSR01-02            
  NSR01-03#1                 2.46    103.11      0.00    1.0900 2                    NSR01-03            
  NSR01-05#1                 0.15     25.67      0.00    0.5000 2                    NSR01-05            
  NSR01-05#2                 1.62     47.73      0.00    6.1200 2                    NSR01-05            
  NSR01-06#1                 1.39    101.21      0.00    0.8100 2                    NSR01-06            
  NSR01-07#1                 4.33    157.16      0.00    5.8600 2                    NSR01-07            
  NSR01-08#1                12.39    211.12      0.00    5.8000 2                    NSR01-08            
  NSR01-09#1                 0.65     35.29      0.00    6.1000 2                    NSR01-09            
  NSR01-10#1                 0.18     28.41      0.00    4.3200 2                    NSR01-10            
  NSR01-11#1                 6.59    151.16      0.00    5.8700 2                    NSR01-11            
  NSR02-02#1                 0.49     46.48      0.00    0.1000 2                    NSR02-02            
  NSR02-02#2                 1.32     40.87      0.00    2.1700 2                    NSR02-02            
  NSR02-02#3                 0.15     36.14      0.00    0.4900 2                    NSR02-02            
  NSR02-03#1                 1.14     66.81      0.00    1.5700 2                    NSR02-03            
  NSR02-03#2                 0.10     19.99      0.00    0.6400 2                    NSR02-03            
  NSR02-04#1                 0.40     45.92      0.00    0.5800 2                    NSR02-04            
  NSR02-05#1                 8.53    155.19      0.00    6.8500 2                    NSR02-05            
  NYS01-02#1                 1.37     42.43      0.00    0.7300 2                    NYS01-02            
  NYS01-02#2                 1.37     67.12      0.00    0.0500 2                    NYS01-02            
  NYS01-03#1                 0.09     21.67      0.00    0.2800 2                    NYS01-03            
  NYS01-04#1                 4.03     80.96      0.00    1.5500 2                    NYS01-04            
  NYS01-04#2                 5.87    150.94      0.00    0.1200 2                    NYS01-04            
  NYS01-05#1                 2.85    122.89      0.00    0.4400 2                    NYS01-05            
  NYS01-06#1                 1.28     82.22      0.00    0.6600 2                    NYS01-06            
  NYS01-06#2                 0.73     81.56      0.00    0.1500 2                    NYS01-06            
  NYS01-07#1                 4.42     70.99      0.00    1.6900 2                    NYS01-07            
  NYS01-08#1                 0.53     32.67      0.00    0.4900 2                    NYS01-08            
  NYS01-08#2                 0.02     10.18      0.00    8.3000 2                    NYS01-08            
  NYS01-08#3                 0.03     15.73      0.00    1.5300 2                    NYS01-08            
  NYS01-08#4                 0.08     15.04      0.00    1.4900 2                    NYS01-08            
  NYS01-09#1                 8.23     79.05      0.00    2.8900 2                    NYS01-09            
  NYS01-10#1                 1.71     70.98      0.00    1.2400 2                    NYS01-10            
  NYS01-11#1                 1.42     60.79      0.00    0.3400 2                    NYS01-11            
  NYS01-12#1                 0.99     49.43      0.00    2.4600 2                    NYS01-12            
  NYS01-12#2                 0.82     61.74      0.00    1.7200 2                    NYS01-12            
  NYS01-13#1                 0.36     36.09      0.00    0.3100 2                    NYS01-13            
  NYS01-13#2                 0.59     56.54      0.00    0.7700 2                    NYS01-13            
  NYS01-14#1                 0.99     74.08      0.00    2.6000 2                    NYS01-14            
  NYS01-15#1                 2.00     80.24      0.00    2.5500 2                    NYS01-15            
  NYS01-16#1                 1.46     90.32      0.00    0.9200 2                    NYS01-16            
  NYS01-17#1                 0.38     28.07      0.00    1.8600 2                    NYS01-17            
  NYS01-17#2                 0.15     32.34      0.00    0.4200 2                    NYS01-17            
  NYS01-18#1                 0.45     30.61      0.00    1.5200 2                    NYS01-18            
  NYS01-18#2                 0.42     35.62      0.00    0.8800 2                    NYS01-18            
  NYS01-19#1                 5.63    126.33      0.00    1.1900 2                    NYS01-19            
  NYS02-00#1                 0.68     36.47      0.00    0.1600 2                    NYS02-00            
  NYS02-01#1                 2.94     96.32      0.00    6.2100 2                    NYS02-01            
  NYS02-01#2                 0.32     47.04      0.00    1.2600 2                    NYS02-01            
  NYS02-02#1                 0.32     53.88      0.00    0.5800 2                    NYS02-02            
  NYS02-03#1                 3.67     80.17      0.00    4.5000 2                    NYS02-03            
  NYS02-04#1                 0.56     39.59      0.00    3.4200 2                    NYS02-04            
  NYS02-05#1                 3.21     95.86      0.00    8.0500 2                    NYS02-05            
  NYS02-06#1                 0.32     33.16      0.00   13.6300 2                    NYS02-06            
  NYS03-01#1                 4.06     92.94      0.00    8.1500 2                    NYS03-01            
  NYS05-00#1                 0.12     29.18      0.00    0.4100 2                    NYS05-00            
  NYS05-00#2                 0.14     31.70      0.00    0.3700 2                    NYS05-00            
  NYS05-00#3                 1.45     42.59      0.00    0.1500 2                    NYS05-00            
  NYS05-02#1                 0.20     42.71      0.00    0.1900 2                    NYS05-02            
  NYS05-02#2                 0.70     44.97      0.00    6.8800 2                    NYS05-02            
  NYS05-03#1                 0.29     59.81      0.00    0.1900 2                    NYS05-03            
  NYS05-04#1                 0.12     42.91      0.00    0.0700 2                    NYS05-04            
  NYS05-05#1                 0.68     78.84      0.00    4.8700 2                    NYS05-05            
  NYS05-06#1                 1.31     79.66      0.00    1.6900 2                    NYS05-06            
  NYS05-07#1                 1.45     85.81      0.00    3.1800 2                    NYS05-07            
  NYS05-08#1                 1.40     81.33      0.00    0.8500 2                    NYS05-08            
  NYS05-09#1                 0.33     44.68      0.00    0.4500 2                    NYS05-09            
  NYS05-10#1                 0.16     48.84      0.00    0.3400 2                    NYS05-10            
  NYS05-11#1                 0.16     38.91      0.00    0.5700 2                    NYS05-11            
  NYS06-01#1                 0.10     20.00      0.00    1.0000 2                    NYS06-01            
  NYS07-01#1                 0.81     99.90      0.00    1.3700 2                    NYS07-01            
  NYS07-02#1                 3.00    111.28      0.00    3.4500 2                    NYS07-02            
  NYS08-02#1                 0.04      9.93      0.00    0.0100 2                    NYS08-02            
  NYS08-02#2                 8.13    138.36      0.00    2.7700 2                    NYS08-02            
  NYS08-03#1                 0.15      9.18      0.00    0.0100 2                    NYS08-03            
  NYS08-04#1                 0.16      9.27      0.00    1.6700 2                    NYS08-04            
  NYS08-05#1                 0.99     59.49      0.00    3.5300 2                    NYS08-05            
  NYS08-06#1                 1.53     90.94      0.00    4.6600 2                    NYS08-06            
  NYS08-07#1                 3.85    169.91      0.00    2.9200 2                    NYS08-07            
  NYS08-08#1                 5.22    172.89      0.00    6.0800 2                    NYS08-08            
  NYS08-09#1                 3.63     85.62      0.00    5.8400 2                    NYS08-09            
  NYS08-10#1                 0.24     37.09      0.00    0.5500 2                    NYS08-10            
  NYS08-10#2                 0.34     56.22      0.00    0.8400 2                    NYS08-10            
  NYS08-10#3                 0.68     43.71      0.00    5.5200 2                    NYS08-10            
  NYS08-11#1                 9.46    189.20      0.00    4.9800 2                    NYS08-11            
  NYS08-12#1                 6.93    162.92      0.00    6.9700 2                    NYS08-12            
  NYS09-01#1                 0.15     30.35      0.00    0.1600 2                    NYS09-01            
  NYS09-02#1                 2.33     75.31      0.00    7.0000 2                    NYS09-02            
  NYS10-01#1                 2.09    101.24      0.00    3.5500 2                    NYS10-01            
  NYS10-02#1                 4.01    121.10      0.00    5.3500 2                    NYS10-02            
  NYS11-01#1                 2.70     96.39      0.00    4.5100 2                    NYS11-01            
  NYS11-02#1                 0.45     49.04      0.00    6.2700 2                    NYS11-02            
  NYS11-03#1                 0.87     43.73      0.00    5.5000 2                    NYS11-03            
  NYS11-04#1                 1.86     58.66      0.00    3.0700 2                    NYS11-04            
  NYS12-01#1                 0.76    115.18      0.00    3.7200 2                    NYS12-01            
  NYS12-02#1                23.83    243.08      0.00    3.1100 2                    NYS12-02            
  NYS12-03#1                 5.03    111.83      0.00    2.4700 2                    NYS12-03            
  NYS12-04#1                 4.86    107.24      0.00    1.3300 2                    NYS12-04            
  NYS12-05#1                 1.84    272.35      0.00    1.7900 2                    NYS12-05            
  NYS12-06#1                 0.82     27.94      0.00    2.2600 2                    NYS12-06            
  NYS13-01#1                 0.09      8.51      0.00    1.4100 2                    NYS13-01            
  NYS13-01#2                 0.11     30.17      0.00    1.4400 2                    NYS13-01            
  NYS13-02#1                 0.11      8.04      0.00    2.2400 2                    NYS13-02            
  NYS13-03#1                 0.12      8.56      0.00    3.5700 2                    NYS13-03            
  NYS13-04#1                 0.16     13.94      0.00    0.6500 2                    NYS13-04            
  NYS13-05#1                 0.10     12.58      0.00    0.3100 2                    NYS13-05            
  NYS13-06#1                 0.12     10.92      0.00    0.0500 2                    NYS13-06            
  NYS13-07#1                 0.16     16.26      0.00    1.7800 2                    NYS13-07            
  NYS13-08#1                 0.10     20.00      0.00    1.0000 2                    NYS13-08            
  NYS14-01#1                 0.53     67.49      0.00    1.6900 2                    NYS14-01            
  NYS14-02#1                 0.59     46.38      0.00    2.0200 2                    NYS14-02            
  NYS14-03#1                 0.79     55.49      0.00    4.3100 2                    NYS14-03            
  NYS15-01#1                 0.08     14.72      0.00    1.6000 2                    NYS15-01            
  NYS15-02#1                 0.14     24.25      0.00    0.5000 2                    NYS15-02            
  NYS15-03#1                 1.60     33.14      0.00    1.9000 2                    NYS15-03            
  NYS15-03#2                 0.28     36.39      0.00    0.2400 2                    NYS15-03            
  NYS16-01#1                 0.06     20.12      0.00    1.5900 2                    NYS16-01            
  NYS16-02#1                 0.26     41.11      0.00    1.4900 2                    NYS16-02            
  NYS16-03#1                 0.43     49.72      0.00    2.4400 2                    NYS16-03            
  NYS16-04#1                 1.03     36.77      0.00    2.2000 2                    NYS16-04            
  NYS17-01#1                 5.26    151.10      0.00    2.5100 2                    NYS17-01            
  NYS18-01#1                 1.97     77.05      0.00    3.0400 2                    NYS18-01            
  NYS18-02#1                 4.04    170.67      0.00    0.7700 2                    NYS18-02            
  SDCM_006#1               121.65    679.23      0.00    9.4800 2                    SDCM_006            
  SDCM_010#1                12.70    244.30      0.00   23.0600 2                    SDCM_010            
  SDCM_016_1#1              23.95    270.54      0.00    7.7500 2                    SDCM_016_1          
  SDCM_020#1               138.03    590.97      0.00    6.1900 2                    SDCM_020            
  SDCM_026#1               199.73    837.91      0.00   10.0600 2                    SDCM_026            
  SDCM_032#1               240.05    950.54      0.00    3.8700 2                    SDCM_032            
  SDCM_039#1               144.38    707.26      0.00    2.7000 2                    SDCM_039            
  
  
  ************
  Node Summary
  ************
                                           Invert      Max.    Ponded    External
  Name                 Type                 Elev.     Depth      Area    Inflow  
  -------------------------------------------------------------------------------
  1                    JUNCTION              9.16     14.84       0.0
  MH2016               JUNCTION             11.42      4.83       0.0
  MH2018               JUNCTION             10.30      3.30       0.0
  MH2019               JUNCTION             12.53      3.94       0.0
  MH2020               JUNCTION             10.40      3.30       0.0
  NBC01-00             JUNCTION              9.35      8.28       0.0
  NBC01-01             JUNCTION             10.06      7.34       0.0
  NBC01-02             JUNCTION             10.24      5.00       0.0
  NBC01-02.1           JUNCTION             10.06      5.39       0.0
  NBC01-04             JUNCTION             10.24      4.62       0.0
  NBC01-05             JUNCTION             10.24      5.12       0.0
  NBC01-06             JUNCTION             10.55      4.99       0.0
  NBC01-07             JUNCTION             10.56      5.04       0.0
  NBC01-08             JUNCTION             10.58      5.02       0.0
  NBC01-09             JUNCTION             10.61      4.95       0.0
  NBC01-10             JUNCTION             10.63      5.07       0.0
  NBC01-11             JUNCTION             10.67      4.95       0.0
  NBC01-12             JUNCTION             10.70      5.14       0.0
  NBC01-13             JUNCTION             10.73      4.89       0.0
  NBC01-14             JUNCTION             10.83      4.88       0.0
  NBC01-15             JUNCTION             10.94      4.88       0.0
  NBC01-16             JUNCTION             11.03      5.07       0.0
  NBC01-17             JUNCTION             11.14      5.02       0.0
  NBC01-17.1           JUNCTION             11.46      5.86       0.0
  NBC01-18.1           JUNCTION             11.86      7.01       0.0
  NBC01-18.2           JUNCTION             12.24      3.96       0.0
  NBC01-19             JUNCTION             12.10      3.70       0.0
  NBC01-20             JUNCTION             11.68      4.18       0.0
  NBC01-20.1           JUNCTION             11.81      4.48       0.0
  NBC02-01             JUNCTION             13.24      3.76       0.0
  NBC03-01             JUNCTION             16.10      2.00       0.0
  NBC03-02             JUNCTION             18.95      2.32       0.0
  NBC03-03             JUNCTION             25.18      2.32       0.0
  NBC03-04             JUNCTION             29.61      2.25       0.0
  NBC03-05             JUNCTION             38.49      2.45       0.0
  NBC04-01             JUNCTION             20.36      2.05       0.0
  NBC04-02             JUNCTION             23.84      2.36       0.0
  NBC09-00             JUNCTION             12.91      6.09       0.0
  NBC10-00             JUNCTION             11.35      3.55       0.0
  NBC11-02             JUNCTION             12.02      2.90       0.0
  NBC11-03             JUNCTION             13.52      2.58       0.0
  NBC12-00             JUNCTION             12.65      2.65       0.0
  NBC13-01             JUNCTION             10.62      4.17       0.0
  NBC13-02             JUNCTION             10.88      3.90       0.0
  NBC13-03             JUNCTION             10.92      3.82       0.0
  NBC13-04             JUNCTION             11.87      2.60       0.0
  NBC13-05             JUNCTION             11.60      3.18       0.0
  NBC14-01             JUNCTION             10.51      4.31       0.0
  NBC14-02             JUNCTION             10.87      3.93       0.0
  NBC14-03             JUNCTION             11.12      3.44       0.0
  NBC14-04             JUNCTION             11.20      3.36       0.0
  NBC14-05             JUNCTION             11.71      3.07       0.0
  NBC15-01             JUNCTION             11.27      3.33       0.0
  NBC15-02             JUNCTION             11.48      3.13       0.0
  NBC16-00             JUNCTION             10.15      4.85       0.0
  NBC16-02             JUNCTION             11.20      3.32       0.0
  NBC16-03             JUNCTION             11.27      3.25       0.0
  NBC16-04             JUNCTION             11.35      3.40       0.0
  NBC16-05             JUNCTION             11.42      3.28       0.0
  NBC16-06             JUNCTION             11.55      3.27       0.0
  NBC16-07             JUNCTION             12.08      2.47       0.0
  NBC17-01             JUNCTION             12.94      2.16       0.0
  NBC18-01             JUNCTION             12.07      2.75       0.0
  NBP01-01             JUNCTION              4.85      7.13       0.0
  NBP01-03             JUNCTION              4.89      5.59       0.0
  NBP01-04             JUNCTION              5.02      9.66       0.0
  NBP01-05             JUNCTION              5.44     13.48       0.0
  NBP01-06             JUNCTION              5.95      3.37       0.0
  NBP01-07             JUNCTION              6.04      3.43       0.0
  NBP01-08             JUNCTION              6.12      4.93       0.0
  NBP01-09             JUNCTION              6.48      7.04       0.0
  NBP01-10             JUNCTION              6.59      9.36       0.0
  NBP01-11             JUNCTION              6.63      8.87       0.0
  NBP01-12             JUNCTION              7.01      4.36       0.0
  NBP01-13             JUNCTION              7.28      4.08       0.0
  NBP01-14             JUNCTION              7.74      4.44       0.0
  NBP01-14.1           JUNCTION              8.00      4.19       0.0
  NBP01-15             JUNCTION              8.07      4.54       0.0
  NBP01-16             JUNCTION              8.11      4.56       0.0
  NBP01-17             JUNCTION              8.19      4.66       0.0
  NBP01-18             JUNCTION              8.21      4.74       0.0
  NBP01-19             JUNCTION              8.23      6.23       0.0
  NBP01-20             JUNCTION              8.30      6.99       0.0
  NBP01-20.1           JUNCTION              8.30      6.99       0.0
  NBP01-20.2           JUNCTION              8.32      5.58       0.0
  NBP01-21             JUNCTION              8.92      4.07       0.0
  NBP01-22             JUNCTION              8.96      3.25       0.0
  NBP01-22.1           JUNCTION              9.40      2.75       0.0
  NBP01-23             JUNCTION             10.48      3.66       0.0
  NBP01-24             JUNCTION             11.41      5.01       0.0
  NBP01-25             JUNCTION             12.05      3.49       0.0
  NBP01-26             JUNCTION             12.33      3.84       0.0
  NBP01-27             JUNCTION             12.53      4.57       0.0
  NBP01-28             JUNCTION             13.46      3.71       0.0
  NBP01-29             JUNCTION             14.23      3.42       0.0
  NBP01-30             JUNCTION             16.36      2.36       0.0
  NBP01-31             JUNCTION             21.22      2.30       0.0
  NBP02-01             JUNCTION              5.88      7.28       0.0
  NBP02-02             JUNCTION              7.41      3.27       0.0
  NBP02-03             JUNCTION              7.65      3.04       0.0
  NBP02-04             JUNCTION              8.96      2.88       0.0
  NBP03-01             JUNCTION              6.17      5.32       0.0
  NBP03-02             JUNCTION              6.28      4.75       0.0
  NBP03-03             JUNCTION              7.01      3.69       0.0
  NBP03-04             JUNCTION              7.35      3.35       0.0
  NBP04-01             JUNCTION              7.18      3.44       0.0
  NBP04-02             JUNCTION              7.52      3.40       0.0
  NBP04-03             JUNCTION              7.89      3.08       0.0
  NBP04-04             JUNCTION              7.90      3.12       0.0
  NBP04-05             JUNCTION              8.02      2.93       0.0
  NBP04-06             JUNCTION              8.30      2.95       0.0
  NBP04-07             JUNCTION              8.39      2.75       0.0
  NBP04-08             JUNCTION              8.45      2.82       0.0
  NBP04-09             JUNCTION              8.55      3.29       0.0
  NBP04-10             JUNCTION              8.75      3.02       0.0
  NBP04-11             JUNCTION              9.61      3.46       0.0
  NBP04-12             JUNCTION             10.77      3.00       0.0
  NBP04-13             JUNCTION             10.83      1.78       0.0
  NBP05-01             JUNCTION              8.46      2.90       0.0
  NBP05-02             JUNCTION              9.18      2.32       0.0
  NBP05-03             JUNCTION             10.43      2.10       0.0
  NBP06-01             JUNCTION              6.64      4.09       0.0
  NBP06-02             JUNCTION              6.95      3.80       0.0
  NBP06-03             JUNCTION              7.44      3.77       0.0
  NBP06-04             JUNCTION              7.48      3.42       0.0
  NBP06-05             JUNCTION              7.35      3.92       0.0
  NBP06-06             JUNCTION              8.63      3.46       0.0
  NBP06-07             JUNCTION              8.76      3.51       0.0
  NBP06-08             JUNCTION              9.39      2.83       0.0
  NBP06-09             JUNCTION              9.41      2.90       0.0
  NBP06-11             JUNCTION              9.78      3.00       0.0
  NBP06-12             JUNCTION             11.25      4.85       0.0
  NBP07-01             JUNCTION             10.31      2.48       0.0
  NBP07-02             JUNCTION             10.64      2.60       0.0
  NBP08-01             JUNCTION              9.00      4.29       0.0
  NBP08-02             JUNCTION             10.82      2.40       0.0
  NBP08-03             JUNCTION             11.95      2.07       0.0
  NBP08-04             JUNCTION             12.27      2.77       0.0
  NBP08-06             JUNCTION             12.32      2.20       0.0
  NBP09-01             JUNCTION             11.12      2.43       0.0
  NBP09-02             JUNCTION             15.27      2.50       0.0
  NBP10-01             JUNCTION             14.40      2.48       0.0
  NBP11-01             JUNCTION              8.78      3.13       0.0
  NBP11-02             JUNCTION              9.51      2.79       0.0
  NBP11-03             JUNCTION             10.70      2.65       0.0
  NBP11-04             JUNCTION             11.37      3.33       0.0
  NBP11-05             JUNCTION             11.51      3.19       0.0
  NBP11-05.1           JUNCTION             11.70      2.65       0.0
  NBP11-06             JUNCTION             11.89      2.44       0.0
  NBP11-07             JUNCTION             12.45      2.33       0.0
  NBP12-01             JUNCTION             14.43      1.78       0.0
  NBP12-02             JUNCTION             17.98      3.11       0.0
  NBP13-01             JUNCTION              9.67      2.76       0.0
  NBP13-01.1           JUNCTION             10.10      2.52       0.0
  NBP13-01.2           JUNCTION             10.19      2.73       0.0
  NBP13-02             JUNCTION             10.49      2.73       0.0
  NBP13-03             JUNCTION             11.02      2.51       0.0
  NBP13-04             JUNCTION             11.07      2.51       0.0
  NBP13-05             JUNCTION             11.52      2.24       0.0
  NBP13-06             JUNCTION             11.78      2.35       0.0
  NBP13-07             JUNCTION             12.91      3.40       0.0
  NBP13-08             JUNCTION             13.83      3.21       0.0
  NBP13-09             JUNCTION             14.50      2.72       0.0
  NBP13-10             JUNCTION             15.20      2.50       0.0
  NBP13-11             JUNCTION             15.73      3.11       0.0
  NBP13-12             JUNCTION             16.72      1.84       0.0
  NBP13-13             JUNCTION             17.05      1.97       0.0
  NBP13-14             JUNCTION             17.25      2.10       0.0
  NBP14-01             JUNCTION             16.23      3.32       0.0
  NBP15-01             JUNCTION             13.46      4.69       0.0
  NBPC-01              JUNCTION              3.62     15.37       0.0
  NBPC-02              JUNCTION              3.97     15.37       0.0
  NBPC-03              JUNCTION              3.74     14.91       0.0
  NBPC-04              JUNCTION              4.98     14.91       0.0
  NBPC-05              JUNCTION              5.27     13.12       0.0
  NBPC-06              JUNCTION              5.33     13.22       0.0
  NBPC-07              JUNCTION              5.33     13.22       0.0
  NBPC-08              JUNCTION              5.65     10.94       0.0
  NBPC-09              JUNCTION              5.30     11.48       0.0
  NBPC-10              JUNCTION              5.82     11.14       0.0
  NBPC-11              JUNCTION              5.66     10.90       0.0
  NBPC-12              JUNCTION              5.83     10.85       0.0
  NBPC-13              JUNCTION              5.92     10.83       0.0
  NBPC-14              JUNCTION              6.25     10.78       0.0
  NBPC-15              JUNCTION              6.00     10.65       0.0
  NBPC-17              JUNCTION              6.26     10.92       0.0
  NBPC-18              JUNCTION              6.38     13.92       0.0
  NBPC-19              JUNCTION              6.68     13.92       0.0
  NBPC-20              JUNCTION              6.77     12.08       0.0
  NBPC-21              JUNCTION              6.70     10.11       0.0
  NBPC-22              JUNCTION              7.10      9.48       0.0
  NBPC-23              JUNCTION              7.17      9.49       0.0
  NBPC-24              JUNCTION              7.87      9.49       0.0
  NBPC-25              JUNCTION              8.11      8.84       0.0
  NBPC-26              JUNCTION              8.55      9.63       0.0
  NBPC-27              JUNCTION              8.58      8.00       0.0
  NBPC-28              JUNCTION              8.59      8.24       0.0
  NBPC-29              JUNCTION              8.61      9.03       0.0
  NBPC-30              JUNCTION              8.61      9.14       0.0
  NBPC-31              JUNCTION              8.63      9.18       0.0
  NBPC-32              JUNCTION              8.63      9.00       0.0
  NH1-01               JUNCTION             12.13     14.50       0.0
  NH1-02               JUNCTION             12.16     11.84       0.0
  NH7                  JUNCTION             12.59      3.65       0.0
  NH7.1                JUNCTION             12.29      4.08       0.0
  NHM_006              JUNCTION             51.08      3.90       0.0
  NHM_010              JUNCTION             49.95      3.94       0.0
  NHM_016              JUNCTION              0.00     56.11       0.0
  NHM_022              JUNCTION             43.52      4.00       0.0
  NHM_034              JUNCTION             43.82      4.08       0.0
  NNH01-00             JUNCTION             11.83      4.56       0.0
  NNH01-01             JUNCTION             12.38      3.97       0.0
  NNH01-01.1           JUNCTION             12.33      3.67       0.0
  NNH01-01.2           JUNCTION             12.35      3.65       0.0
  NNH01-01.3           JUNCTION             12.36      3.65       0.0
  NNH01-02             JUNCTION             12.75      4.05       0.0
  NNH01-03             JUNCTION             12.94      3.95       0.0
  NNH01-04             JUNCTION             13.10      4.21       0.0
  NNH01-05             JUNCTION             13.20      5.39       0.0
  NNH01-05.1           JUNCTION             13.09      5.80       0.0
  NNH01-06             JUNCTION             12.98      5.81       0.0
  NNH01-07             JUNCTION             13.02      4.02       0.0
  NNH01-07.1           JUNCTION             13.05      4.38       0.0
  NNH01-09             JUNCTION             13.18      4.16       0.0
  NNH01-10             JUNCTION             13.21      4.04       0.0
  NNH01-11             JUNCTION             13.27      4.00       0.0
  NNH01-12             JUNCTION             13.76      4.23       0.0
  NNH01-13             JUNCTION             14.20      3.09       0.0
  NNH01-14             JUNCTION             14.23      3.09       0.0
  NNH01-15             JUNCTION             14.24      3.06       0.0
  NNH01-16             JUNCTION             14.60      3.06       0.0
  NNH01-17             JUNCTION             15.00      3.61       0.0
  NNH01-18             JUNCTION             16.00      3.08       0.0
  NNH01-19             JUNCTION             16.50      2.56       0.0
  NNH01-20             JUNCTION             22.30      3.82       0.0
  NNH01-21             JUNCTION             23.84      2.28       0.0
  NNH01-22             JUNCTION             23.84      2.92       0.0
  NNH01-23             JUNCTION             25.72      2.68       0.0
  NNH01-24             JUNCTION             26.48      2.33       0.0
  NNH01-25             JUNCTION             26.64      2.66       0.0
  NNH01-26             JUNCTION             29.91      4.37       0.0
  NNH01-27             JUNCTION             32.75      2.97       0.0
  NNH01-28             JUNCTION             37.85      1.97       0.0
  NNH01-29             JUNCTION             40.86      1.40       0.0
  NNH02-01             JUNCTION             14.65      2.61       0.0
  NNH02-02             JUNCTION             19.73      1.50       0.0
  NNH03-01             JUNCTION             14.80      2.27       0.0
  NNH03-02             JUNCTION             15.00      1.98       0.0
  NNH03-03             JUNCTION             16.50      1.60       0.0
  NNH04-01             JUNCTION             16.25      1.69       0.0
  NNH04-02             JUNCTION             18.07      2.07       0.0
  NNH04-03             JUNCTION             19.52      1.55       0.0
  NNH04-04             JUNCTION             26.29      0.89       0.0
  NNH05-01             JUNCTION             17.43      1.96       0.0
  NNH05-02             JUNCTION             19.60      1.50       0.0
  NNH05-03             JUNCTION             27.10      1.54       0.0
  NNH06-01             JUNCTION             17.55      2.05       0.0
  NNH07-01             JUNCTION             15.00      3.54       0.0
  NNH07-02             JUNCTION             18.16      2.74       0.0
  NNH07-03             JUNCTION             23.94      5.35       0.0
  NNH07-04             JUNCTION             28.61      4.74       0.0
  NNH07-05             JUNCTION             31.04      4.73       0.0
  NNH07-06             JUNCTION             31.18      4.55       0.0
  NNH07-07             JUNCTION             31.52      3.31       0.0
  NNH07-08             JUNCTION             31.86      3.30       0.0
  NNH07-09             JUNCTION             33.40      2.79       0.0
  NNH07-10             JUNCTION             34.78      2.22       0.0
  NNH07-11             JUNCTION             35.19      1.79       0.0
  NNH07-12             JUNCTION             37.13      2.12       0.0
  NNH07-13             JUNCTION             38.96      2.64       0.0
  NNH07-14             JUNCTION             40.66      1.85       0.0
  NNH08-01             JUNCTION             27.86      1.78       0.0
  NNH08-02             JUNCTION             38.63      1.72       0.0
  NNH08-03             JUNCTION             39.31      2.00       0.0
  NNH09-01             JUNCTION             27.42      1.48       0.0
  NNH10-01             JUNCTION             34.07      2.30       0.0
  NNH10-02             JUNCTION             37.44      2.57       0.0
  NNH10-03             JUNCTION             39.16      2.24       0.0
  NNH10-04             JUNCTION             44.83      1.67       0.0
  NNH11-01             JUNCTION             35.52      4.79       0.0
  NNH11-02             JUNCTION             37.09      2.37       0.0
  NNH11-03             JUNCTION             38.42      3.15       0.0
  NNH11-04             JUNCTION             40.55      1.78       0.0
  NNH12-01             JUNCTION             19.23      1.78       0.0
  NNH12-02             JUNCTION             31.50      1.96       0.0
  NNH13-01             JUNCTION             20.96      1.63       0.0
  NNH14-01             JUNCTION             21.93      2.40       0.0
  NNH14-02             JUNCTION             28.27      3.14       0.0
  NNH15-01             JUNCTION             23.45      2.65       0.0
  NNH15-02             JUNCTION             24.01      2.61       0.0
  NNH15-03             JUNCTION             24.64      2.40       0.0
  NNH15-04             JUNCTION             27.60      2.10       0.0
  NNH15-05             JUNCTION             29.54      2.58       0.0
  NNH15-06             JUNCTION             36.32      1.98       0.0
  NNH15-07             JUNCTION             46.64      1.94       0.0
  NNH16-01             JUNCTION             30.46      2.19       0.0
  NNH17-01             JUNCTION             24.63      1.82       0.0
  NNH17-02             JUNCTION             27.24      1.24       0.0
  NNH18-01             JUNCTION             24.22      3.00       0.0
  NNH18-02             JUNCTION             26.66      2.20       0.0
  NNH18-03             JUNCTION             30.06      2.09       0.0
  NNH18-04             JUNCTION             33.46      2.50       0.0
  NNH18-05             JUNCTION             35.80      2.10       0.0
  NNH18-06             JUNCTION             43.30      2.33       0.0
  NNH18-07             JUNCTION             46.62      2.14       0.0
  NSC01-01             JUNCTION             13.65      3.81       0.0
  NSC01-02             JUNCTION             14.31      3.33       0.0
  NSC01-03             JUNCTION             14.38      3.30       0.0
  NSC01-04             JUNCTION             14.76      3.02       0.0
  NSC01-05             JUNCTION             14.84      3.15       0.0
  NSC01-06             JUNCTION             14.97      3.32       0.0
  NSC01-07             JUNCTION             15.95      3.08       0.0
  NSC01-07.1           JUNCTION             15.98      3.01       0.0
  NSC01-08             JUNCTION             16.20      3.00       0.0
  NSC01-09             JUNCTION             16.81      3.06       0.0
  NSC01-10             JUNCTION             16.96      3.19       0.0
  NSC01-11             JUNCTION             17.81      3.01       0.0
  NSC01-11.1           JUNCTION             17.63      2.77       0.0
  NSC01-12             JUNCTION             18.32      3.18       0.0
  NSC01-13             JUNCTION             19.32      4.50       0.0
  NSC01-14             JUNCTION             22.43      3.81       0.0
  NSC01-15             JUNCTION             23.31      3.72       0.0
  NSC01-16             JUNCTION             24.53      2.99       0.0
  NSC01-17             JUNCTION             24.93      3.01       0.0
  NSC01-18             JUNCTION             25.60      2.32       0.0
  NSC01-19             JUNCTION             28.62      2.53       0.0
  NSC01-20             JUNCTION             32.98      2.70       0.0
  NSC01-21             JUNCTION             33.22      3.51       0.0
  NSC01-22             JUNCTION             34.26      2.99       0.0
  NSC02-01             JUNCTION             18.51      1.55       0.0
  NSC02-02             JUNCTION             18.75      1.49       0.0
  NSC02-03             JUNCTION             18.59      1.57       0.0
  NSC02-04             JUNCTION             20.77      2.07       0.0
  NSC03-01             JUNCTION             22.12      1.21       0.0
  NSC04-01             JUNCTION             20.11      1.39       0.0
  NSC05-01             JUNCTION             16.55      1.97       0.0
  NSC05-02             JUNCTION             17.13      1.77       0.0
  NSC05-03             JUNCTION             17.65      1.96       0.0
  NSC05-04             JUNCTION             18.20      1.94       0.0
  NSC05-05             JUNCTION             19.20      2.01       0.0
  NSC05-06             JUNCTION             19.45      2.97       0.0
  NSC05-07             JUNCTION             22.30      2.13       0.0
  NSC05-08             JUNCTION             24.32      1.74       0.0
  NSC06-01             JUNCTION             16.15      2.41       0.0
  NSC06-02             JUNCTION             18.42      3.13       0.0
  NSC06-03             JUNCTION             20.85      2.90       0.0
  NSC06-04             JUNCTION             21.35      3.45       0.0
  NSC06-05             JUNCTION             21.65      3.42       0.0
  NSC07-01             JUNCTION             17.53      1.77       0.0
  NSC07-02             JUNCTION             18.15      2.70       0.0
  NSC07-03             JUNCTION             20.12      1.55       0.0
  NSC07-04             JUNCTION             20.28      2.14       0.0
  NSC08-01             JUNCTION             22.65      3.22       0.0
  NSC08-02             JUNCTION             26.41      3.46       0.0
  NSC08-03             JUNCTION             28.15      5.01       0.0
  NSC09-01             JUNCTION             19.13      1.79       0.0
  NSC09-02             JUNCTION             19.36      1.93       0.0
  NSC10-00             JUNCTION             16.66      2.78       0.0
  NSC10-01             JUNCTION             17.10      2.79       0.0
  NSC10-02             JUNCTION             17.43      3.03       0.0
  NSC10-03             JUNCTION             17.69      2.84       0.0
  NSC10-04             JUNCTION             17.94      2.75       0.0
  NSC10-05             JUNCTION             18.94      2.56       0.0
  NSC10-06             JUNCTION             21.50      2.30       0.0
  NSC10-07             JUNCTION             22.40      2.48       0.0
  NSC10-08             JUNCTION             24.04      2.47       0.0
  NSC10-09             JUNCTION             24.62      2.35       0.0
  NSC10-10             JUNCTION             26.06      2.08       0.0
  NSC10-11             JUNCTION             26.98      4.40       0.0
  NSC10-12             JUNCTION             29.29      2.56       0.0
  NSC10-13             JUNCTION             31.78      2.64       0.0
  NSC10-14             JUNCTION             37.50      3.13       0.0
  NSC10-15             JUNCTION             40.68      3.55       0.0
  NSC10-16             JUNCTION             53.08      3.30       0.0
  NSC10-17             JUNCTION             54.65      2.67       0.0
  NSC11-01             JUNCTION             19.12      2.25       0.0
  NSC11-02             JUNCTION             22.85      2.17       0.0
  NSC11-03             JUNCTION             24.67      1.85       0.0
  NSC11-04             JUNCTION             28.44      3.32       0.0
  NSC11-05             JUNCTION             30.83      4.59       0.0
  NSC12-01             JUNCTION             27.13      2.83       0.0
  NSC12-02             JUNCTION             30.76      2.96       0.0
  NSC12-03             JUNCTION             35.54      1.96       0.0
  NSC12-04             JUNCTION             42.33      3.76       0.0
  NSC12-05             JUNCTION             43.12      3.54       0.0
  NSC13-01             JUNCTION             28.81      1.57       0.0
  NSC13-02             JUNCTION             29.29      2.78       0.0
  NSC13-03             JUNCTION             35.73      2.12       0.0
  NSC14-01             JUNCTION             26.05      2.47       0.0
  NSC15-00.1           JUNCTION             12.47      7.19       0.0
  NSC15-00.2           JUNCTION             12.19      5.76       0.0
  NSC15-00.3           JUNCTION             12.48      3.35       0.0
  NSC15-01             JUNCTION             13.08      3.41       0.0
  NSC15-02             JUNCTION             14.69      3.35       0.0
  NSC15-03             JUNCTION             14.82      4.08       0.0
  NSC15-04             JUNCTION             15.26      4.86       0.0
  NSC15-05             JUNCTION             15.66      4.70       0.0
  NSC15-06             JUNCTION             15.82      3.30       0.0
  NSC15-06.1           JUNCTION             15.88      3.42       0.0
  NSC15-07             JUNCTION             15.85      3.25       0.0
  NSC15-08             JUNCTION             14.65      4.47       0.0
  NSC16-01             JUNCTION             17.29      2.93       0.0
  NSC16-02             JUNCTION             17.30      3.29       0.0
  NSC16-03             JUNCTION             18.64      3.44       0.0
  NSC16-04             JUNCTION             23.15      1.96       0.0
  NSC16-05             JUNCTION             25.46      2.90       0.0
  NSC17-01             JUNCTION             22.82      5.44       0.0
  NSC18-01             JUNCTION             16.32      2.18       0.0
  NSC18-02             JUNCTION             16.74      1.77       0.0
  NSC18-03             JUNCTION             17.21      1.70       0.0
  NSC19-01             JUNCTION             16.19      3.08       0.0
  NSC19-02             JUNCTION             16.34      2.95       0.0
  NSC19-03             JUNCTION             16.38      2.97       0.0
  NSC19-04             JUNCTION             16.39      3.00       0.0
  NSC19-05             JUNCTION             16.39      3.01       0.0
  NSC19-06             JUNCTION             16.90      3.20       0.0
  NSC19-07             JUNCTION             17.80      3.30       0.0
  NSC19-08             JUNCTION             18.42      2.92       0.0
  NSC19-09             JUNCTION             19.10      2.60       0.0
  NSC19-10             JUNCTION             21.42      3.10       0.0
  NSC19-11             JUNCTION             24.66      3.36       0.0
  NSC19-12             JUNCTION             29.52      4.47       0.0
  NSC20-01             JUNCTION             20.31      3.42       0.0
  NSC20-02             JUNCTION             21.27      3.35       0.0
  NSC20-03             JUNCTION             23.00      2.62       0.0
  NSC20-04             JUNCTION             23.75      2.34       0.0
  NSC20-05             JUNCTION             24.35      2.55       0.0
  NSC20-06             JUNCTION             25.15      2.51       0.0
  NSC20-07             JUNCTION             28.32      5.00       0.0
  NSC20-08             JUNCTION             31.12      2.67       0.0
  NSC20-09             JUNCTION             31.25      2.87       0.0
  NSC20-10             JUNCTION             31.50      2.36       0.0
  NSC21-01             JUNCTION             31.46      1.83       0.0
  NSC21-02             JUNCTION             32.76      1.91       0.0
  NSC21-03             JUNCTION             34.26      2.05       0.0
  NSC21-04             JUNCTION             40.19      2.80       0.0
  NSC21-05             JUNCTION             43.08      2.60       0.0
  NSC21-06             JUNCTION             48.15      2.14       0.0
  NSC22-01             JUNCTION             31.70      1.56       0.0
  NSC23-01             JUNCTION             25.52      2.74       0.0
  NSC23-02             JUNCTION             27.98      2.42       0.0
  NSC23-03             JUNCTION             30.89      2.42       0.0
  NSC23-04             JUNCTION             34.85      2.82       0.0
  NSR01-00             JUNCTION              9.52      5.88       0.0
  NSR01-01             JUNCTION             10.00      4.90       0.0
  NSR01-02             JUNCTION             10.50      2.48       0.0
  NSR01-03             JUNCTION              8.96      4.14       0.0
  NSR01-05             JUNCTION             11.76      1.79       0.0
  NSR01-06             JUNCTION             12.04      1.80       0.0
  NSR01-07             JUNCTION             13.10      1.86       0.0
  NSR01-08             JUNCTION             19.33      1.60       0.0
  NSR01-09             JUNCTION             19.26      1.95       0.0
  NSR01-10             JUNCTION             19.87      1.67       0.0
  NSR01-11             JUNCTION             22.34      1.89       0.0
  NSR02-02             JUNCTION              7.82      5.61       0.0
  NSR02-03             JUNCTION              8.62      4.70       0.0
  NSR02-04             JUNCTION             10.40      3.05       0.0
  NSR02-05             JUNCTION             10.84      3.12       0.0
  NTP00                JUNCTION              9.26     18.74       0.0
  NTP01                JUNCTION              9.21     74.82       0.0
  NYS01-02             JUNCTION             13.13      3.98       0.0
  NYS01-02.1           JUNCTION             12.20      4.01       0.0
  NYS01-02.2           JUNCTION             12.28      4.02       0.0
  NYS01-02.3           JUNCTION             12.39      3.99       0.0
  NYS01-02.4           JUNCTION             12.69      3.69       0.0
  NYS0102.5            JUNCTION             12.39      3.99       0.0
  NYS01-02.6           JUNCTION             12.36      3.89       0.0
  NYS01-02.7           JUNCTION             12.66      3.59       0.0
  NYS01-02.8           JUNCTION             12.36      3.89       0.0
  NYS01-03             JUNCTION             13.99      3.44       0.0
  NYS01-03.1           JUNCTION             13.43      3.95       0.0
  NYS01-04             JUNCTION             14.19      3.30       0.0
  NYS01-05             JUNCTION             14.47      3.11       0.0
  NYS01-06             JUNCTION             14.59      3.07       0.0
  NYS01-07             JUNCTION             14.63      3.08       0.0
  NYS01-08             JUNCTION             14.78      2.93       0.0
  NYS01-09             JUNCTION             14.78      2.67       0.0
  NYS01-10             JUNCTION             15.00      3.00       0.0
  NYS01-11             JUNCTION             17.22      3.78       0.0
  NYS01-12             JUNCTION             18.32      3.28       0.0
  NYS01-13             JUNCTION             19.20      2.80       0.0
  NYS01-14             JUNCTION             20.54      1.77       0.0
  NYS01-15             JUNCTION             20.60      2.66       0.0
  NYS01-16             JUNCTION             22.67      1.79       0.0
  NYS01-17             JUNCTION             23.20      2.80       0.0
  NYS01-18             JUNCTION             23.58      2.77       0.0
  NYS01-19             JUNCTION             24.20      2.38       0.0
  NYS02-00             JUNCTION             12.20      4.55       0.0
  NYS02-01             JUNCTION             12.82      4.32       0.0
  NYS02-02             JUNCTION             15.12      1.94       0.0
  NYS02-03             JUNCTION             15.33      2.07       0.0
  NYS02-04             JUNCTION             18.35      1.58       0.0
  NYS02-05             JUNCTION             23.58      1.18       0.0
  NYS02-06             JUNCTION             28.78      1.18       0.0
  NYS03-01             JUNCTION             15.95      1.43       0.0
  NYS05-00             JUNCTION             12.91      4.39       0.0
  NYS05-02             JUNCTION             14.46      3.16       0.0
  NYS05-03             JUNCTION             15.58      1.95       0.0
  NYS05-04             JUNCTION             15.59      1.85       0.0
  NYS05-05             JUNCTION             15.71      1.71       0.0
  NYS05-06             JUNCTION             18.69      2.93       0.0
  NYS05-07             JUNCTION             20.37      2.67       0.0
  NYS05-08             JUNCTION             24.85      1.29       0.0
  NYS05-09             JUNCTION             27.30      2.19       0.0
  NYS05-10             JUNCTION             27.96      1.86       0.0
  NYS05-11             JUNCTION             28.03      1.90       0.0
  NYS06-01             JUNCTION             16.45      1.17       0.0
  NYS07-01             JUNCTION             16.16      1.74       0.0
  NYS07-02             JUNCTION             17.41      1.60       0.0
  NYS08-02             JUNCTION             15.60      4.00       0.0
  NYS08-03             JUNCTION             16.05      3.55       0.0
  NYS08-04             JUNCTION             17.25      2.35       0.0
  NYS08-05             JUNCTION             19.20      3.25       0.0
  NYS08-06             JUNCTION             19.24      2.42       0.0
  NYS08-07             JUNCTION             19.65      2.62       0.0
  NYS08-08             JUNCTION             24.15      3.00       0.0
  NYS08-09             JUNCTION             27.54      3.19       0.0
  NYS08-10             JUNCTION             27.95      2.76       0.0
  NYS08-11             JUNCTION             29.19      1.88       0.0
  NYS08-12             JUNCTION             32.38      3.38       0.0
  NYS09-01             JUNCTION             28.66      1.55       0.0
  NYS09-02             JUNCTION             28.82      1.47       0.0
  NYS10-01             JUNCTION             37.09      2.29       0.0
  NYS10-02             JUNCTION             43.78      2.22       0.0
  NYS11-01             JUNCTION             20.81      3.07       0.0
  NYS11-02             JUNCTION             25.11      2.34       0.0
  NYS11-03             JUNCTION             30.58      2.56       0.0
  NYS11-04             JUNCTION             34.81      2.43       0.0
  NYS12-01             JUNCTION             19.80      3.00       0.0
  NYS12-02             JUNCTION             21.41      3.85       0.0
  NYS12-03             JUNCTION             22.57      2.13       0.0
  NYS12-04             JUNCTION             24.19      2.20       0.0
  NYS12-05             JUNCTION             26.09      2.45       0.0
  NYS12-06             JUNCTION             28.10      1.65       0.0
  NYS13-01             JUNCTION             15.11      2.62       0.0
  NYS13-02             JUNCTION             16.44      2.71       0.0
  NYS13-03             JUNCTION             20.06      2.14       0.0
  NYS13-04             JUNCTION             24.34      2.82       0.0
  NYS13-05             JUNCTION             24.55      3.37       0.0
  NYS13-06             JUNCTION             24.70      3.46       0.0
  NYS13-07             JUNCTION             24.80      3.41       0.0
  NYS13-08             JUNCTION             25.09      1.71       0.0
  NYS14-01             JUNCTION             17.18      1.06       0.0
  NYS14-02             JUNCTION             17.98      1.58       0.0
  NYS14-03             JUNCTION             20.78      1.36       0.0
  NYS15-01             JUNCTION             16.50      1.68       0.0
  NYS15-02             JUNCTION             17.00      2.04       0.0
  NYS15-03             JUNCTION             17.32      2.01       0.0
  NYS16-01             JUNCTION             24.37      1.74       0.0
  NYS16-02             JUNCTION             24.91      1.70       0.0
  NYS16-03             JUNCTION             25.74      1.79       0.0
  NYS16-04             JUNCTION             27.58      2.04       0.0
  NYS17-01             JUNCTION             24.67      2.70       0.0
  NYS18-01             JUNCTION             17.61      1.91       0.0
  NYS18-02             JUNCTION             18.38      2.20       0.0
  NYS90                JUNCTION             11.87      4.46       0.0
  NYS92-01             JUNCTION             12.28      4.02       0.0
  NYS92-01.1           JUNCTION             12.20      4.01       0.0
  NYS95-00             JUNCTION             12.47      4.03       0.0
  NYS95-01             JUNCTION             12.30      4.44       0.0
  NYS96-1.2            JUNCTION             12.10      4.05       0.0
  NYS96-2.2            JUNCTION             12.40      3.75       0.0
  NYS99-02             JUNCTION             12.50      4.61       0.0
  NYS99-03             JUNCTION             12.58      4.39       0.0
  NYS99-04             JUNCTION             15.10      3.20       0.0
  NYS99-05             JUNCTION             15.11      3.00       0.0
  NYS99-06             JUNCTION             13.04      4.24       0.0
  ooooo                JUNCTION             10.81      8.31       0.0
  SDCM_001             JUNCTION             40.32      7.09       0.0
  SDCM_003             JUNCTION             36.44      6.20       0.0
  SDCM_004             JUNCTION             34.88      6.27       0.0
  SDCM_006             JUNCTION             26.78      3.47       0.0
  SDCM_007             JUNCTION             24.49      3.69       0.0
  SDCM_008             JUNCTION             23.37      3.31       0.0
  SDCM_009             JUNCTION             21.55      3.35       0.0
  SDCM_010             JUNCTION             20.72      4.38       0.0
  SDCM_011             JUNCTION             18.70      3.05       0.0
  SDCM_012             JUNCTION             15.74      2.85       0.0
  SDCM_013             JUNCTION             15.15      3.27       0.0
  SDCM_014             JUNCTION             14.74      3.41       0.0
  SDCM_016             JUNCTION             13.57      4.04       0.0
  SDCM_016_1           JUNCTION             12.80      3.60       0.0
  SDCM_017             JUNCTION             12.57      4.32       0.0
  SDCM_017_1           JUNCTION             11.81      4.19       0.0
  SDCM_020             JUNCTION             11.39      4.01       0.0
  SDCM_020_2           JUNCTION             11.16      4.07       0.0
  SDCM_023             JUNCTION             10.76      4.34       0.0
  SDCM_024             JUNCTION             10.51      4.55       0.0
  SDCM_025             JUNCTION             10.07      4.79       0.0
  SDCM_026             JUNCTION             10.06      4.87       0.0
  SDCM_026_1           JUNCTION              9.64      5.66       0.0
  SDCM_027             JUNCTION              9.58      5.96       0.0
  SDCM_028             JUNCTION              9.03      5.65       0.0
  SDCM_031             JUNCTION              7.95      6.34       0.0
  SDCM_032             JUNCTION              7.41      6.89       0.0
  SDCM_033             JUNCTION              6.76      7.83       0.0
  SDCM_034             JUNCTION              6.51      8.15       0.0
  SDCM_035             JUNCTION              6.39      8.21       0.0
  SDCM_036             JUNCTION              6.19      8.49       0.0
  SDCM_037             JUNCTION              5.96      9.08       0.0
  SDCM_038             JUNCTION              5.40      9.95       0.0
  SDCM_039             JUNCTION              5.22      9.88       0.0
  SDCM_039_1           JUNCTION              5.21     11.29       0.0
  Temp                 JUNCTION              6.08     10.92       0.0
  NBPC-00              OUTFALL               2.39     15.14       0.0
  Str_BP               STORAGE               4.50      5.90       0.0
  Str_Sc               STORAGE               3.20     12.69       0.0
  Str_SR               STORAGE               5.50      6.10       0.0
  Str_SP               STORAGE               2.00      9.50       0.0
  
  
  ************
  Link Summary
  ************
  Name             From Node        To Node          Type            Length    %Slope Roughness
  ---------------------------------------------------------------------------------------------
  LBP01-30         NBP01-31         NBP01-30         CONDUIT          242.4    2.0054    0.0150
  LBP01-29         NBP01-30         NBP01-29         CONDUIT           77.3    2.7562    0.0150
  LBP01-28         NBP01-29         NBP01-28         CONDUIT          134.8    0.5714    0.0150
  LBP01-27         NBP01-28         NBP01-27         CONDUIT           30.4    0.7244    0.0150
  LBP01-26         NBP01-27         NBP01-26         CONDUIT           76.6    0.2611    0.0150
  LBP01-25         NBP01-26         NBP01-25         CONDUIT           81.9    0.3296    0.0150
  216.1            NBP01-25         NBP01-24         CONDUIT          186.1    0.3440    0.0150
  p-01             NBP01-25         NBP01-24         CONDUIT          186.1    0.3440    0.0150
  218.1            NBP01-24         NBP01-23         CONDUIT          198.1    0.4694    0.0150
  p-02             NBP01-24         NBP01-23         CONDUIT          198.1    0.4694    0.0150
  220.1            NBP01-23         NBP01-22.1       CONDUIT          159.6    0.5512    0.0150
  p-03             NBP01-23         NBP01-22.1       CONDUIT          159.6    0.5512    0.0150
  222.1            NBP01-22         NBP01-21         CONDUIT           56.8    0.6520    0.0150
  p-05             NBP01-22         NBP01-21         CONDUIT           56.8    0.6520    0.0150
  226.1            NBP01-19         NBP01-18         CONDUIT          117.7    0.0170    0.0150
  L-05             NBP01-19         NBP01-18         CONDUIT          117.7    0.0170    0.0150
  228.1            NBP01-18         NBP01-17         CONDUIT           66.3    0.0302    0.0150
  L-04             NBP01-18         NBP01-17         CONDUIT           66.3    0.0302    0.0150
  230.1            NBP01-17         NBP01-16         CONDUIT          133.0    0.0601    0.0150
  L-03             NBP01-17         NBP01-16         CONDUIT          133.0    0.0601    0.0150
  232.1            NBP01-16         NBP01-15         CONDUIT           92.3    0.0433    0.0150
  L-02             NBP01-16         NBP01-15         CONDUIT           92.3    0.0433    0.0150
  234.1            NBP01-15         NBP01-14.1       CONDUIT          133.4    0.0525    0.0150
  L-01             NBP01-15         NBP01-14.1       CONDUIT          133.4    0.0525    0.0150
  LBP01-13         NBP01-14         NBP01-13         CONDUIT          105.1    0.4377    0.0150
  LBP01-12         NBP01-13         NBP01-12         CONDUIT          177.6    0.1520    0.0150
  LBP01-11         NBP01-12         NBP01-11         CONDUIT           78.4    0.4845    0.0150
  LBP01-10         NBP01-11         NBP01-10         CONDUIT           48.7    0.0821    0.0150
  LBP01-09         NBP01-10         NBP01-09         CONDUIT          255.8    0.1251    0.0150
  LBP01-08         NBP01-09         NBP01-08         CONDUIT          333.5    0.1080    0.0150
  LBP01-07         NBP01-08         NBP01-07         CONDUIT          183.5    0.0436    0.0150
  LBP01-06         NBP01-07         NBP01-06         CONDUIT          161.9    0.0556    0.0150
  LBP01-05         NBP01-06         NBP01-05         CONDUIT          379.9    0.1343    0.0150
  LBP01-04         NBP01-05         NBP01-04         CONDUIT          278.1    0.1510    0.0150
  LBP01-03         NBP01-04         NBP01-03         CONDUIT          288.4    0.0451    0.0150
  LBP15-00         NBP15-01         NBP01-27         CONDUIT          164.2    0.1401    0.0150
  LBP02-03         NBP02-04         NBP02-03         CONDUIT          259.2    0.5054    0.0150
  LBP02-02         NBP02-03         NBP02-02         CONDUIT           23.8    1.0072    0.0150
  LBP02-01         NBP02-02         NBP02-01         CONDUIT          232.8    0.6571    0.0150
  LBP02-00         NBP02-01         NBP01-04         CONDUIT           59.6    0.5029    0.0150
  LBP03-03         NBP03-04         NBP03-03         CONDUIT           31.2    1.0888    0.0150
  LBP03-02         NBP03-03         NBP03-02         CONDUIT          112.1    0.8745    0.0150
  LBP03-01         NBP03-02         NBP03-01         CONDUIT           54.2    0.2030    0.0150
  LBP03-00         NBP03-01         NBP01-05         CONDUIT          167.6    0.2207    0.0150
  LBP05-02         NBP05-03         NBP05-02         CONDUIT          263.0    0.4562    0.0150
  LBP05-01         NBP05-02         NBP05-01         CONDUIT          228.5    0.3020    0.0150
  LBP05-00         NBP05-01         NBP04-04         CONDUIT          213.2    0.0281    0.0150
  LBP04-03         NBP04-04         NBP04-03         CONDUIT           79.0    0.0127    0.0150
  LBP04-02         NBP04-03         NBP04-02         CONDUIT          128.9    0.2871    0.0150
  LBP04-01         NBP04-02         NBP04-01         CONDUIT           33.0    1.0307    0.0150
  LBP04-00         NBP04-01         NBP01-06         CONDUIT          237.2    0.2951    0.0150
  LBP04-12         NBP04-13         NBP04-12         CONDUIT           74.1    0.0809    0.0150
  LBP04-11         NBP04-12         NBP04-11         CONDUIT          105.4    0.4647    0.0150
  LBP04-10         NBP04-11         NBP04-10         CONDUIT          169.0    0.3254    0.0150
  LBP04-09         NBP04-10         NBP04-09         CONDUIT          143.1    0.1398    0.0150
  LBP04-08         NBP04-09         NBP04-08         CONDUIT          248.5    0.0402    0.0150
  LBP04-07         NBP04-08         NBP04-07         CONDUIT           40.2    0.1491    0.0150
  LBP04-06         NBP04-07         NBP04-06         CONDUIT           52.0    0.1730    0.0150
  LBP04-05         NBP04-06         NBP04-05         CONDUIT          174.3    0.1607    0.0150
  LBP04-04         NBP04-05         NBP04-04         CONDUIT           75.0    0.1600    0.0150
  LBP06-11         NBP06-12         NBP06-11         CONDUIT          188.3    0.7805    0.0150
  LBP06-09         NBP06-11         NBP06-09         CONDUIT          209.9    0.0333    0.0150
  LBP06-07         NBP06-08         NBP06-07         CONDUIT           99.8    0.6313    0.0150
  LBP06-06         NBP06-07         NBP06-06         CONDUIT          143.2    0.0908    0.0150
  LBP06-05         NBP06-06         NBP06-05         CONDUIT          316.6    0.2622    0.0150
  LBP06-04.1       NBP06-05         NBP06-04         CONDUIT          122.0    0.2624    0.0150
  LBP06-04.2       NBP06-05         NBP06-04         CONDUIT          124.3    0.2413    0.0150
  LBP06-03.1       NBP06-04         NBP06-03         CONDUIT          108.1    0.0370    0.0150
  LBP06-03.2       NBP06-04         NBP06-03         CONDUIT          108.0    0.0556    0.0150
  LBP06-02         NBP06-03         NBP06-02         CONDUIT          100.6    0.4870    0.0150
  LBP06-01         NBP06-02         NBP06-01         CONDUIT           79.7    0.2635    0.0150
  LBP06-00.1       NBP06-01         NBP01-08         CONDUIT          268.6    0.2309    0.0150
  LBP06-00.2       NBP06-01         NBP01-08         CONDUIT          271.0    0.1919    0.0150
  LBP08-05         NBP08-06         NBP08-03         CONDUIT           56.9    0.4918    0.0150
  LBP08-02         NBP08-03         NBP08-02         CONDUIT          122.4    0.9966    0.0150
  LBP08-00         NBP08-01         NBP06-05         CONDUIT          208.5    0.7913    0.0150
  LBP07-01         NBP07-02         NBP07-01         CONDUIT           88.5    0.3730    0.0150
  LBP07-00         NBP07-01         NBP06-08         CONDUIT           80.3    0.4609    0.0150
  LBP09-01         NBP09-02         NBP09-01         CONDUIT          237.5    1.7477    0.0150
  LBP09-00         NBP09-01         NBP01-09         CONDUIT          147.6    2.5747    0.0150
  LBP10-00         NBP10-01         NBP09-01         CONDUIT           90.7    2.6249    0.0150
  LBP12-01         NBP12-02         NBP12-01         CONDUIT          108.4    3.2755    0.0150
  LBP12-00         NBP12-01         NBP11-06         CONDUIT          109.3    2.2875    0.0150
  LBP11-05.1       NBP11-06         NBP11-05.1       CONDUIT           60.7    0.3129    0.0150
  LBP11-04         NBP11-05         NBP11-04         CONDUIT           53.0    0.2639    0.0150
  LBP11-03         NBP11-04         NBP11-03         CONDUIT           67.6    0.9912    0.0150
  LBP11-02         NBP11-03         NBP11-02         CONDUIT           77.6    1.5341    0.0150
  LBP11-01         NBP11-02         NBP11-01         CONDUIT           58.2    1.2550    0.0150
  LBP11-00         NBP11-01         NBP01-13         CONDUIT           77.7    0.7336    0.0150
  LBP11-06         NBP11-07         NBP11-06         CONDUIT           97.3    0.5756    0.0150
  LBP13-13         NBP13-14         NBP13-13         CONDUIT           44.5    0.4496    0.0150
  LBP13-12         NBP13-13         NBP13-12         CONDUIT           43.3    0.3000    0.0150
  LBP13-11         NBP13-12         NBP13-11         CONDUIT           86.5    0.7973    0.0150
  LBP13-10         NBP13-11         NBP13-10         CONDUIT          102.0    0.5194    0.0150
  LBP13-09         NBP13-10         NBP13-09         CONDUIT           97.8    0.7160    0.0150
  LBP13-08         NBP13-09         NBP13-08         CONDUIT           58.5    1.1448    0.0150
  LBP13-07         NBP13-08         NBP13-07         CONDUIT           84.2    1.0813    0.0150
  LBP13-06         NBP13-07         NBP13-06         CONDUIT          198.2    0.5702    0.0150
  LBP13-05         NBP13-06         NBP13-05         CONDUIT           71.2    0.3653    0.0150
  LBP13-04         NBP13-05         NBP13-04         CONDUIT          107.6    0.4183    0.0150
  LBP13-03         NBP13-04         NBP13-03         CONDUIT           65.9    0.0759    0.0150
  LBP13-02         NBP13-03         NBP13-02         CONDUIT          115.2    0.0868    0.0150
  LBP13-01.2       NBP13-02         NBP13-01.2       CONDUIT           51.1    0.5869    0.0150
  LBP13-00         NBP13-01         NBP01-22         CONDUIT          159.0    0.4466    0.0150
  LBP14-00         NBP14-01         NBP13-11         CONDUIT           54.7    0.0365    0.0150
  403.1            NBP01-21         NBP01-20.2       CONDUIT           63.5    0.4255    0.0150
  p-06             NBP01-21         NBP01-20.2       CONDUIT           63.5    0.4255    0.0150
  LBP08-01         NBP08-02         NBP08-01         CONDUIT           48.9    0.8596    0.0150
  LBP08-03         NBP08-04         NBP08-03         CONDUIT           56.7    0.5647    0.0150
  LBP06-08         NBP06-09         NBP06-08         CONDUIT           52.8    0.0379    0.0150
  SCpump_in        NBP01-20         Str_Sc           CONDUIT          135.0    0.0741    0.0150
  LNH01-28         NNH01-29         NNH01-28         CONDUIT           64.7    4.1322    0.0150
  LNH01-27         NNH01-28         NNH01-27         CONDUIT          107.7    4.4422    0.0150
  LNH01-26         NNH01-27         NNH01-26         CONDUIT           15.7   18.3563    0.0150
  LNH01-25         NNH01-26         NNH01-25         CONDUIT           81.1    3.4784    0.0150
  LNH01-24         NNH01-25         NNH01-24         CONDUIT           23.6    0.6353    0.0150
  LNH01-23         NNH01-24         NNH01-23         CONDUIT          116.5    0.6524    0.0150
  LNH01-22         NNH01-23         NNH01-22         CONDUIT          137.5    1.3674    0.0150
  LNH01-21         NNH01-22         NNH01-21         CONDUIT           66.8    0.0005    0.0150
  LNH01-20         NNH01-21         NNH01-20         CONDUIT           23.8    6.4733    0.0150
  LNH01-19         NNH01-20         NNH01-19         CONDUIT          126.7    4.5829    0.0150
  LNH01-18         NNH01-19         NNH01-18         CONDUIT           48.1    1.0404    0.0150
  LNH01-17         NNH01-18         NNH01-17         CONDUIT           52.0    0.9618    0.0150
  LNH01-16         NNH01-17         NNH01-16         CONDUIT          115.3    0.3468    0.0150
  LNH01-15         NNH01-16         NNH01-15         CONDUIT          125.6    0.2866    0.0150
  LNH01-14         NNH01-15         NNH01-14         CONDUIT           82.2    0.0122    0.0150
  LNH01-13         NNH01-14         NNH01-13         CONDUIT          113.1    0.0265    0.0150
  LNH01-12         NNH01-13         NNH01-12         CONDUIT           56.7    0.1765    0.0150
  543.1            NNH01-12         NNH01-11         CONDUIT           92.7    0.5285    0.0150
  q-01             NNH01-12         NNH01-11         CONDUIT           92.7    0.5285    0.0150
  545.1            NNH01-11         NNH01-10         CONDUIT          165.1    0.0364    0.0150
  q-02             NNH01-11         NNH01-10         CONDUIT          165.1    0.0364    0.0150
  547.1            NNH01-10         NNH01-09         CONDUIT           62.6    0.0479    0.0150
  q-03             NNH01-10         NNH01-09         CONDUIT           62.6    0.0479    0.0150
  549.1            NNH01-09         NNH01-07.1       CONDUIT           62.0    0.1935    0.0150
  q-04             NNH01-09         NNH01-07.1       CONDUIT           62.0    0.1935    0.0150
  553.1            NNH01-07         NNH01-06         CONDUIT          130.8    0.0306    0.0150
  q-06             NNH01-07         NNH01-06         CONDUIT          130.8    0.0306    0.0150
  LNH01-05.1       NNH01-06         NNH01-05.1       CONDUIT           14.4   -0.7613    0.0150
  LNH01-04         NNH01-05         NNH01-04         CONDUIT          124.9    0.0801    0.0150
  LNH01-03         NNH01-04         NNH01-03         CONDUIT           84.2    0.1901    0.0150
  LNH01-02         NNH01-03         NNH01-02         CONDUIT           46.3    0.4100    0.0150
  LNH01-01         NNH01-02         NNH01-01         CONDUIT          226.3    0.1635    0.0150
  LNH02-01         NNH02-02         NNH02-01         CONDUIT           52.6    8.2776    0.0150
  LNH02-00         NNH02-01         NNH01-02         CONDUIT           96.4    1.4521    0.0150
  LNH03-02         NNH03-03         NNH03-02         CONDUIT           57.0    1.7553    0.0150
  LNH03-01         NNH03-02         NNH03-01         CONDUIT           60.1    0.3329    0.0150
  LNH03-00         NNH03-01         NNH02-01         CONDUIT           53.3    0.2812    0.0150
  LNH04-03         NNH04-04         NNH04-03         CONDUIT          111.8    5.8603    0.0150
  LNH04-02         NNH04-03         NNH04-02         CONDUIT           41.1    3.1654    0.0150
  LNH04-01         NNH04-02         NNH04-01         CONDUIT           90.2    2.0190    0.0150
  LNH04-00         NNH04-01         NNH02-01         CONDUIT           65.4    1.8967    0.0150
  LNH05-02         NNH05-03         NNH05-02         CONDUIT          113.8    6.1877    0.0150
  LNH05-01         NNH05-02         NNH05-01         CONDUIT           48.1    4.5179    0.0150
  LNH05-00         NNH05-01         NNH01-09         CONDUIT           91.8    2.1346    0.0150
  LNH06-00         NNH06-01         NNH01-10         CONDUIT           71.9    4.6650    0.0150
  LNH07-13         NNH07-14         NNH07-13         CONDUIT           37.0    1.5129    0.0150
  LNH07-12         NNH07-13         NNH07-12         CONDUIT           97.3    1.8803    0.0150
  LNH07-11         NNH07-12         NNH07-11         CONDUIT          108.9    1.5432    0.0150
  LNH07-10         NNH07-11         NNH07-10         CONDUIT           54.9    0.7467    0.0150
  LNH07-09         NNH07-10         NNH07-09         CONDUIT           47.7    1.5299    0.0150
  LNH07-08         NNH07-09         NNH07-08         CONDUIT          110.7    1.3915    0.0150
  LNH07-07         NNH07-08         NNH07-07         CONDUIT           19.0    1.7898    0.0150
  LNH07-06         NNH07-07         NNH07-06         CONDUIT           64.4    0.5278    0.0150
  LNH07-05         NNH07-06         NNH07-05         CONDUIT           27.1    0.5174    0.0150
  LNH07-04         NNH07-05         NNH07-04         CONDUIT           95.2    2.5536    0.0150
  LNH07-03         NNH07-04         NNH07-03         CONDUIT          128.8    3.6273    0.0150
  LNH07-02         NNH07-03         NNH07-02         CONDUIT          167.6    3.4501    0.0150
  LNH07-01         NNH07-02         NNH07-01         CONDUIT          108.4    2.9153    0.0150
  LNH07-00         NNH07-01         NNH01-12         CONDUIT          111.3    1.1140    0.0150
  LNH11-03         NNH11-04         NNH11-03         CONDUIT           36.4    5.3910    0.0150
  LNH11-02         NNH11-03         NNH11-02         CONDUIT          108.2    1.2288    0.0150
  LNH11-01         NNH11-02         NNH11-01         CONDUIT          113.1    1.1937    0.0150
  LNH11-00         NNH11-01         NNH10-01         CONDUIT          100.3    1.1471    0.0150
  LNH10-00         NNH10-01         NNH07-09         CONDUIT           31.7    2.1147    0.0150
  LNH10-03         NNH10-04         NNH10-03         CONDUIT          111.4    5.0977    0.0150
  LNH10-02         NNH10-03         NNH10-02         CONDUIT           73.5    1.5786    0.0150
  LNH10-01         NNH10-02         NNH10-01         CONDUIT           74.6    4.1182    0.0150
  LNH08-02         NNH08-03         NNH08-02         CONDUIT           36.9    1.4640    0.0150
  LNH08-01         NNH08-02         NNH08-01         CONDUIT           56.9   18.6698    0.0150
  LNH08-00         NNH08-01         NNH07-01         CONDUIT           84.8   14.5502    0.0150
  LNH09-00         NNH09-01         NNH07-03         CONDUIT           36.0    8.3133    0.0150
  LNH12-01         NNH12-02         NNH12-01         CONDUIT           79.6   15.6091    0.0150
  LNH12-00         NNH12-01         NNH01-16         CONDUIT           82.4    4.1034    0.0150
  LNH13-00         NNH13-01         NNH01-18         CONDUIT          120.0    3.6354    0.0150
  LNH14-01         NNH14-02         NNH14-01         CONDUIT           72.3    8.7378    0.0150
  LNH14-00         NNH14-01         NNH01-19         CONDUIT          104.4    4.7293    0.0150
  LNH15-06         NNH15-07         NNH15-06         CONDUIT          193.8    5.3326    0.0150
  LNH15-05         NNH15-06         NNH15-05         CONDUIT          141.2    4.8018    0.0150
  LNH15-04         NNH15-05         NNH15-04         CONDUIT           69.6    2.7173    0.0150
  LNH15-03         NNH15-04         NNH15-03         CONDUIT           96.2    3.0588    0.0150
  LNH15-02         NNH15-03         NNH15-02         CONDUIT          105.2    0.5896    0.0150
  LNH15-01         NNH15-02         NNH15-01         CONDUIT           13.3    4.0604    0.0150
  LNH15-00         NNH15-01         NNH01-20         CONDUIT           64.3    1.1661    0.0150
  LNH16-00         NNH16-01         NNH15-05         CONDUIT           68.9    1.2913    0.0150
  LNH18-06         NNH18-07         NNH18-06         CONDUIT          109.5    3.0347    0.0150
  LNH18-05         NNH18-06         NNH18-05         CONDUIT          139.1    5.3495    0.0150
  LNH18-04         NNH18-05         NNH18-04         CONDUIT           54.0    4.2963    0.0150
  LNH18-03         NNH18-04         NNH18-03         CONDUIT           89.5    3.7435    0.0150
  LNH18-02         NNH18-03         NNH18-02         CONDUIT           68.2    4.9930    0.0150
  LNH18-01         NNH18-02         NNH18-01         CONDUIT           94.8    2.5208    0.0150
  LNH18-00         NNH18-01         NNH01-22         CONDUIT          120.6    0.2570    0.0150
  LNH17-01         NNH17-02         NNH17-01         CONDUIT          129.4    1.7700    0.0150
  LNH17-00         NNH17-01         NNH01-21         CONDUIT          105.3    0.6551    0.0150
  LBC01-1821       NBC01-19         NBC01-18.2       CONDUIT           63.9    0.5006    0.0150
  LBC01-1822       NBC01-19         NBC01-18.2       CONDUIT           63.9   -0.2190    0.0150
  LBC01-1823       NBC01-19         NBC01-18.2       CONDUIT           63.9   -0.1252    0.0150
  LBC01-16         NBC01-17         NBC01-16         CONDUIT           40.0    0.1000    0.0180
  LBPC-42.1        NBC01-16         NBC01-15         CONDUIT          100.0    0.0900    0.0180
  LBPC-42.2        NBC01-16         NBC01-15         CONDUIT          100.0    0.1000    0.0180
  LBPC-42.3        NBC01-16         NBC01-15         CONDUIT          100.0    0.0900    0.0180
  LBPC-41.1        NBC01-15         NBC01-14         CONDUIT          100.0    0.1100    0.0180
  LBPC-41.2        NBC01-15         NBC01-14         CONDUIT          100.0    0.1100    0.0180
  LBPC-41.3        NBC01-15         NBC01-14         CONDUIT          100.0    0.1100    0.0180
  LBPC-40.1        NBC01-14         NBC01-13         CONDUIT          100.0    0.1000    0.0180
  LBPC-40.2        NBC01-14         NBC01-13         CONDUIT          100.0    0.1000    0.0180
  LBPC-40.3        NBC01-14         NBC01-13         CONDUIT          100.0    0.1000    0.0180
  LBPC-39.21       NBC01-13         NBC01-12         CONDUIT           45.0    0.0667    0.0180
  LBPC-39.22       NBC01-13         NBC01-12         CONDUIT           45.0   -0.1333    0.0180
  LBPC-39.11       NBC01-12         NBC01-11         CONDUIT           55.0    0.0545    0.0180
  LBPC-39.12       NBC01-12         NBC01-11         CONDUIT           55.0   -0.1455    0.0180
  LBPC-38.21       NBC01-11         NBC01-10         CONDUIT           60.0    0.0667    0.0180
  LBPC-38.22       NBC01-11         NBC01-10         CONDUIT           60.0    0.0667    0.0180
  LBPC-38.11       NBC01-10         NBC01-09         CONDUIT           40.0    0.0500    0.0180
  LBPC-38.12       NBC01-10         NBC01-09         CONDUIT           40.0    0.0500    0.0180
  LBPC-37.31       NBC01-09         NBC01-08         CONDUIT           50.0    0.0600    0.0180
  LBPC-37.32       NBC01-09         NBC01-08         CONDUIT           50.0    0.0600    0.0180
  LBPC-37.21       NBC01-08         NBC01-07         CONDUIT           40.0    0.0500    0.0180
  LBPC-37.22       NBC01-08         NBC01-07         CONDUIT           40.0    0.0500    0.0180
  LBPC-37.11       NBC01-07         NBC01-06         CONDUIT           10.0    0.1000    0.0180
  LBPC-37.12       NBC01-07         NBC01-06         CONDUIT           10.0    0.1000    0.0180
  LBPC-36.1        NBC01-06         NBC01-05         CONDUIT          100.0    0.3100    0.0180
  LBPC-36.2        NBC01-06         NBC01-05         CONDUIT          100.0    0.3100    0.0180
  LBPC-35.31       NBC01-05         NBC01-04         CONDUIT           30.0    0.0010    0.0180
  LBPC-35.32       NBC01-05         NBC01-04         CONDUIT           30.0    0.0010    0.0180
  LBPC-35.11       NBC01-04         NBC01-02         CONDUIT           70.0    0.0004    0.0180
  LBPC-35.12       NBC01-04         NBC01-02         CONDUIT           70.0    0.0004    0.0180
  LBPC-34.1        NBC01-02         NBC01-02.1       CONDUIT          100.0    0.1800    0.0180
  LBPC-34.2        NBC01-02         NBC01-02.1       CONDUIT          100.0    0.2300    0.0180
  LBPC-325         NBC01-01         NBC01-00         CONDUIT           50.0    1.5802    0.0180
  LBC04-01         NBC04-02         NBC04-01         CONDUIT           75.2    4.6295    0.0150
  LBC04-00         NBC04-01         NBC01-13         CONDUIT           66.8   11.7759    0.0150
  LBC03-04         NBC03-05         NBC03-04         CONDUIT          152.0    5.8506    0.0150
  LBC03-03         NBC03-04         NBC03-03         CONDUIT           85.3    5.1516    0.0150
  LBC03-02         NBC03-03         NBC03-02         CONDUIT          109.7    5.6893    0.0150
  LBC03-01         NBC03-02         NBC03-01         CONDUIT           48.3    5.7909    0.0150
  LBC03-00         NBC03-01         NBC01-04         CONDUIT           64.9    6.5441    0.0150
  LBC02-00         NBC02-01         NBC01-02         CONDUIT          100.8    1.4093    0.0150
  LBC09-00         NBC09-00         NBPC-18          CONDUIT           86.1    7.6070    0.0150
  LBC10-00         NBC10-00         NBPC-14          CONDUIT            7.0    3.8435    0.0150
  LBC11-02         NBC11-03         NBC11-02         CONDUIT           30.4    4.6056    0.0150
  LBC11-00         NBC11-02         NBPC-12          CONDUIT           35.9    5.5875    0.0150
  LSR01-10         NSR01-11         NSR01-10         CONDUIT           62.3    3.9672    0.0150
  LSR01-09         NSR01-10         NSR01-09         CONDUIT           50.4    1.4489    0.0150
  LSR01-08         NSR01-09         NSR01-08         CONDUIT           54.6   -0.4941    0.0150
  LSR01-07         NSR01-08         NSR01-07         CONDUIT           97.2    6.2577    0.0150
  LSR01-06         NSR01-07         NSR01-06         CONDUIT          137.5    0.7708    0.0150
  LSR01-05         NSR01-06         NSR01-05         CONDUIT           57.5    0.4172    0.0150
  LSR01-03         NSR01-05         NSR01-03         CONDUIT           95.6    0.8471    0.0150
  LSR01-02         NSR01-03         NSR01-02         CONDUIT           68.0    0.6616    0.0150
  LSR01-01         NSR01-02         NSR01-01         CONDUIT           65.3    0.7653    0.0150
  LSR01-00         NSR01-01         NSR01-00         CONDUIT           32.9    1.4582    0.0150
  LSR02-04         NSR02-05         NSR02-04         CONDUIT           87.6    0.5021    0.0150
  LSR02-03         NSR02-04         NSR02-03         CONDUIT           61.4    0.4560    0.0150
  LSR02-02         NSR02-03         NSR02-02         CONDUIT          105.6    0.0095    0.0150
  InStr_Sr         NSR02-02         Str_SR           CONDUIT           10.0    0.1000    0.0150
  LSR03-00         NSR01-03         NSR02-03         CONDUIT           48.7    0.0821    0.0150
  LBC01-2001       NBC01-20.1       NBC01-20         CONDUIT          208.2    0.0624    0.0150
  LBC01-2002       NBC01-20.1       NBC01-20         CONDUIT          208.2    0.2161    0.0150
  LBC01-19.1       NBC01-20         NBC01-19         CONDUIT          181.4   -0.1323    0.0150
  LBC01-19.2       NBC01-20         NBC01-19         CONDUIT          181.4   -0.1323    0.0150
  LBC01-19.3       NBC01-20         NBC01-19         CONDUIT          181.4   -0.1654    0.0150
  LBC12-00         NBC12-00         Temp             CONDUIT            6.3   18.3223    0.0150
  LBP01-01         NBP01-03         NBP01-01         CONDUIT          104.9    0.0381    0.0150
  LBP01-00         NBP01-01         Str_BP           CONDUIT          126.2    0.0396    0.0150
  LYS01-18         NYS01-19         NYS01-18         CONDUIT           51.2    1.2108    0.0150
  LYS01-17         NYS01-18         NYS01-17         CONDUIT           43.8    0.8672    0.0150
  LYS01-16         NYS01-17         NYS01-16         CONDUIT           43.8    1.2096    0.0150
  LYS01-15         NYS01-16         NYS01-15         CONDUIT           87.8    2.3594    0.0150
  LYS01-14         NYS01-15         NYS01-14         CONDUIT           87.2    0.0688    0.0150
  LYS01-13         NYS01-14         NYS01-13         CONDUIT          100.0    0.1400    0.0150
  LYS01-12         NYS01-13         NYS01-12         CONDUIT           79.6    1.1050    0.0150
  LYS01-11         NYS01-12         NYS01-11         CONDUIT           90.0    1.2223    0.0150
  LYS01-10         NYS01-11         NYS01-10         CONDUIT           81.9    2.7129    0.0150
  LYS01-09         NYS01-10         NYS01-09         CONDUIT          100.3    0.2193    0.0150
  LYS01-08         NYS01-09         NYS01-08         CONDUIT           61.0    0.0005    0.0150
  LYS01-07.1       NYS01-08         NYS01-07         CONDUIT           91.6    0.1638    0.0150
  LYS01-07.2       NYS01-08         NYS01-07         CONDUIT           91.6    0.1638    0.0150
  LYS01-06.1       NYS01-07         NYS01-06         CONDUIT           63.3    0.0632    0.0150
  LYS01-06.2       NYS01-07         NYS01-06         CONDUIT           63.3    0.0632    0.0150
  LYS01-05.1       NYS01-06         NYS01-05         CONDUIT           77.5    0.1549    0.0150
  LYS01-05.2       NYS01-06         NYS01-05         CONDUIT           77.5    0.1549    0.0150
  LYS01-04.1       NYS01-05         NYS01-04         CONDUIT           73.2    0.3825    0.0150
  LYS01-04.2       NYS01-05         NYS01-04         CONDUIT           73.2    0.3825    0.0150
  LYS01-03.1       NYS01-04         NYS01-03.1       CONDUIT           31.5    0.3173    0.0150
  LYS01-02         NYS01-03         NYS01-02         CONDUIT           43.8    0.7538    0.0150
  LYS02-05         NYS02-06         NYS02-05         CONDUIT          138.9    3.7319    0.0150
  LYS02-04         NYS02-05         NYS02-04         CONDUIT          141.3    3.6112    0.0150
  LYS02-03         NYS02-04         NYS02-03         CONDUIT           85.7    3.0600    0.0150
  LYS02-02         NYS02-03         NYS02-02         CONDUIT           58.8    0.3571    0.0150
  LYS02-01         NYS02-02         NYS02-01         CONDUIT           35.7    0.8966    0.0150
  LYS02-00         NYS02-01         NYS02-00         CONDUIT           44.5    0.0007    0.0150
  LYS03-00         NYS03-01         NYS02-01         CONDUIT           71.7    1.1165    0.0150
  LYS05-10         NYS05-11         NYS05-10         CONDUIT           32.6    0.0613    0.0150
  LYS05-09         NYS05-10         NYS05-09         CONDUIT           73.6    0.8156    0.0150
  LYS05-08         NYS05-09         NYS05-08         CONDUIT           94.3    2.5990    0.0150
  LYS05-07         NYS05-08         NYS05-07         CONDUIT           78.3    3.9110    0.0150
  LYS05-06         NYS05-07         NYS05-06         CONDUIT           74.0    2.2696    0.0150
  LYS05-05         NYS05-06         NYS05-05         CONDUIT           86.3    3.4103    0.0150
  LYS05-04         NYS05-05         NYS05-04         CONDUIT           28.7    0.1743    0.0150
  LYS05-03         NYS05-04         NYS05-03         CONDUIT           48.3    0.0207    0.0150
  LYS05-02         NYS05-03         NYS05-02         CONDUIT           47.1    2.3766    0.0150
  LYS05-00         NYS05-02         NYS05-00         CONDUIT           41.8    0.6692    0.0150
  LYS06-00         NYS06-01         NYS01-04         CONDUIT          388.8    0.3858    0.0150
  LYS07-01         NYS07-02         NYS07-01         CONDUIT           81.1    1.0361    0.0150
  LYS07-00         NYS07-01         NYS01-06         CONDUIT           89.5    1.0174    0.0150
  LYS08-11         NYS08-12         NYS08-11         CONDUIT          168.8    1.8897    0.0150
  LYS08-10         NYS08-11         NYS08-10         CONDUIT           65.2    1.9028    0.0150
  LYS08-09         NYS08-10         NYS08-09         CONDUIT           39.3    1.0441    0.0150
  LYS08-08         NYS08-09         NYS08-08         CONDUIT          180.4    1.7689    0.0150
  LYS08-07         NYS08-08         NYS08-07         CONDUIT          111.8    4.0276    0.0150
  LYS08-06         NYS08-07         NYS08-06         CONDUIT           76.9    0.5331    0.0150
  LYS08-05         NYS08-06         NYS08-05         CONDUIT           77.5    0.0516    0.0150
  LYS08-04         NYS08-05         NYS08-04         CONDUIT          170.5    1.1436    0.0150
  LYS08-03         NYS08-04         NYS08-03         CONDUIT          164.8    0.7281    0.0150
  LYS08-02         NYS08-03         NYS08-02         CONDUIT           44.5    1.0115    0.0150
  LYS08-00         NYS08-02         NYS01-08         CONDUIT           19.3    2.3359    0.0150
  LYS09-01         NYS09-02         NYS09-01         CONDUIT           48.7    0.2258    0.0150
  LYS09-00         NYS09-01         NYS08-10         CONDUIT           60.9    0.5916    0.0150
  LYS10-01         NYS10-02         NYS10-01         CONDUIT          107.7    6.1391    0.0150
  LYS10-00         NYS10-01         NYS08-10         CONDUIT          155.5    5.6614    0.0150
  LYS11-03         NYS11-04         NYS11-03         CONDUIT           38.4   10.6213    0.0150
  LYS11-02         NYS11-03         NYS11-02         CONDUIT           90.8    5.9916    0.0150
  LYS12-05         NYS12-06         NYS12-05         CONDUIT           67.5    2.4607    0.0150
  LYS12-04         NYS12-05         NYS12-04         CONDUIT           99.2    1.9155    0.0150
  LYS12-03         NYS12-04         NYS12-03         CONDUIT          101.0    1.6042    0.0150
  LYS12-02         NYS12-03         NYS12-02         CONDUIT           94.3    1.2306    0.0150
  LYS12-01         NYS12-02         NYS12-01         CONDUIT           66.2    1.2246    0.0150
  LYS12-00         NYS12-01         NYS01-13         CONDUIT          104.5    0.0957    0.0150
  LYS13-07         NYS13-08         NYS13-07         CONDUIT           97.0    0.2990    0.0150
  LYS13-06         NYS13-07         NYS13-06         CONDUIT          107.3    0.0839    0.0150
  LYS13-05         NYS13-06         NYS13-05         CONDUIT           78.4    0.1531    0.0150
  LYS13-04         NYS13-05         NYS13-04         CONDUIT          117.4    0.1619    0.0150
  LYS13-03         NYS13-04         NYS13-03         CONDUIT          138.8    3.0842    0.0150
  LYS13-02         NYS13-03         NYS13-02         CONDUIT          136.1    2.6464    0.0150
  LYS13-01         NYS13-02         NYS13-01         CONDUIT          100.8    1.3192    0.0150
  LYS13-00.1       NYS13-01         NYS01-08         CONDUIT           17.4    0.8055    0.0150
  LYS13-00.2       NYS13-01         NYS01-08         CONDUIT           17.6    0.6247    0.0150
  LYS14-02         NYS14-03         NYS14-02         CONDUIT          127.5    2.1814    0.0150
  LYS14-01         NYS14-02         NYS14-01         CONDUIT           78.3    1.0089    0.0150
  LYS14-00         NYS14-01         NYS13-01         CONDUIT           35.4    5.8073    0.0150
  LYS18-01         NYS18-02         NYS18-01         CONDUIT           75.5    0.6227    0.0150
  LYS18-00         NYS18-01         NYS15-03         CONDUIT           78.4    0.3698    0.0150
  LYS15-02         NYS15-03         NYS15-02         CONDUIT           58.3    0.5494    0.0150
  LYS15-01         NYS15-02         NYS15-01         CONDUIT           53.7    0.9308    0.0150
  LYS15-00         NYS15-01         NYS01-08         CONDUIT           56.2    1.8677    0.0150
  LYS16-03         NYS16-04         NYS16-03         CONDUIT           85.7    2.1371    0.0150
  LYS16-02         NYS16-03         NYS16-02         CONDUIT           62.0    1.2753    0.0150
  LYS16-01         NYS16-02         NYS16-01         CONDUIT           31.4    1.6908    0.0150
  LYS16-00         NYS16-01         NYS01-17         CONDUIT           47.7    2.0327    0.0150
  LYS17-00         NYS17-01         NYS01-18         CONDUIT          117.8    0.7559    0.0150
  LYS95-00         NYS90            NYS95-00         CONDUIT           48.3   -0.6211    0.0150
  LYS95-01         NYS95-00         NYS95-01         CONDUIT           13.2   -0.9849    0.0150
  LYS96-2.2        NYS95-01         NYS96-2.2        CONDUIT           73.8    0.2710    0.0150
  LYS92-01         NYS01-02         NYS01-02.8       CONDUIT          103.7    0.7425    0.0150
  LYS92-00         NYS92-01         NYS92-01.1       CONDUIT           80.0    0.1000    0.0150
  LYS93-00         NYS05-00         NYS92-01         CONDUIT           43.1    0.3016    0.0150
  LYS94-00         NYS05-00         NYS99-06         CONDUIT          125.2    0.0240    0.0150
  LYS99-00         NYS02-00         NNH01-00         CONDUIT           57.4    0.0697    0.0150
  LYS99-01         NYS99-02         NYS02-00         CONDUIT          164.9    0.1819    0.0150
  LYS11-01         NYS11-02         NYS11-01         CONDUIT           80.4    5.3461    0.0150
  LYS11-00         NYS11-01         NYS01-12         CONDUIT          132.5    1.5016    0.0150
  LYS05-001        NYS01-03.1       NYS05-00         CONDUIT          394.5    0.0913    0.0150
  LSC01-21         NSC01-22         NSC01-21         CONDUIT           36.8    2.8295    0.0150
  LSC01-20         NSC01-21         NSC01-20         CONDUIT           27.6    0.8712    0.0150
  LSC01-19         NSC01-20         NSC01-19         CONDUIT          134.5    3.2426    0.0150
  LSC01-18         NSC01-19         NSC01-18         CONDUIT          106.3    2.8427    0.0150
  LSC01-17         NSC01-18         NSC01-17         CONDUIT           23.7    2.8317    0.0150
  LSC01-16         NSC01-17         NSC01-16         CONDUIT           70.3    0.5688    0.0150
  LSC01-15         NSC01-16         NSC01-15         CONDUIT           93.0    0.0003    0.0150
  LSC01-14         NSC01-15         NSC01-14         CONDUIT           44.7    1.9708    0.0150
  LSC01-13         NSC01-14         NSC01-13         CONDUIT           93.5    3.3295    0.0150
  LSC01-12         NSC01-13         NSC01-12         CONDUIT          114.7    0.8717    0.0150
  LSC01-11         NSC01-12         NSC01-11         CONDUIT           48.9    1.0421    0.0150
  LSC01-10         NSC01-11         NSC01-11.1       CONDUIT           18.5    0.9730    0.0150
  LSC01-09         NSC01-10         NSC01-09         CONDUIT           48.2    0.3113    0.0150
  LSC01-08         NSC01-09         NSC01-08         CONDUIT          136.8    0.4458    0.0150
  LSC01-07.1       NSC01-08         NSC01-07.1       CONDUIT          109.0    0.2019    0.0150
  LSC01-06         NSC01-07         NSC01-06         CONDUIT          159.1    0.6162    0.0150
  LSC01-05         NSC01-06         NSC01-05         CONDUIT           13.6    0.9566    0.0150
  LSC01-04         NSC01-05         NSC01-04         CONDUIT           55.9    0.1431    0.0150
  LSC01-03         NSC01-04         NSC01-03         CONDUIT          173.1    0.2195    0.0150
  LSC01-02         NSC01-03         NSC01-02         CONDUIT           61.4    0.1140    0.0150
  LSC01-01         NSC01-02         NSC01-01         CONDUIT           64.8    0.1853    0.0150
  LSC01-00         NSC01-01         NYS01-02         CONDUIT          139.8    0.2003    0.0150
  LSC02-03         NSC02-04         NSC02-03         CONDUIT           79.5    2.7051    0.0150
  LSC02-02         NSC02-03         NSC02-02         CONDUIT           26.8    0.0011    0.0150
  LSC02-01         NSC02-02         NSC02-01         CONDUIT           24.9    0.9643    0.0150
  LSC02-00         NSC02-01         NSC01-06         CONDUIT          136.4    2.5952    0.0150
  LSC03-00         NSC03-01         NSC02-03         CONDUIT          100.8    3.5027    0.0150
  LSC04-00         NSC04-01         NSC02-03         CONDUIT           66.5    2.0458    0.0150
  LSC05-07         NSC05-08         NSC05-07         CONDUIT           53.0    3.8141    0.0150
  LSC05-06         NSC05-07         NSC05-06         CONDUIT           95.4    2.9888    0.0150
  LSC05-05         NSC05-06         NSC05-05         CONDUIT           55.7    0.4485    0.0150
  LSC05-04         NSC05-05         NSC05-04         CONDUIT           77.7    1.0298    0.0150
  LSC05-03         NSC05-04         NSC05-03         CONDUIT           57.9    0.9504    0.0150
  LSC05-02         NSC05-03         NSC05-02         CONDUIT           69.0    1.0429    0.0150
  LSC05-01         NSC05-02         NSC05-01         CONDUIT           72.1    0.8041    0.0150
  LSC05-00         NSC05-01         NSC01-06         CONDUIT           59.9    1.6530    0.0150
  LSC06-04         NSC06-05         NSC06-04         CONDUIT           24.3    1.2362    0.0150
  LSC06-03         NSC06-04         NSC06-03         CONDUIT           57.8    0.8657    0.0150
  LSC06-02         NSC06-03         NSC06-02         CONDUIT          169.8    1.4312    0.0150
  LSC06-01         NSC06-02         NSC06-01         CONDUIT          221.7    1.0242    0.0150
  LSC06-00         NSC06-01         NSC01-07         CONDUIT           59.3    0.3372    0.0150
  LSC08-02         NSC08-03         NSC08-02         CONDUIT           88.0    1.9779    0.0150
  LSC08-01         NSC08-02         NSC08-01         CONDUIT          205.5    1.8298    0.0150
  LSC08-00         NSC08-01         NSC06-04         CONDUIT           88.0    1.2728    0.0150
  LSC07-03         NSC07-04         NSC07-03         CONDUIT           55.0    0.2910    0.0150
  LSC07-02         NSC07-03         NSC07-02         CONDUIT           99.8    1.9743    0.0150
  LSC07-01         NSC07-02         NSC07-01         CONDUIT           77.6    0.7989    0.0150
  LSC07-00         NSC07-01         NSC06-01         CONDUIT          146.8    0.6881    0.0150
  LSC09-01         NSC09-02         NSC09-01         CONDUIT           30.7    0.7485    0.0150
  LSC09-00         NSC09-01         NSC07-02         CONDUIT           28.2    0.3187    0.0150
  LSC10-16         NSC10-17         NSC10-16         CONDUIT           41.7    3.7713    0.0150
  LSC10-15         NSC10-16         NSC10-15         CONDUIT          140.4    8.6498    0.0150
  LSC10-14         NSC10-15         NSC10-14         CONDUIT          114.7    2.7730    0.0150
  LSC10-13         NSC10-14         NSC10-13         CONDUIT          144.4    3.9632    0.0150
  LSC10-12         NSC10-13         NSC10-12         CONDUIT           86.9    2.2906    0.0150
  LSC10-11         NSC10-12         NSC10-11         CONDUIT           80.6    2.8672    0.0150
  LSC10-10         NSC10-11         NSC10-10         CONDUIT           52.4    1.7560    0.0150
  LSC10-09         NSC10-10         NSC10-09         CONDUIT           91.8    1.5683    0.0150
  LSC10-08         NSC10-09         NSC10-08         CONDUIT           56.6    1.0246    0.0150
  LSC10-07         NSC10-08         NSC10-07         CONDUIT          127.1    1.2906    0.0150
  LSC10-06         NSC10-07         NSC10-06         CONDUIT           63.5    1.4172    0.0150
  LSC10-05         NSC10-06         NSC10-05         CONDUIT          200.5    1.2870    0.0150
  LSC10-04         NSC10-05         NSC10-04         CONDUIT           93.7    1.0679    0.0150
  LSC10-03         NSC10-04         NSC10-03         CONDUIT           54.4    0.4594    0.0150
  LSC10-02         NSC10-03         NSC10-02         CONDUIT           19.7    1.3219    0.0150
  LSC10-01         NSC10-02         NSC10-01         CONDUIT          128.6    0.2567    0.0150
  LSC10-00         NSC10-01         NSC10-00         CONDUIT          143.0    0.3077    0.0150
  LSC11-04         NSC11-05         NSC11-04         CONDUIT           47.4    4.8962    0.0150
  LSC11-03         NSC11-04         NSC11-03         CONDUIT           76.7    4.9186    0.0150
  LSC11-02         NSC11-03         NSC11-02         CONDUIT           52.7    3.4549    0.0150
  LSC11-01         NSC11-02         NSC11-01         CONDUIT          241.4    1.5451    0.0150
  LSC11-00         NSC11-01         NSC10-04         CONDUIT           75.1    1.0123    0.0150
  LSC12-04         NSC12-05         NSC12-04         CONDUIT           45.0    1.7558    0.0150
  LSC12-03.1       NSC12-04         NSC12-03         CONDUIT          160.7    4.2217    0.0150
  LSC12-03.2       NSC12-04         NSC12-03         CONDUIT          160.7    4.2217    0.0150
  LSC12-02.1       NSC12-03         NSC12-02         CONDUIT          117.2    3.9947    0.0150
  LSC12-02.2       NSC12-03         NSC12-02         CONDUIT          117.2    3.9947    0.0150
  LSC12-01.1       NSC12-02         NSC12-01         CONDUIT          100.2    3.6248    0.0150
  LSC12-01.2       NSC12-02         NSC12-01         CONDUIT          100.2    3.6248    0.0150
  LSC12-00         NSC12-01         NSC10-06         CONDUIT          196.5    2.8563    0.0150
  LSC13-02         NSC13-03         NSC13-02         CONDUIT          231.8    2.7450    0.0150
  LSC13-01         NSC13-02         NSC13-01         CONDUIT           44.0    0.6368    0.0150
  LSC13-00         NSC13-01         NSC12-01         CONDUIT          169.0    0.8048    0.0150
  LSC14-00         NSC14-01         NSC10-08         CONDUIT           61.7    3.2578    0.0150
  LSC15-08.1       NSC10-00         NSC15-08         CONDUIT           84.2    0.7720    0.0150
  LSC15-08.2       NSC10-00         NSC15-08         CONDUIT           84.2    0.7720    0.0150
  LSC15-07.1       NSC15-08         NSC15-07         CONDUIT           77.4    0.1810    0.0150
  LSC15-07.2       NSC15-08         NSC15-07         CONDUIT           77.4    0.1163    0.0150
  LSC15-05         NSC15-06         NSC15-05         CONDUIT           34.6    0.4624    0.0150
  LSC15-04         NSC15-05         NSC15-04         CONDUIT          121.9    0.3282    0.0150
  LSC15-03         NSC15-04         NSC15-03         CONDUIT           85.6    0.5140    0.0150
  LSC15-02         NSC15-03         NSC15-02         CONDUIT          171.4    0.0758    0.0150
  LSC15-01         NSC15-02         NSC15-01         CONDUIT          263.0    0.6122    0.0150
  LSC15-00.3       NSC15-01         NSC15-00.3       CONDUIT          107.3    0.5592    0.0150
  LSC16-04         NSC16-05         NSC16-04         CONDUIT           51.1    4.4877    0.0150
  LSC16-03         NSC16-04         NSC16-03         CONDUIT           72.3    6.0676    0.0150
  LSC16-02         NSC16-03         NSC16-02         CONDUIT          111.7    1.1994    0.0150
  LSC16-01         NSC16-02         NTP00            CONDUIT           32.3    0.0309    0.0150
  LSC16-00         NSC16-01         NSC15-06         CONDUIT          113.2    0.7865    0.0150
  LSC17-00         NSC17-01         NSC16-03         CONDUIT          306.4    1.3644    0.0150
  LSC18-02         NSC18-03         NSC18-02         CONDUIT           53.3    0.8818    0.0150
  LSC18-01         NSC18-02         NSC18-01         CONDUIT           51.2    0.7807    0.0150
  LSC18-00         NSC18-01         NSC15-07         CONDUIT           59.6    0.3188    0.0150
  LSC19-11         NSC19-12         NSC19-11         CONDUIT          130.1    3.7373    0.0150
  LSC19-10         NSC19-11         NSC19-10         CONDUIT           72.9    4.4488    0.0150
  LSC19-09         NSC19-10         NSC19-09         CONDUIT           84.6    2.3303    0.0150
  LSC19-08         NSC19-09         NSC19-08         CONDUIT           52.5    1.2956    0.0150
  LSC19-07         NSC19-08         NSC19-07         CONDUIT           36.7    0.9000    0.0150
  LSC19-06         NSC19-07         NSC19-06         CONDUIT          104.2    0.8636    0.0150
  LSC19-05         NSC19-06         NSC19-05         CONDUIT           71.3    0.7152    0.0150
  1248.1           NSC19-05         NSC19-04         CONDUIT           79.1    0.0004    0.0150
  a-01             NSC19-05         NSC19-04         CONDUIT           79.1    0.0004    0.0140
  1250.1           NSC19-04         NSC19-03         CONDUIT           49.7    0.0201    0.0150
  a-02             NSC19-04         NSC19-03         CONDUIT           49.7    0.0201    0.0140
  1252.1           NSC19-03         NSC19-02         CONDUIT           50.9    0.0786    0.0150
  a-03             NSC19-03         NSC19-02         CONDUIT           50.9    0.0786    0.0140
  1254.1           NSC19-02         NSC19-01         CONDUIT           31.2    0.4805    0.0150
  a-04             NSC19-02         NSC19-01         CONDUIT           31.2    0.4805    0.0150
  1255.1           NSC19-01         NSC15-08         CONDUIT           46.6    0.6442    0.0150
  a-05             NSC19-01         NSC15-08         CONDUIT           46.6    0.6442    0.0150
  LSC21-05         NSC21-06         NSC21-05         CONDUIT           61.6    8.1712    0.0150
  LSC21-04         NSC21-05         NSC21-04         CONDUIT           41.2    6.7825    0.0150
  LSC21-03         NSC21-04         NSC21-03         CONDUIT          116.3    5.0175    0.0150
  LSC21-02         NSC21-03         NSC21-02         CONDUIT           44.1    3.4010    0.0150
  LSC21-01         NSC21-02         NSC21-01         CONDUIT           46.9    2.7723    0.0150
  LSC21-00         NSC21-01         NSC20-09         CONDUIT           26.4    0.6052    0.0150
  LSC20-08         NSC20-09         NSC20-08         CONDUIT           73.1    0.1778    0.0150
  LSC20-07         NSC20-08         NSC20-07         CONDUIT          151.5    1.8487    0.0150
  LSC20-06         NSC20-07         NSC20-06         CONDUIT          108.6    2.9202    0.0150
  LSC20-05         NSC20-06         NSC20-05         CONDUIT           60.6    1.3205    0.0150
  LSC20-04         NSC20-05         NSC20-04         CONDUIT          105.9    0.5665    0.0150
  LSC20-00         NSC20-01         NSC19-09         CONDUIT          112.3    1.0326    0.0150
  LSC20-03         NSC20-04         NSC20-03         CONDUIT           55.5    1.3524    0.0150
  LSC20-02         NSC20-03         NSC20-02         CONDUIT          140.1    1.2347    0.0150
  LSC20-01         NSC20-02         NSC20-01         CONDUIT           89.1    1.0777    0.0150
  LSC20-09         NSC20-10         NSC20-09         CONDUIT          254.3    0.0983    0.0150
  LSC22-00         NSC22-01         NSC21-01         CONDUIT           98.0    0.2448    0.0150
  LSC23-03         NSC23-04         NSC23-03         CONDUIT           72.8    5.4439    0.0150
  LSC23-02         NSC23-03         NSC23-02         CONDUIT           87.1    3.3429    0.0150
  LSC23-01         NSC23-02         NSC23-01         CONDUIT           64.3    3.8286    0.0150
  LSC23-00         NSC23-01         NSC20-04         CONDUIT          110.1    1.4532    0.0150
  LBC13-04         NBC13-05         NBC13-04         CONDUIT           87.9   -0.4207    0.0150
  LBC13-03         NBC13-04         NBC13-03         CONDUIT          127.6    0.7918    0.0150
  LBC14-05         NBC13-04         NBC14-05         CONDUIT          102.5    0.1560    0.0150
  LBC14-04         NBC14-05         NBC14-04         CONDUIT          180.1    0.2832    0.0150
  LBC14-03         NBC14-04         NBC14-03         CONDUIT           80.1    0.0998    0.0150
  LBC14-02         NBC14-03         NBC14-02         CONDUIT           67.9    0.3682    0.0150
  LBC14-01         NBC14-02         NBC14-01         CONDUIT           22.1    0.5874    0.0150
  LBC14-00         NBC14-01         NBPC-08          CONDUIT           90.8    5.3066    0.0150
  LBC16-06         NBC16-07         NBC16-06         CONDUIT          112.7    0.4702    0.0150
  LBC16-05         NBC16-06         NBC16-05         CONDUIT          110.9    0.1173    0.0150
  LBC16-04         NBC16-05         NBC16-04         CONDUIT          154.6    0.0453    0.0150
  LBC16-03         NBC16-04         NBC16-03         CONDUIT          211.1    0.0379    0.0150
  LBC16-02         NBC16-03         NBC16-02         CONDUIT           10.2    0.6856    0.0150
  LBC16-00         NBC16-02         NBC16-00         CONDUIT          111.7    0.7610    0.0150
  LBC17-00         NBC17-01         NBC16-03         CONDUIT           60.6    2.0965    0.0150
  LBC18-00         NBC18-01         NBC16-00         CONDUIT          136.4    1.0044    0.0150
  LBC13-02         NBC13-03         NBC13-02         CONDUIT           38.5    0.1040    0.0150
  LBC13-01         NBC13-02         NBC13-01         CONDUIT           56.0    0.1072    0.0150
  LBC13-00         NBC13-01         NBPC-15          CONDUIT           72.2    4.1315    0.0150
  LBC16-000        NBC16-00         NBPC-06          CONDUIT           10.3   48.7200    0.0150
  LBC15-01         NBC15-02         NBC15-01         CONDUIT           24.7    0.2427    0.0150
  LBC15-00         NBC15-01         NBC14-02         CONDUIT           22.7    0.2207    0.0150
  LBPC-31          NBPC-32          NBPC-31          CONDUIT          100.0    0.0003    0.0220
  LBPC-30          NBPC-31          NBPC-30          CONDUIT          100.0    0.0200    0.0220
  LBPC-29          NBPC-30          NBPC-29          CONDUIT          100.0    0.0003    0.0220
  LBPC-28          NBPC-29          NBPC-28          CONDUIT          100.0    0.0200    0.0220
  LBPC-27          NBPC-28          NBPC-27          CONDUIT          100.0    0.0100    0.0220
  LBPC-26          NBPC-27          NBPC-26          CONDUIT          100.0    0.0300    0.0220
  LBPC-25          NBPC-26          NBPC-25          CONDUIT          100.0    0.4400    0.0330
  LBPC-24          NBPC-25          NBPC-24          CONDUIT          100.0    0.2400    0.0330
  LBPC-23          NBPC-24          NBPC-23          CONDUIT          100.0    0.7000    0.0330
  LBPC-22          NBPC-23          NBPC-22          CONDUIT          100.0    0.0700    0.0330
  LBPC-21          NBPC-22          NBPC-21          CONDUIT          100.0    0.4000    0.0330
  LBPC-20          NBPC-21          NBPC-20          CONDUIT          100.0   -0.0700    0.0330
  LBPC-19          NBPC-20          NBPC-19          CONDUIT          100.0    0.0900    0.0330
  LBPC-18          NBPC-19          NBPC-18          CONDUIT          100.0    0.3000    0.0330
  LBPC-17          NBPC-18          NBPC-17          CONDUIT          100.0    0.1200    0.0330
  LBPC-16          NBPC-17          Temp             CONDUIT          100.0    0.1800    0.0330
  LBPC-15          Temp             NBPC-15          CONDUIT          100.0    0.0800    0.0330
  LBPC-14          NBPC-15          NBPC-14          CONDUIT          100.0   -0.2500    0.0330
  LBPC-13          NBPC-14          NBPC-13          CONDUIT          100.0    0.3300    0.0330
  LBPC-12          NBPC-13          NBPC-12          CONDUIT          100.0    0.0900    0.0330
  LBPC-11          NBPC-12          NBPC-11          CONDUIT          100.0    0.1700    0.0330
  LBPC-10          NBPC-11          NBPC-10          CONDUIT          100.0   -0.1600    0.0330
  LBPC-08          NBPC-09          NBPC-08          CONDUIT          100.0   -0.0100    0.0330
  LBPC-07          NBPC-08          NBPC-07          CONDUIT          100.0    0.3200    0.0330
  LBPC-06          NBPC-07          NBPC-06          CONDUIT          100.0    0.0003    0.0330
  LBPC-05          NBPC-06          NBPC-05          CONDUIT          100.0    0.0600    0.0330
  LBPC-04          NBPC-05          NBPC-04          CONDUIT          100.0    0.2900    0.0330
  LBPC-03          NBPC-04          NBPC-03          CONDUIT          100.0    1.2401    0.0330
  LBPC-02          NBPC-03          NBPC-02          CONDUIT          100.0   -0.2300    0.0330
  LBPC-01          NBPC-02          NBPC-01          CONDUIT          100.0    0.3500    0.0330
  LBPC-00          NBPC-01          NBPC-00          CONDUIT          100.0    1.2301    0.0330
  LBPC-09          NBPC-10          NBPC-09          CONDUIT          100.0    0.1800    0.0330
  LBPC-32          NBC01-00         NBPC-32          CONDUIT           50.0    1.4401    0.0220
  LBPC-33.1        NBC01-02.1       NBC01-01         CONDUIT          100.0    0.0003    0.0180
  LBPC-33.2        NBC01-02.1       NBC01-01         CONDUIT          100.0   -0.0100    0.0180
  LBC01-17         NBC01-17.1       NBC01-17         CONDUIT           69.7    0.4591    0.0150
  LBC01-1801       NBC01-18.1       NBC01-17.1       CONDUIT          121.7    0.3288    0.0150
  LBC01-1802       NBC01-18.1       NBC01-17.1       CONDUIT          121.7    0.3288    0.0150
  LBC01-1803       NBC01-18.1       NBC01-17.1       CONDUIT          121.7    0.3288    0.0150
  LBC01-1811       NBC01-18.2       NBC01-18.1       CONDUIT           91.0    0.4174    0.0150
  LBC01-1812       NBC01-18.2       NBC01-18.1       CONDUIT           91.0    0.4174    0.0150
  LBC01-2011       NNH01-00         NBC01-20.1       CONDUIT           18.0    0.1111    0.0150
  LBC01-2012       NNH01-00         NBC01-20.1       CONDUIT           18.0    0.1111    0.0150
  LYS90            NYS01-02         NYS01-02.6       CONDUIT          103.7    0.7425    0.0150
  LYS91-01         NYS01-02         NYS01-02.7       CONDUIT          103.7    0.7425    0.0150
  LYS01-03         NYS01-03.1       NYS01-03         CONDUIT           11.0    0.9091    0.0150
  LYS01-03.2       NYS01-04         NYS01-03         CONDUIT           42.5    0.4704    0.0150
  LH7              NH7              NH7.1            CONDUIT           73.6    0.1087    0.0150
  LYS99-02         NYS99-03         NYS99-02         CONDUIT           39.9    0.2005    0.0150
  LYS99-03         NYS99-04         NYS99-03         CONDUIT           17.3   14.7235    0.0150
  LYS99-04         NYS99-05         NYS99-04         CONDUIT           28.7    0.0348    0.0150
  LYS99-05         NYS99-06         NYS99-05         CONDUIT           16.8  -12.4160    0.0150
  LNH01-00         NNH01-01.1       NNH01-00         CONDUIT           86.7    0.1499    0.0150
  LNH01-00.1       NNH01-01.2       NNH01-01.1       CONDUIT           15.5    0.1290    0.0150
  LNH01-00.2       NNH01-01.3       NNH01-01.2       CONDUIT           14.6    0.0685    0.0150
  LNH01-05         NNH01-05.1       NNH01-05         CONDUIT           14.4   -0.7613    0.0150
  LNH01-05.2       NNH01-06         NNH01-05         CONDUIT           28.9   -0.7613    0.0150
  1485.1           NNH01-07.1       NNH01-07         CONDUIT           51.0    0.0588    0.0150
  q-05             NNH01-07.1       NNH01-07         CONDUIT           51.0    0.0588    0.0150
  LSC15-0001       NSC15-00.1       NBC01-19         CONDUIT          116.5    0.2232    0.0150
  LSC15-0002       NSC15-00.1       NBC01-19         CONDUIT          116.5    0.2232    0.0150
  LSC15-00.1       NSC15-00.2       NSC15-00.1       CONDUIT           56.1    0.0357    0.0150
  LSC15-00.2       NSC15-00.3       NSC15-00.2       CONDUIT           87.1    0.3330    0.0150
  LH1-02.1         NSC15-00.2       NH1-02           CONDUIT           64.5    0.2789    0.0150
  LH1-01           NH1-02           NH1-01           CONDUIT           16.4    0.1829    0.0150
  LH1-00           NH1-01           NBC01-17         CONDUIT          320.0    0.3000    0.0150
  LSC01-07         NSC01-07.1       NSC01-07         CONDUIT           40.0    0.0750    0.0150
  LSC01-10.1       NSC01-11.1       NSC01-10         CONDUIT           28.1    2.3893    0.0150
  LBP01-14         NBP01-14.1       NBP01-14         CONDUIT           38.0    0.6842    0.0150
  LBP01-20         NBP01-20.1       NBP01-20         CONDUIT           18.0    0.0017    0.0150
  1508.1           NBP01-20.2       NBP01-20.1       CONDUIT           71.4    0.0280    0.0150
  p-07             NBP01-20.2       NBP01-20.1       CONDUIT           71.4    0.0280    0.0150
  1510.1           NBP01-22.1       NBP01-22         CONDUIT           28.4    0.3873    0.0150
  p-04             NBP01-22.1       NBP01-22         CONDUIT           28.4    0.3873    0.0150
  LBP11-05         NBP11-05.1       NBP11-05         CONDUIT           70.0    0.2714    0.0150
  LBP13-01         NBP13-01.1       NBP13-01         CONDUIT           80.0    0.5375    0.0150
  LBP13-01.1       NBP13-01.2       NBP13-01.1       CONDUIT           64.6    0.1393    0.0150
  NHL_015          NHM_016          NHM_006          CONDUIT           38.2    2.0151    0.0150
  SDCL_010         SDCM_010         SDCM_011         CONDUIT          103.2    1.9568    0.0150
  SDCL_009         SDCM_009         SDCM_010         CONDUIT           44.6    1.8596    0.0150
  SDCL_008         SDCM_008         SDCM_009         CONDUIT           89.5    2.0348    0.0150
  SDCL_007         SDCM_007         SDCM_008         CONDUIT           57.1    1.9605    0.0150
  SDCL_039         SDCM_039         SDCM_039_1       CONDUIT           66.6    0.0150    0.0150
  SDCL_031         SDCM_031         SDCM_032         CONDUIT           95.7    0.5641    0.0150
  SDCL_034         SDCM_034         SDCM_035         CONDUIT          138.4    0.0867    0.0150
  SDCL_027         SDCM_027         SDCM_028         CONDUIT          168.6    0.3263    0.0150
  SDCL_033         SDCM_033         SDCM_034         CONDUIT          101.5    0.2463    0.0150
  SDCL_032         SDCM_032         SDCM_033         CONDUIT           51.0    1.2749    0.0150
  SDCL_038         SDCM_038         SDCM_039         CONDUIT           91.5    0.1967    0.0150
  SDCL_037         SDCM_037         SDCM_038         CONDUIT          253.2    0.2212    0.0150
  SDCL_036         SDCM_036         SDCM_037         CONDUIT          139.4    0.1650    0.0150
  SDCL_035         SDCM_035         SDCM_036         CONDUIT          158.5    0.1262    0.0150
  SDCL_003         SDCM_003         SDCM_004         CONDUIT           35.3    4.4248    0.0350
  NHL_032          NHM_034          NHM_022          CONDUIT           41.4    0.7247    0.0350
  SDCL_025         SDCM_025         SDCM_026         CONDUIT           14.4    0.0693    0.0150
  SDCL_024         SDCM_024         SDCM_025         CONDUIT          172.5    0.2551    0.0150
  SDCL_023         SDCM_023         SDCM_024         CONDUIT           61.9    0.4037    0.0150
  SDCL_026         SDCM_026         SDCM_026_1       CONDUIT          125.5    0.3345    0.0150
  SDCL_026_1       SDCM_026_1       SDCM_027         CONDUIT           30.3    0.1982    0.0150
  SDCL_017         SDCM_017         SDCM_017_1       CONDUIT          160.5    0.5482    0.0150
  SDCL_013         SDCM_013         SDCM_014         CONDUIT           58.5    0.7009    0.0150
  SDCL_011         SDCM_011         SDCM_012         CONDUIT          150.9    1.9618    0.0150
  SDCL_016         SDCM_016         SDCM_016_1       CONDUIT           73.6    1.0465    0.0150
  SDCL_012         SDCM_012         SDCM_013         CONDUIT           59.5    0.9918    0.0150
  SDCL_016_1       SDCM_016_1       SDCM_017         CONDUIT           10.5    1.0477    0.0150
  NHL_006          NHM_006          NHM_010          CONDUIT          120.4    0.9302    0.0150
  NHL_029          NHM_010          NHM_034          CONDUIT          160.6    3.8250    0.0350
  NHL_020          NHM_022          SDCM_001         CONDUIT           76.9    4.1670    0.0150
  SDCL_001         SDCM_001         SDCM_003         CONDUIT          133.7    2.9037    0.0350
  SDCL_006         SDCM_006         SDCM_007         CONDUIT           82.9    2.7631    0.0150
  SDCL_004         SDCM_004         SDCM_006         CONDUIT          329.3    2.6670    0.0150
  SDCL_014         SDCM_014         SDCM_016         CONDUIT           95.9    1.2206    0.0150
  SDCL_018         SDCM_017_1       SDCM_020         CONDUIT           99.8    0.4210    0.0150
  SDCL_020         SDCM_020         SDCM_020_2       CONDUIT           43.0    0.5345    0.0150
  SDCL_021         SDCM_020_2       SDCM_023         CONDUIT          143.7    0.2784    0.0150
  SDCL_028         SDCM_028         SDCM_031         CONDUIT          311.4    0.3469    0.0150
  SDCL_040         SDCM_039_1       NBPC-09          CONDUIT           92.7   -0.0971    0.0150
  LH7.1            NH7.1            NBC01-20.1       CONDUIT          320.0    0.1656    0.0150
  LYS90.1          NYS01-02.1       NYS90            CONDUIT           71.7    0.4603    0.0150
  LYS92-00.1       NYS92-01.1       NYS90            CONDUIT           71.7    0.4603    0.0150
  LYS90.2          NYS01-02.2       NYS01-02.1       CONDUIT           80.0    0.1000    0.0150
  LYS90.3          NYS01-02.3       NYS01-02.2       CONDUIT          120.0    0.0917    0.0150
  LYS92-01.1       NYS0102.5        NYS92-01         CONDUIT          120.0    0.0917    0.0150
  LYS90.4          NYS01-02.6       NYS01-02.3       CONDUIT          160.0   -0.0188    0.0150
  LYS91-01.2       NYS01-02.7       NYS01-02.4       CONDUIT          160.0   -0.0188    0.0150
  LYS92-01.2       NYS01-02.8       NYS0102.5        CONDUIT          160.0   -0.0188    0.0150
  L1976            NH7.1            NYS01-02.1       CONDUIT            1.0    9.0367    0.0150
  L1978            NYS01-02.1       NYS92-01.1       CONDUIT            1.0    0.0305    0.0150
  L1979            NH7              NYS01-02.2       CONDUIT            1.0   32.6063    0.0150
  L1981            NYS01-02.2       NYS92-01         CONDUIT            1.0    0.0305    0.0150
  L1982            NYS01-02.4       NYS01-02.3       CONDUIT            1.0   31.4485    0.0150
  L1983            NYS01-02.4       NYS0102.5        CONDUIT            1.0   31.4485    0.0150
  L1984            NYS01-02.7       NYS01-02.6       CONDUIT            1.0   31.4485    0.0150
  L1985            NYS01-02.7       NYS01-02.8       CONDUIT            1.0   31.4485    0.0150
  LYS96-1.2        NYS95-01         NYS96-1.2        CONDUIT           73.8    0.2710    0.0150
  LYS96-1          NYS96-1.2        NNH01-00         CONDUIT           90.3    0.2990    0.0150
  LYS96-2          NYS96-2.2        NNH01-00         CONDUIT           90.3    0.0775    0.0150
  TP00             ooooo            NTP00            CONDUIT          240.0    0.0208    0.0150
  TP01             NTP00            NTP01            CONDUIT          537.7    0.0093    0.0150
  TP03             1                NBPC-27          CONDUIT           36.0    0.2222    0.0150
  TP02             NTP01            1                CONDUIT          537.5    0.0093    0.0150
  L1997            NNH01-06         Str_SP           CONDUIT          450.0    1.3223    0.0150
  L1999            NSC01-07         NBP01-25         CONDUIT          410.0    0.9513    0.0150
  L2004            MH2020           NBC01-20         CONDUIT          100.0   -1.8003    0.0150
  L2005            NSC01-01         MH2019           CONDUIT          200.0    0.5600    0.0150
  L2007            NBP01-20.1       NBP01-19         CONDUIT           31.0    0.0010    0.0150
  L2008            NYS01-08         NYS01-02         CONDUIT          400.0    0.3450    0.0150
  L2009            MH2019           MH2016           CONDUIT          200.0    0.5550    0.0150
  L2010            MH2016           MH2018           CONDUIT          200.0    0.5600    0.0150
  L2011            MH2018           MH2020           CONDUIT          100.0   -0.1000    0.0150
  LSC15-0611       NSC15-07         NSC15-06.1       CONDUIT           33.8    0.0592    0.0150
  LSC15-0612       NSC15-07         NSC15-06.1       CONDUIT           33.8    0.0592    0.0150
  1674.1           NSC15-06.1       NSC15-06         CONDUIT           60.4    0.0993    0.0150
  aaaaa            NSC15-06.1       NSC15-06         CONDUIT           60.4    0.0993    0.0140
  wwwww            NSC15-06         ooooo            CONDUIT           10.0    1.7002    0.0150
  1                NNH01-01         NNH01-01.3       CONDUIT           30.0    0.0667    0.0150
  PumpBP           Str_BP           NBPC-17          TYPE2 PUMP  
  PumpSC           Str_Sc           NBC01-17.1       TYPE2 PUMP  
  PumpSR           Str_SR           NBPC-21          TYPE2 PUMP  
  PumpSP           Str_SP           NBC01-00         TYPE2 PUMP  
  
  
  *********************
  Cross Section Summary
  *********************
                                        Full     Full     Hyd.     Max.   No. of     Full
  Conduit          Shape               Depth     Area     Rad.    Width  Barrels     Flow
  ---------------------------------------------------------------------------------------
  LBP01-30         RECT_CLOSED          1.50     2.25     0.38     1.50        1    11.05
  LBP01-29         RECT_CLOSED          1.50     2.25     0.38     1.50        1    12.95
  LBP01-28         RECT_CLOSED          2.00     5.00     0.56     2.50        1    17.03
  LBP01-27         RECT_CLOSED          2.00     5.00     0.56     2.50        1    19.18
  LBP01-26         RECT_CLOSED          2.00     3.76     0.48     1.88        1     7.90
  LBP01-25         RECT_CLOSED          2.00     3.76     0.48     1.88        1     8.88
  216.1            RECT_CLOSED          2.10     4.41     0.53     2.10        1    11.22
  p-01             RECT_CLOSED          2.00     6.00     0.60     3.00        1    16.69
  218.1            RECT_CLOSED          2.00     4.00     0.50     2.00        1    11.51
  p-02             RECT_CLOSED          2.00     6.00     0.60     3.00        1    19.50
  220.1            RECT_CLOSED          2.00     4.00     0.50     2.00        1    12.47
  p-03             RECT_CLOSED          2.00     6.00     0.60     3.00        1    21.13
  222.1            RECT_CLOSED          2.20     4.40     0.52     2.00        2    15.39
  p-05             RECT_CLOSED          2.20     7.70     0.68     3.50        1    31.91
  226.1            RECT_CLOSED          2.60     5.46     0.58     2.10        2     3.30
  L-05             RECT_CLOSED          2.00     5.00     0.56     2.50        1     2.94
  228.1            RECT_CLOSED          2.60     5.46     0.58     2.10        2     4.40
  L-04             RECT_CLOSED          2.00     5.00     0.56     2.50        1     3.91
  230.1            RECT_CLOSED          2.60     5.46     0.58     2.10        2     6.22
  L-03             RECT_CLOSED          2.00     5.00     0.56     2.50        1     5.53
  232.1            RECT_CLOSED          2.60     5.46     0.58     2.10        2     5.27
  L-02             RECT_CLOSED          2.00     5.00     0.56     2.50        1     4.69
  234.1            RECT_CLOSED          2.60     5.46     0.58     2.10        2     5.81
  L-01             RECT_CLOSED          2.00     5.00     0.56     2.50        1     5.16
  LBP01-13         RECT_CLOSED          2.60    10.79     0.80     4.15        1    40.99
  LBP01-12         RECT_CLOSED          2.60    11.31     0.81     4.35        1    25.63
  LBP01-11         RECT_CLOSED          2.40     4.80     0.55     2.00        2    14.87
  LBP01-10         RECT_CLOSED          2.40     4.80     0.55     2.00        2     6.12
  LBP01-09         RECT_CLOSED          3.00     7.50     0.68     2.50        2    13.70
  LBP01-08         RECT_CLOSED          3.00     7.50     0.68     2.50        2    12.73
  LBP01-07         RECT_CLOSED          3.00    10.20     0.80     3.40        3    12.21
  LBP01-06         RECT_CLOSED          3.00    10.20     0.80     3.40        3    13.78
  LBP01-05         RECT_CLOSED          3.00     9.00     0.75     3.00        4    18.15
  LBP01-04         RECT_CLOSED          3.00     9.90     0.79     3.30        4    21.84
  LBP01-03         RECT_CLOSED          3.00     9.90     0.79     3.30        4    11.93
  LBP15-00         RECT_CLOSED          1.50     2.40     0.39     1.60        1     3.18
  LBP02-03         RECT_CLOSED          1.50     2.25     0.38     1.50        1     5.55
  LBP02-02         RECT_CLOSED          2.00     6.00     0.60     3.00        1    28.56
  LBP02-01         RECT_CLOSED          2.00     6.00     0.60     3.00        1    23.07
  LBP02-00         RECT_CLOSED          2.00     6.00     0.60     3.00        1    20.18
  LBP03-03         RECT_CLOSED          1.80     5.40     0.56     3.00        1    25.60
  LBP03-02         CIRCULAR             1.50     1.77     0.38     1.50        1     5.73
  LBP03-01         RECT_CLOSED          1.50     3.00     0.43     2.00        1     5.12
  LBP03-00         RECT_CLOSED          1.50     3.00     0.43     2.00        1     5.34
  LBP05-02         RECT_CLOSED          1.50     2.25     0.38     1.50        1     5.27
  LBP05-01         RECT_CLOSED          1.50     2.25     0.38     1.50        1     4.29
  LBP05-00         RECT_CLOSED          2.00     7.00     0.64     3.50        1     5.79
  LBP04-03         RECT_CLOSED          2.50     8.75     0.73     3.50        1     5.32
  LBP04-02         RECT_CLOSED          2.50     9.25     0.75     3.70        1    27.18
  LBP04-01         RECT_CLOSED          2.50     9.25     0.75     3.70        1    51.50
  LBP04-00         RECT_CLOSED          2.50     9.50     0.75     3.80        1    28.50
  LBP04-12         RECT_CLOSED          1.50     3.00     0.43     2.00        1     3.23
  LBP04-11         RECT_CLOSED          1.50     3.00     0.43     2.00        1     7.75
  LBP04-10         RECT_CLOSED          1.50     3.00     0.43     2.00        1     6.49
  LBP04-09         RECT_CLOSED          2.00     5.00     0.56     2.50        1     8.42
  LBP04-08         RECT_CLOSED          2.00     5.00     0.56     2.50        1     4.52
  LBP04-07         RECT_CLOSED          2.50     7.50     0.68     3.00        1    14.96
  LBP04-06         RECT_CLOSED          2.00     8.00     0.67     4.00        1    16.93
  LBP04-05         RECT_CLOSED          2.50     8.75     0.73     3.50        1    18.95
  LBP04-04         RECT_CLOSED          2.50     8.75     0.73     3.50        1    18.90
  LBP06-11         RECT_CLOSED          2.00     4.00     0.50     2.00        1    14.84
  LBP06-09         RECT_CLOSED          2.20     5.50     0.59     2.50        3     4.68
  LBP06-07         RECT_CLOSED          2.50     6.25     0.62     2.50        3    24.21
  LBP06-06         RECT_CLOSED          3.20    12.16     0.87     3.80        2    22.24
  LBP06-05         RECT_CLOSED          2.50     6.25     0.62     2.50        3    15.60
  LBP06-04.1       RECT_CLOSED          2.70     8.91     0.74     3.30        1    24.95
  LBP06-04.2       RECT_CLOSED          2.70     9.99     0.78     3.70        1    27.74
  LBP06-03.1       RECT_CLOSED          2.70     9.45     0.76     3.50        1    10.11
  LBP06-03.2       RECT_CLOSED          2.70     8.64     0.73     3.20        1    11.03
  LBP06-02         RECT_CLOSED          2.70     8.64     0.73     3.20        2    32.66
  LBP06-01         RECT_CLOSED          2.50     8.00     0.70     3.20        2    21.62
  LBP06-00.1       RECT_CLOSED          3.00     9.00     0.75     3.00        1    23.80
  LBP06-00.2       RECT_CLOSED          3.00    10.20     0.80     3.40        1    25.61
  LBP08-05         RECT_CLOSED          1.50     3.00     0.43     2.00        1     7.97
  LBP08-02         RECT_CLOSED          1.50     3.00     0.43     2.00        1    11.35
  LBP08-00         RECT_CLOSED          3.60    15.12     0.97     4.20        1    87.83
  LBP07-01         RECT_CLOSED          1.80     3.60     0.47     2.00        1     8.91
  LBP07-00         RECT_CLOSED          1.50     3.00     0.43     2.00        2     7.72
  LBP09-01         RECT_CLOSED          1.50     2.25     0.38     1.50        1    10.31
  LBP09-00         RECT_CLOSED          1.50     2.70     0.41     1.80        1    15.92
  LBP10-00         CIRCULAR             0.90     0.64     0.23     0.90        1     2.54
  LBP12-01         RECT_CLOSED          1.20     1.44     0.30     1.20        1     7.79
  LBP12-00         RECT_CLOSED          1.20     1.44     0.30     1.20        1     6.51
  LBP11-05.1       RECT_CLOSED          1.50     2.33     0.38     1.55        1     4.56
  LBP11-04         RECT_CLOSED          2.05     4.10     0.51     2.00        1     8.92
  LBP11-03         RECT_CLOSED          2.05     4.10     0.51     2.00        1    17.29
  LBP11-02         RECT_CLOSED          2.50     6.25     0.62     2.50        1    37.73
  LBP11-01         RECT_CLOSED          2.50     6.25     0.62     2.50        1    34.13
  LBP11-00         RECT_CLOSED          2.50     6.25     0.62     2.50        1    26.09
  LBP11-06         RECT_CLOSED          1.50     2.33     0.38     1.55        1     6.18
  LBP13-13         CIRCULAR             1.00     0.79     0.25     1.00        1     1.39
  LBP13-12         CIRCULAR             1.00     0.79     0.25     1.00        1     1.14
  LBP13-11         CIRCULAR             1.20     1.13     0.30     1.20        1     3.02
  LBP13-10         RECT_CLOSED          1.50     2.25     0.38     1.50        1     5.62
  LBP13-09         RECT_CLOSED          1.50     2.25     0.38     1.50        1     6.60
  LBP13-08         RECT_CLOSED          1.50     2.25     0.38     1.50        1     8.35
  LBP13-07         RECT_CLOSED          1.50     2.25     0.38     1.50        1     8.11
  LBP13-06         RECT_CLOSED          2.00     5.00     0.56     2.50        1    17.01
  LBP13-05         RECT_CLOSED          2.00     5.00     0.56     2.50        1    13.62
  LBP13-04         RECT_CLOSED          2.00     5.00     0.56     2.50        1    14.57
  LBP13-03         RECT_CLOSED          2.00     5.00     0.56     2.50        1     6.21
  LBP13-02         RECT_CLOSED          2.00     5.00     0.56     2.50        1     6.64
  LBP13-01.2       RECT_CLOSED          2.00     5.00     0.56     2.50        1    17.26
  LBP13-00         RECT_CLOSED          2.00     5.00     0.56     2.50        1    15.06
  LBP14-00         CIRCULAR             1.00     0.79     0.25     1.00        1     0.40
  403.1            RECT_CLOSED          2.20     4.40     0.52     2.00        2    12.44
  p-06             RECT_CLOSED          2.20     7.70     0.68     3.50        1    25.78
  LBP08-01         RECT_CLOSED          1.50     3.00     0.43     2.00        1    10.54
  LBP08-03         CIRCULAR             1.00     0.79     0.25     1.00        1     1.56
  LBP06-08         RECT_CLOSED          2.50     6.25     0.62     2.50        3     5.93
  SCpump_in        RECT_CLOSED          3.00     9.00     0.75     3.00        3    13.48
  LNH01-28         CIRCULAR             0.80     0.50     0.20     0.80        1     2.33
  LNH01-27         CIRCULAR             1.00     0.79     0.25     1.00        1     4.38
  LNH01-26         CIRCULAR             1.20     1.13     0.30     1.20        1    14.48
  LNH01-25         RECT_CLOSED          1.00     1.50     0.30     1.50        1     8.36
  LNH01-24         RECT_CLOSED          2.00     4.00     0.50     2.00        1    13.39
  LNH01-23         RECT_CLOSED          2.00     4.00     0.50     2.00        1    13.57
  LNH01-22         RECT_CLOSED          2.00     4.00     0.50     2.00        1    19.65
  LNH01-21         RECT_CLOSED          2.00     4.00     0.50     2.00        1     0.36
  LNH01-20         RECT_CLOSED          2.00     4.00     0.50     2.00        1    42.75
  LNH01-19         RECT_CLOSED          2.00     7.00     0.64     3.50        1    73.92
  LNH01-18         RECT_CLOSED          2.00     7.00     0.64     3.50        1    35.22
  LNH01-17         RECT_CLOSED          2.00     7.00     0.64     3.50        1    33.86
  LNH01-16         RECT_CLOSED          2.50     6.25     0.62     2.50        2    17.94
  LNH01-15         RECT_CLOSED          2.50     6.25     0.62     2.50        2    16.31
  LNH01-14         RECT_CLOSED          2.50    12.50     0.83     5.00        1     8.14
  LNH01-13         RECT_CLOSED          2.50    12.50     0.83     5.00        1    12.02
  LNH01-12         RECT_CLOSED          2.50    12.50     0.83     5.00        1    31.01
  543.1            RECT_CLOSED          3.50    14.00     0.93     4.00        1    64.81
  q-01             RECT_CLOSED          3.50     7.70     0.68     2.20        1    28.73
  545.1            RECT_CLOSED          3.50    14.00     0.93     4.00        1    17.00
  q-02             RECT_CLOSED          3.50     7.70     0.68     2.20        1     7.54
  547.1            RECT_CLOSED          3.50    14.00     0.93     4.00        1    19.52
  q-03             RECT_CLOSED          3.50     7.70     0.68     2.20        1     8.65
  549.1            RECT_CLOSED          3.50     8.75     0.73     2.50        2    20.79
  q-04             RECT_CLOSED          3.50     7.70     0.68     2.20        1    17.39
  553.1            RECT_CLOSED          3.50    14.35     0.94     4.10        1    16.11
  q-06             RECT_CLOSED          3.50     7.70     0.68     2.20        1     6.91
  LNH01-05.1       RECT_CLOSED          3.50     9.10     0.75     2.60        1    43.54
  LNH01-04         RECT_CLOSED          3.50    16.10     0.99     4.60        1    30.25
  LNH01-03         RECT_CLOSED          3.50    16.10     0.99     4.60        1    46.61
  LNH01-02         RECT_CLOSED          3.00     6.45     0.63     2.15        2    20.16
  LNH01-01         RECT_CLOSED          3.50    16.10     0.99     4.60        1    43.23
  LNH02-01         CIRCULAR             0.60     0.28     0.15     0.60        1     1.53
  LNH02-00         RECT_CLOSED          1.50     2.25     0.38     1.50        1     9.40
  LNH03-02         RECT_CLOSED          1.00     1.00     0.25     1.00        1     3.51
  LNH03-01         RECT_CLOSED          1.50     2.25     0.38     1.50        1     4.50
  LNH03-00         RECT_CLOSED          1.50     2.25     0.38     1.50        1     4.14
  LNH04-03         CIRCULAR             0.60     0.28     0.15     0.60        1     1.29
  LNH04-02         CIRCULAR             0.80     0.50     0.20     0.80        1     2.04
  LNH04-01         CIRCULAR             0.90     0.64     0.23     0.90        1     2.23
  LNH04-00         CIRCULAR             0.90     0.64     0.23     0.90        1     2.16
  LNH05-02         CIRCULAR             0.60     0.28     0.15     0.60        1     1.32
  LNH05-01         CIRCULAR             0.80     0.50     0.20     0.80        1     2.44
  LNH05-00         CIRCULAR             0.80     0.50     0.20     0.80        1     1.67
  LNH06-00         CIRCULAR             0.60     0.28     0.15     0.60        1     1.15
  LNH07-13         CIRCULAR             1.00     0.79     0.25     1.00        1     2.56
  LNH07-12         CIRCULAR             1.20     1.13     0.30     1.20        1     4.63
  LNH07-11         CIRCULAR             1.20     1.13     0.30     1.20        1     4.20
  LNH07-10         CIRCULAR             1.20     1.13     0.30     1.20        1     2.92
  LNH07-09         RECT_CLOSED          1.10     2.20     0.35     2.00        1     9.09
  LNH07-08         RECT_CLOSED          1.50     4.20     0.49     2.80        1    20.49
  LNH07-07         RECT_CLOSED          1.70     5.44     0.56     3.20        1    32.78
  LNH07-06         RECT_CLOSED          1.70     5.44     0.56     3.20        1    17.80
  LNH07-05         RECT_CLOSED          2.00     4.00     0.50     2.00        1    12.09
  LNH07-04         RECT_CLOSED          2.20     5.94     0.61     2.70        1    45.33
  LNH07-03         RECT_CLOSED          2.20     5.94     0.61     2.70        1    54.03
  LNH07-02         RECT_CLOSED          1.70     5.10     0.54     3.00        1    42.02
  LNH07-01         RECT_CLOSED          2.50     7.50     0.68     3.00        1    66.14
  LNH07-00         RECT_CLOSED          2.50     7.50     0.68     3.00        1    40.89
  LNH11-03         RECT_CLOSED          0.80     1.04     0.25     1.30        1     6.35
  LNH11-02         CIRCULAR             1.20     1.13     0.30     1.20        1     3.75
  LNH11-01         CIRCULAR             1.20     1.13     0.30     1.20        1     3.69
  LNH11-00         CIRCULAR             1.20     1.13     0.30     1.20        1     3.62
  LNH10-00         RECT_CLOSED          1.50     3.00     0.43     2.00        1    16.54
  LNH10-03         CIRCULAR             1.20     1.13     0.30     1.20        1     7.63
  LNH10-02         CIRCULAR             1.20     1.13     0.30     1.20        1     4.25
  LNH10-01         CIRCULAR             1.20     1.13     0.30     1.20        1     6.86
  LNH08-02         CIRCULAR             1.00     0.79     0.25     1.00        1     2.51
  LNH08-01         CIRCULAR             1.20     1.13     0.30     1.20        1    14.60
  LNH08-00         CIRCULAR             1.20     1.13     0.30     1.20        1    12.89
  LNH09-00         CIRCULAR             0.70     0.38     0.17     0.70        1     2.31
  LNH12-01         CIRCULAR             0.80     0.50     0.20     0.80        1     4.53
  LNH12-00         CIRCULAR             0.80     0.50     0.20     0.80        1     2.32
  LNH13-00         CIRCULAR             0.80     0.50     0.20     0.80        1     2.19
  LNH14-01         CIRCULAR             0.80     0.50     0.20     0.80        1     3.39
  LNH14-00         CIRCULAR             1.00     0.79     0.25     1.00        1     4.52
  LNH15-06         CIRCULAR             1.20     1.13     0.30     1.20        1     7.80
  LNH15-05         CIRCULAR             1.20     1.13     0.30     1.20        1     7.41
  LNH15-04         CIRCULAR             1.20     1.13     0.30     1.20        1     5.57
  LNH15-03         CIRCULAR             1.20     1.13     0.30     1.20        1     5.91
  LNH15-02         RECT_CLOSED          1.20     1.44     0.30     1.20        1     3.30
  LNH15-01         RECT_CLOSED          1.20     1.44     0.30     1.20        1     8.67
  LNH15-00         RECT_CLOSED          1.20     1.44     0.30     1.20        1     4.65
  LNH16-00         CIRCULAR             1.20     1.13     0.30     1.20        1     3.84
  LNH18-06         CIRCULAR             1.20     1.13     0.30     1.20        1     5.89
  LNH18-05         CIRCULAR             1.20     1.13     0.30     1.20        1     7.82
  LNH18-04         CIRCULAR             1.20     1.13     0.30     1.20        1     7.00
  LNH18-03         CIRCULAR             1.20     1.13     0.30     1.20        1     6.54
  LNH18-02         CIRCULAR             1.20     1.13     0.30     1.20        1     7.55
  LNH18-01         CIRCULAR             1.20     1.13     0.30     1.20        1     5.37
  LNH18-00         CIRCULAR             1.20     1.13     0.30     1.20        1     1.71
  LNH17-01         CIRCULAR             0.80     0.50     0.20     0.80        1     1.52
  LNH17-00         CIRCULAR             1.20     1.13     0.30     1.20        1     2.74
  LBC01-1821       RECT_CLOSED          3.00    14.10     0.92     4.70        1    62.72
  LBC01-1822       RECT_CLOSED          3.00    13.50     0.90     4.50        3    39.27
  LBC01-1823       RECT_CLOSED          3.20     8.00     0.70     2.50        1    14.90
  LBC01-16         RECT_CLOSED          4.50    84.15     1.81    18.70        1   219.89
  LBPC-42.1        RECT_CLOSED          4.50    84.15     1.81    18.70        1   208.61
  LBPC-42.2        RECT_CLOSED          2.40     6.96     0.66     2.90        2     9.24
  LBPC-42.3        RECT_CLOSED          3.00     6.00     0.60     2.00        1     7.11
  LBPC-41.1        RECT_CLOSED          4.50    84.15     1.81    18.70        1   230.63
  LBPC-41.2        RECT_CLOSED          2.40     6.96     0.66     2.90        2     9.69
  LBPC-41.3        RECT_CLOSED          3.00     6.00     0.60     2.00        1     7.87
  LBPC-40.1        RECT_CLOSED          4.50    84.15     1.81    18.70        1   219.89
  LBPC-40.2        RECT_CLOSED          2.40     6.96     0.66     2.90        2     9.24
  LBPC-40.3        RECT_CLOSED          3.00     6.00     0.60     2.00        1     7.50
  LBPC-39.21       RECT_CLOSED          4.50    84.15     1.81    18.70        1   179.54
  LBPC-39.22       RECT_CLOSED          2.40     6.96     0.66     2.90        1    10.67
  LBPC-39.11       RECT_CLOSED          4.50    84.15     1.81    18.70        1   162.40
  LBPC-39.12       RECT_CLOSED          2.40     6.96     0.66     2.90        2    11.14
  LBPC-38.21       RECT_CLOSED          4.50    84.15     1.81    18.70        1   179.54
  LBPC-38.22       RECT_CLOSED          2.40     6.72     0.65     2.80        2     7.21
  LBPC-38.11       RECT_CLOSED          4.50    84.15     1.81    18.70        1   155.49
  LBPC-38.12       RECT_CLOSED          2.40     6.72     0.65     2.80        2     6.24
  LBPC-37.31       RECT_CLOSED          4.50    84.15     1.81    18.70        1   170.33
  LBPC-37.32       RECT_CLOSED          2.40     6.72     0.65     2.80        2     6.84
  LBPC-37.21       RECT_CLOSED          4.50    84.15     1.81    18.70        1   155.49
  LBPC-37.22       RECT_CLOSED          2.40     6.72     0.65     2.80        2     6.24
  LBPC-37.11       RECT_CLOSED          4.50    84.15     1.81    18.70        1   219.89
  LBPC-37.12       RECT_CLOSED          2.40     6.72     0.65     2.80        2     8.83
  LBPC-36.1        RECT_CLOSED          4.50    84.15     1.81    18.70        1   387.16
  LBPC-36.2        RECT_CLOSED          2.40     6.72     0.65     2.80        2    15.54
  LBPC-35.31       RECT_CLOSED          4.50    84.15     1.81    18.70        1    22.16
  LBPC-35.32       RECT_CLOSED          1.80     6.30     0.59     3.50        2     0.79
  LBPC-35.11       RECT_CLOSED          4.50    84.15     1.81    18.70        3    14.51
  LBPC-35.12       RECT_CLOSED          1.80     6.30     0.59     3.50        2     0.52
  LBPC-34.1        RECT_CLOSED          4.50    84.15     1.81    18.70        1   295.02
  LBPC-34.2        RECT_CLOSED          2.45     6.98     0.66     2.85        2    14.09
  LBPC-325         RECT_CLOSED          4.50    84.15     1.81    18.70        1   874.11
  LBC04-01         CIRCULAR             0.80     0.50     0.20     0.80        1     2.47
  LBC04-00         CIRCULAR             1.00     0.79     0.25     1.00        1     7.13
  LBC03-04         CIRCULAR             0.90     0.64     0.23     0.90        1     3.80
  LBC03-03         CIRCULAR             1.00     0.79     0.25     1.00        1     4.72
  LBC03-02         CIRCULAR             1.00     0.79     0.25     1.00        1     4.96
  LBC03-01         CIRCULAR             1.00     0.79     0.25     1.00        1     5.00
  LBC03-00         CIRCULAR             1.00     0.79     0.25     1.00        1     5.32
  LBC02-00         CIRCULAR             1.00     0.79     0.25     1.00        1     2.47
  LBC09-00         CIRCULAR             0.90     0.64     0.23     0.90        1     4.33
  LBC10-00         CIRCULAR             0.60     0.28     0.15     0.60        1     1.04
  LBC11-02         CIRCULAR             1.20     1.13     0.30     1.20        1     7.25
  LBC11-00         CIRCULAR             1.00     0.79     0.25     1.00        1     4.91
  LSR01-10         CIRCULAR             1.00     0.79     0.25     1.00        1     4.14
  LSR01-09         RECT_CLOSED          1.10     1.10     0.26     1.00        1     3.61
  LSR01-08         RECT_CLOSED          1.10     1.10     0.26     1.00        1     2.11
  LSR01-07         RECT_CLOSED          1.30     1.30     0.28     1.00        1     9.34
  LSR01-06         RECT_CLOSED          1.50     3.75     0.47     2.50        1    13.25
  LSR01-05         RECT_CLOSED          1.50     3.75     0.47     2.50        1     9.75
  LSR01-03         RECT_CLOSED          1.50     3.75     0.47     2.50        1    13.89
  LSR01-02         RECT_CLOSED          1.60     3.20     0.44     2.00        1    10.11
  LSR01-01         RECT_CLOSED          1.30     2.60     0.39     2.00        1     8.15
  LSR01-00         RECT_CLOSED          1.30     2.60     0.39     2.00        1    11.25
  LSR02-04         RECT_CLOSED          1.50     1.50     0.30     1.00        1     3.18
  LSR02-03         RECT_CLOSED          1.50     1.50     0.30     1.00        1     3.03
  LSR02-02         RECT_CLOSED          3.00     7.50     0.68     2.50        1     3.77
  InStr_Sr         RECT_CLOSED          3.00     7.50     0.68     2.50        1    12.25
  LSR03-00         RECT_CLOSED          2.70     8.10     0.71     3.00        1    12.32
  LBC01-2001       RECT_CLOSED          3.50     7.00     0.64     2.00        3     8.63
  LBC01-2002       RECT_CLOSED          3.00    10.80     0.82     3.60        2    29.29
  LBC01-19.1       RECT_CLOSED          3.20    12.80     0.89     4.00        2    28.70
  LBC01-19.2       RECT_CLOSED          3.20    11.20     0.84     3.50        1    24.10
  LBC01-19.3       RECT_CLOSED          3.20     8.00     0.70     2.50        1    17.13
  LBC12-00         CIRCULAR             0.60     0.28     0.15     0.60        1     2.28
  LBP01-01         RECT_CLOSED          3.00     9.90     0.79     3.30        4    10.98
  LBP01-00         RECT_CLOSED          3.00     9.00     0.75     3.00        4     9.86
  LYS01-18         RECT_CLOSED          1.30     2.60     0.39     2.00        1    10.25
  LYS01-17         RECT_CLOSED          1.30     2.60     0.39     2.00        1     8.68
  LYS01-16         RECT_CLOSED          1.30     2.60     0.39     2.00        1    10.25
  LYS01-15         RECT_CLOSED          1.30     2.60     0.39     2.00        1    14.31
  LYS01-14         RECT_CLOSED          1.30     2.60     0.39     2.00        1     2.44
  LYS01-13         RECT_CLOSED          1.30     2.60     0.39     2.00        1     3.49
  LYS01-12         RECT_CLOSED          2.50     6.25     0.62     2.50        1    32.02
  LYS01-11         RECT_CLOSED          2.50     6.25     0.62     2.50        1    33.68
  LYS01-10         RECT_CLOSED          2.50     6.25     0.62     2.50        1    50.18
  LYS01-09         RECT_CLOSED          2.50     5.00     0.56     2.00        2    10.55
  LYS01-08         RECT_CLOSED          2.50     5.00     0.56     2.00        2     0.50
  LYS01-07.1       RECT_CLOSED          2.50     3.50     0.45     1.40        2     5.54
  LYS01-07.2       RECT_CLOSED          2.50     9.00     0.74     3.60        1    19.83
  LYS01-06.1       RECT_CLOSED          2.50     3.50     0.45     1.40        2     3.44
  LYS01-06.2       RECT_CLOSED          2.50     9.00     0.74     3.60        1    12.31
  LYS01-05.1       RECT_CLOSED          2.50     3.50     0.45     1.40        2     5.38
  LYS01-05.2       RECT_CLOSED          2.50     9.00     0.74     3.60        1    19.28
  LYS01-04.1       RECT_CLOSED          2.50     3.50     0.45     1.40        2     8.46
  LYS01-04.2       RECT_CLOSED          2.50     9.00     0.74     3.60        1    30.30
  LYS01-03.1       RECT_CLOSED          2.50     8.75     0.73     3.50        1    26.62
  LYS01-02         RECT_CLOSED          2.50     8.75     0.73     3.50        2    41.04
  LYS02-05         CIRCULAR             0.80     0.50     0.20     0.80        1     2.21
  LYS02-04         CIRCULAR             0.80     0.50     0.20     0.80        1     2.18
  LYS02-03         CIRCULAR             0.80     0.50     0.20     0.80        1     2.01
  LYS02-02         CIRCULAR             1.20     1.13     0.30     1.20        1     2.02
  LYS02-01         CIRCULAR             1.20     1.13     0.30     1.20        1     3.20
  LYS02-00         CIRCULAR             1.20     1.13     0.30     1.20        1     0.09
  LYS03-00         CIRCULAR             0.90     0.64     0.23     0.90        1     1.66
  LYS05-10         CIRCULAR             0.80     0.50     0.20     0.80        1     0.28
  LYS05-09         CIRCULAR             0.80     0.50     0.20     0.80        1     1.04
  LYS05-08         CIRCULAR             0.80     0.50     0.20     0.80        1     1.85
  LYS05-07         CIRCULAR             0.80     0.50     0.20     0.80        1     2.27
  LYS05-06         CIRCULAR             0.80     0.50     0.20     0.80        1     1.73
  LYS05-05         CIRCULAR             0.80     0.50     0.20     0.80        1     2.12
  LYS05-04         CIRCULAR             0.90     0.64     0.23     0.90        1     0.66
  LYS05-03         CIRCULAR             1.10     0.95     0.28     1.10        1     0.39
  LYS05-02         CIRCULAR             1.10     0.95     0.28     1.10        1     4.13
  LYS05-00         CIRCULAR             1.20     1.13     0.30     1.20        1     2.76
  LYS06-00         CIRCULAR             1.00     0.79     0.25     1.00        1     1.29
  LYS07-01         CIRCULAR             0.80     0.50     0.20     0.80        1     1.17
  LYS07-00         RECT_CLOSED          1.20     1.44     0.30     1.20        1     4.34
  LYS08-11         RECT_CLOSED          1.20     1.44     0.30     1.20        1     5.91
  LYS08-10         RECT_CLOSED          1.20     1.44     0.30     1.20        1     5.94
  LYS08-09         RECT_CLOSED          1.50     3.00     0.43     2.00        1    11.62
  LYS08-08         RECT_CLOSED          1.50     3.00     0.43     2.00        1    15.12
  LYS08-07         RECT_CLOSED          2.00     4.00     0.50     2.00        1    33.72
  LYS08-06         RECT_CLOSED          2.00     4.00     0.50     2.00        1    12.27
  LYS08-05         RECT_CLOSED          1.70     3.40     0.46     2.00        1     3.07
  LYS08-04         RECT_CLOSED          2.00     4.60     0.53     2.30        1    21.61
  LYS08-03         RECT_CLOSED          2.00     5.00     0.56     2.50        1    19.23
  LYS08-02         RECT_CLOSED          2.00     5.00     0.56     2.50        1    22.66
  LYS08-00         RECT_CLOSED          2.00     5.00     0.56     2.50        1    34.43
  LYS09-01         CIRCULAR             0.80     0.50     0.20     0.80        1     0.54
  LYS09-00         CIRCULAR             0.80     0.50     0.20     0.80        1     0.88
  LYS10-01         CIRCULAR             0.80     0.50     0.20     0.80        1     2.84
  LYS10-00         CIRCULAR             0.80     0.50     0.20     0.80        1     2.73
  LYS11-03         CIRCULAR             1.00     0.79     0.25     1.00        1     6.77
  LYS11-02         CIRCULAR             1.50     1.77     0.38     1.50        1    15.00
  LYS12-05         CIRCULAR             0.90     0.64     0.23     0.90        1     2.46
  LYS12-04         RECT_CLOSED          1.20     2.16     0.36     1.80        1    10.09
  LYS12-03         RECT_CLOSED          1.20     2.16     0.36     1.80        1     9.23
  LYS12-02         RECT_CLOSED          1.20     2.16     0.36     1.80        1     8.09
  LYS12-01         RECT_CLOSED          1.20     2.40     0.37     2.00        1     9.21
  LYS12-00         RECT_CLOSED          2.00     4.00     0.50     2.00        1     5.20
  LYS13-07         CIRCULAR             1.00     0.79     0.25     1.00        1     1.14
  LYS13-06         CIRCULAR             1.00     0.79     0.25     1.00        1     0.60
  LYS13-05         CIRCULAR             1.00     0.79     0.25     1.00        1     0.81
  LYS13-04         CIRCULAR             1.00     0.79     0.25     1.00        1     0.84
  LYS13-03         CIRCULAR             1.00     0.79     0.25     1.00        1     3.65
  LYS13-02         CIRCULAR             1.00     0.79     0.25     1.00        1     3.38
  LYS13-01         CIRCULAR             1.00     0.79     0.25     1.00        1     2.39
  LYS13-00.1       CIRCULAR             1.20     1.13     0.30     1.20        1     3.03
  LYS13-00.2       CIRCULAR             1.20     1.13     0.30     1.20        1     2.67
  LYS14-02         CIRCULAR             0.60     0.28     0.15     0.60        1     0.79
  LYS14-01         CIRCULAR             0.60     0.28     0.15     0.60        1     0.53
  LYS14-00         CIRCULAR             0.60     0.28     0.15     0.60        1     1.28
  LYS18-01         CIRCULAR             0.90     0.64     0.23     0.90        1     1.24
  LYS18-00         CIRCULAR             1.20     1.13     0.30     1.20        1     2.05
  LYS15-02         CIRCULAR             1.20     1.13     0.30     1.20        1     2.50
  LYS15-01         CIRCULAR             1.20     1.13     0.30     1.20        1     3.26
  LYS15-00         CIRCULAR             1.20     1.13     0.30     1.20        1     4.62
  LYS16-03         CIRCULAR             0.80     0.50     0.20     0.80        1     1.68
  LYS16-02         CIRCULAR             0.90     0.64     0.23     0.90        1     1.77
  LYS16-01         CIRCULAR             0.90     0.64     0.23     0.90        1     2.04
  LYS16-00         CIRCULAR             0.90     0.64     0.23     0.90        1     2.24
  LYS17-00         CIRCULAR             0.90     0.64     0.23     0.90        1     1.36
  LYS95-00         RECT_CLOSED          3.50     7.00     0.64     2.00        2    27.21
  LYS95-01         RECT_CLOSED          3.50     7.00     0.64     2.00        2    34.27
  LYS96-2.2        RECT_CLOSED          3.20    12.16     0.87     3.80        1    38.42
  LYS92-01         RECT_CLOSED          3.50     7.00     0.64     2.00        1    29.76
  LYS92-00         RECT_CLOSED          3.20    12.16     0.87     3.80        1    23.34
  LYS93-00         RECT_CLOSED          3.00     9.00     0.75     3.00        1    27.21
  LYS94-00         RECT_CLOSED          3.00     9.00     0.75     3.00        1     7.67
  LYS99-00         RECT_CLOSED          3.00     6.00     0.60     2.00        1     7.51
  LYS99-01         RECT_CLOSED          3.00     6.00     0.60     2.00        1    12.14
  LYS11-01         CIRCULAR             1.50     1.77     0.38     1.50        1    14.17
  LYS11-00         CIRCULAR             1.50     1.77     0.38     1.50        1     7.51
  LYS05-001        RECT_CLOSED          3.00     9.00     0.75     3.00        1    14.96
  LSC01-21         RECT_CLOSED          1.50     2.25     0.38     1.50        1    13.12
  LSC01-20         RECT_CLOSED          2.00     5.00     0.56     2.50        1    21.03
  LSC01-19         RECT_CLOSED          2.00     5.00     0.56     2.50        1    40.57
  LSC01-18         RECT_CLOSED          2.00     5.00     0.56     2.50        1    37.99
  LSC01-17         RECT_CLOSED          2.00     5.00     0.56     2.50        1    37.91
  LSC01-16         RECT_CLOSED          2.00     5.00     0.56     2.50        1    16.99
  LSC01-15         RECT_CLOSED          2.00     5.00     0.56     2.50        1     0.41
  LSC01-14         RECT_CLOSED          2.50     7.50     0.68     3.00        1    54.38
  LSC01-13         RECT_CLOSED          2.50     7.50     0.68     3.00        1    70.69
  LSC01-12         RECT_CLOSED          2.50     7.50     0.68     3.00        1    36.17
  LSC01-11         RECT_CLOSED          2.50     7.50     0.68     3.00        1    39.55
  LSC01-10         RECT_CLOSED          2.50     6.25     0.62     2.50        2    30.05
  LSC01-09         RECT_CLOSED          2.50     7.50     0.68     3.00        1    21.61
  LSC01-08         RECT_CLOSED          2.50     6.00     0.61     2.40        1    19.26
  LSC01-07.1       RECT_CLOSED          2.50     6.00     0.61     2.40        1    12.96
  LSC01-06         RECT_CLOSED          2.50     8.25     0.71     3.30        1    34.40
  LSC01-05         RECT_CLOSED          2.50    12.25     0.83     4.90        1    70.43
  LSC01-04         RECT_CLOSED          2.50    12.25     0.83     4.90        1    27.24
  LSC01-03         RECT_CLOSED          2.50    12.25     0.83     4.90        1    33.73
  LSC01-02         RECT_CLOSED          2.50    12.25     0.83     4.90        1    24.31
  LSC01-01         RECT_CLOSED          2.50    12.25     0.83     4.90        1    31.00
  LSC01-00         RECT_CLOSED          2.50    14.00     0.86     5.60        1    37.90
  LSC02-03         CIRCULAR             0.80     0.50     0.20     0.80        1     1.89
  LSC02-02         CIRCULAR             1.20     1.13     0.30     1.20        1     0.11
  LSC02-01         CIRCULAR             1.20     1.13     0.30     1.20        1     3.32
  LSC02-00         CIRCULAR             1.20     1.13     0.30     1.20        1     5.44
  LSC03-00         CIRCULAR             0.90     0.64     0.23     0.90        1     2.94
  LSC04-00         CIRCULAR             0.90     0.64     0.23     0.90        1     2.24
  LSC05-07         RECT_CLOSED          1.20     1.44     0.30     1.20        1     8.40
  LSC05-06         RECT_CLOSED          1.20     1.44     0.30     1.20        1     7.44
  LSC05-05         RECT_CLOSED          1.50     1.80     0.33     1.20        1     3.86
  LSC05-04         RECT_CLOSED          1.50     1.80     0.33     1.20        1     5.86
  LSC05-03         RECT_CLOSED          1.50     1.80     0.33     1.20        1     5.63
  LSC05-02         RECT_CLOSED          1.50     1.80     0.33     1.20        1     5.89
  LSC05-01         RECT_CLOSED          1.50     1.80     0.33     1.20        1     5.17
  LSC05-00         RECT_CLOSED          1.50     1.80     0.33     1.20        1     7.42
  LSC06-04         RECT_CLOSED          2.00     5.00     0.56     2.50        1    25.05
  LSC06-03         RECT_CLOSED          2.00     5.00     0.56     2.50        1    20.96
  LSC06-02         RECT_CLOSED          2.00     5.00     0.56     2.50        1    26.95
  LSC06-01         RECT_CLOSED          2.00     5.00     0.56     2.50        1    22.80
  LSC06-00         RECT_CLOSED          2.00     5.00     0.56     2.50        2    13.08
  LSC08-02         RECT_CLOSED          1.50     3.00     0.43     2.00        1    15.99
  LSC08-01         RECT_CLOSED          1.50     3.00     0.43     2.00        1    15.38
  LSC08-00         RECT_CLOSED          1.50     3.00     0.43     2.00        1    12.83
  LSC07-03         RECT_CLOSED          0.80     1.20     0.26     1.50        1     1.76
  LSC07-02         RECT_CLOSED          0.80     1.20     0.26     1.50        1     4.59
  LSC07-01         RECT_CLOSED          1.30     3.25     0.43     2.50        1    10.99
  LSC07-00         RECT_CLOSED          1.30     3.25     0.43     2.50        1    10.20
  LSC09-01         CIRCULAR             0.90     0.64     0.23     0.90        1     1.36
  LSC09-00         CIRCULAR             0.90     0.64     0.23     0.90        1     0.89
  LSC10-16         RECT_CLOSED          1.20     1.80     0.33     1.50        1    11.21
  LSC10-15         RECT_CLOSED          1.20     1.80     0.33     1.50        1    16.97
  LSC10-14         RECT_CLOSED          1.50     2.25     0.38     1.50        1    12.99
  LSC10-13         RECT_CLOSED          1.50     2.25     0.38     1.50        1    15.53
  LSC10-12         RECT_CLOSED          1.50     3.00     0.43     2.00        1    17.21
  LSC10-11         RECT_CLOSED          2.00     4.00     0.50     2.00        1    28.45
  LSC10-10         RECT_CLOSED          2.00     5.00     0.56     2.50        1    29.86
  LSC10-09         RECT_CLOSED          2.00     5.00     0.56     2.50        1    28.22
  LSC10-08         RECT_CLOSED          2.00     5.00     0.56     2.50        1    22.81
  LSC10-07         RECT_CLOSED          2.00     5.00     0.56     2.50        1    25.60
  LSC10-06         RECT_CLOSED          2.00     5.00     0.56     2.50        1    26.82
  LSC10-05         RECT_CLOSED          2.00     9.00     0.69     4.50        1    53.28
  LSC10-04         RECT_CLOSED          2.00     9.00     0.69     4.50        1    48.53
  LSC10-03         RECT_CLOSED          2.50     6.25     0.62     2.50        2    20.65
  LSC10-02         RECT_CLOSED          2.50     6.25     0.62     2.50        2    35.03
  LSC10-01         RECT_CLOSED          2.50     6.25     0.62     2.50        2    15.43
  LSC10-00         RECT_CLOSED          2.50     6.25     0.62     2.50        2    16.90
  LSC11-04         CIRCULAR             1.00     0.79     0.25     1.00        1     4.60
  LSC11-03         CIRCULAR             1.00     0.79     0.25     1.00        1     4.61
  LSC11-02         CIRCULAR             1.00     0.79     0.25     1.00        1     3.86
  LSC11-01         RECT_CLOSED          1.20     2.40     0.37     2.00        1    10.34
  LSC11-00         RECT_CLOSED          1.20     2.40     0.37     2.00        1     8.37
  LSC12-04         RECT_CLOSED          1.50     3.00     0.43     2.00        1    15.07
  LSC12-03.1       CIRCULAR             1.00     0.79     0.25     1.00        1     4.27
  LSC12-03.2       CIRCULAR             1.50     1.77     0.38     1.50        1    12.59
  LSC12-02.1       CIRCULAR             1.00     0.79     0.25     1.00        1     4.15
  LSC12-02.2       CIRCULAR             1.50     1.77     0.38     1.50        1    12.25
  LSC12-01.1       CIRCULAR             1.00     0.79     0.25     1.00        1     3.96
  LSC12-01.2       CIRCULAR             1.50     1.77     0.38     1.50        1    11.67
  LSC12-00         RECT_CLOSED          2.00     5.00     0.56     2.50        1    38.08
  LSC13-02         CIRCULAR             1.00     0.79     0.25     1.00        1     3.44
  LSC13-01         CIRCULAR             1.00     0.79     0.25     1.00        1     1.66
  LSC13-00         RECT_CLOSED          1.20     1.44     0.30     1.20        1     3.86
  LSC14-00         CIRCULAR             1.20     1.13     0.30     1.20        1     6.10
  LSC15-08.1       RECT_CLOSED          2.20     6.60     0.63     3.00        1    28.55
  LSC15-08.2       RECT_CLOSED          2.50     5.50     0.59     2.20        2    22.54
  LSC15-07.1       RECT_CLOSED          2.20     6.60     0.63     3.00        1    13.83
  LSC15-07.2       RECT_CLOSED          2.60     5.98     0.61     2.30        2     9.78
  LSC15-05         RECT_CLOSED          0.20     0.56     0.09     2.80        2     0.52
  LSC15-04         RECT_CLOSED          2.65     7.42     0.68     2.80        3    21.93
  LSC15-03         RECT_CLOSED          3.00     9.00     0.75     3.00        3    35.52
  LSC15-02         RECT_CLOSED          2.65     7.42     0.68     2.80        3    10.54
  LSC15-01         RECT_CLOSED          3.00     9.00     0.75     3.00        3    38.76
  LSC15-00.3       RECT_CLOSED          3.00     9.00     0.75     3.00        3    37.04
  LSC16-04         CIRCULAR             1.00     0.79     0.25     1.00        1     4.40
  LSC16-03         CIRCULAR             1.00     0.79     0.25     1.00        1     5.12
  LSC16-02         RECT_CLOSED          2.00     4.00     0.50     2.00        1    18.40
  LSC16-01         RECT_CLOSED          2.00     4.00     0.50     2.00        1     2.95
  LSC16-00         RECT_CLOSED          2.00     4.00     0.50     2.00        1    14.90
  LSC17-00         RECT_CLOSED          1.50     2.25     0.38     1.50        1     9.11
  LSC18-02         CIRCULAR             0.80     0.50     0.20     0.80        1     1.08
  LSC18-01         CIRCULAR             0.80     0.50     0.20     0.80        1     1.01
  LSC18-00         CIRCULAR             0.80     0.50     0.20     0.80        1     0.65
  LSC19-11         RECT_CLOSED          1.50     2.25     0.38     1.50        1    15.08
  LSC19-10         RECT_CLOSED          1.50     2.25     0.38     1.50        1    16.46
  LSC19-09         RECT_CLOSED          1.50     2.25     0.38     1.50        1    11.91
  LSC19-08         RECT_CLOSED          2.00     8.00     0.67     4.00        1    46.34
  LSC19-07         RECT_CLOSED          2.00     8.00     0.67     4.00        1    38.62
  LSC19-06         RECT_CLOSED          2.50    10.00     0.77     4.00        1    52.02
  LSC19-05         RECT_CLOSED          2.50    10.00     0.77     4.00        1    47.34
  1248.1           RECT_CLOSED          2.50    10.00     0.77     4.00        1     1.10
  a-01             RECT_CLOSED          2.50     5.00     0.56     2.00        1     0.47
  1250.1           RECT_CLOSED          2.50    10.00     0.77     4.00        1     7.94
  a-02             RECT_CLOSED          2.50     5.00     0.56     2.00        1     3.42
  1252.1           RECT_CLOSED          2.50    10.00     0.77     4.00        1    15.69
  a-03             RECT_CLOSED          2.50     5.00     0.56     2.00        1     6.77
  1254.1           RECT_CLOSED          2.50    10.00     0.77     4.00        1    38.80
  a-04             RECT_CLOSED          2.50     5.00     0.56     2.00        1    15.62
  1255.1           RECT_CLOSED          2.50    10.00     0.77     4.00        1    44.93
  a-05             RECT_CLOSED          2.50     5.00     0.56     2.00        1    18.08
  LSC21-05         CIRCULAR             0.90     0.64     0.23     0.90        1     4.49
  LSC21-04         CIRCULAR             0.90     0.64     0.23     0.90        1     4.09
  LSC21-03         CIRCULAR             1.00     0.79     0.25     1.00        1     4.66
  LSC21-02         CIRCULAR             1.00     0.79     0.25     1.00        1     3.83
  LSC21-01         CIRCULAR             1.00     0.79     0.25     1.00        1     3.46
  LSC21-00         RECT_CLOSED          1.50     2.25     0.38     1.50        1     6.07
  LSC20-08         RECT_CLOSED          2.00     5.60     0.58     2.80        1    10.99
  LSC20-07         RECT_CLOSED          2.00     5.60     0.58     2.80        1    35.44
  LSC20-06         RECT_CLOSED          2.00     6.00     0.60     3.00        1    48.63
  LSC20-05         RECT_CLOSED          2.00     5.00     0.56     2.50        1    25.89
  LSC20-04         RECT_CLOSED          2.00     5.00     0.56     2.50        1    16.96
  LSC20-00         RECT_CLOSED          2.00     8.00     0.67     4.00        1    41.37
  LSC20-03         RECT_CLOSED          2.00     8.00     0.67     4.00        1    47.34
  LSC20-02         RECT_CLOSED          2.00     8.00     0.67     4.00        1    45.23
  LSC20-01         RECT_CLOSED          2.00     8.00     0.67     4.00        1    42.26
  LSC20-09         RECT_CLOSED          2.00     4.00     0.50     2.00        1     5.27
  LSC22-00         RECT_CLOSED          1.20     1.44     0.30     1.20        1     2.13
  LSC23-03         RECT_CLOSED          1.50     2.25     0.38     1.50        1    18.20
  LSC23-02         RECT_CLOSED          1.50     2.25     0.38     1.50        1    14.26
  LSC23-01         RECT_CLOSED          1.50     2.25     0.38     1.50        1    15.27
  LSC23-00         RECT_CLOSED          1.50     2.25     0.38     1.50        1     9.40
  LBC13-04         CIRCULAR             1.20     1.13     0.30     1.20        1     2.19
  LBC13-03         RECT_CLOSED          1.50     1.80     0.33     1.20        1     5.13
  LBC14-05         RECT_CLOSED          1.50     1.65     0.32     1.10        1     2.02
  LBC14-04         RECT_CLOSED          1.70     2.89     0.42     1.70        1     5.80
  LBC14-03         RECT_CLOSED          1.70     2.89     0.42     1.70        1     3.44
  LBC14-02         RECT_CLOSED          1.70     2.89     0.42     1.70        1     6.61
  LBC14-01         RECT_CLOSED          1.70     2.89     0.42     1.70        1     8.35
  LBC14-00         RECT_CLOSED          1.70     2.89     0.42     1.70        1    25.09
  LBC16-06         RECT_CLOSED          1.50     2.25     0.38     1.50        1     5.35
  LBC16-05         RECT_CLOSED          1.50     2.25     0.38     1.50        1     2.67
  LBC16-04         RECT_CLOSED          1.50     2.25     0.38     1.50        1     1.66
  LBC16-03         RECT_CLOSED          1.70     2.89     0.42     1.70        1     2.12
  LBC16-02         RECT_CLOSED          1.70     2.89     0.42     1.70        1     9.02
  LBC16-00         RECT_CLOSED          1.70     2.89     0.42     1.70        1     9.50
  LBC17-00         CIRCULAR             0.90     0.64     0.23     0.90        1     2.27
  LBC18-00         CIRCULAR             1.00     0.79     0.25     1.00        1     2.08
  LBC13-02         RECT_CLOSED          1.50     2.25     0.38     1.50        1     2.52
  LBC13-01         RECT_CLOSED          1.50     2.25     0.38     1.50        1     2.55
  LBC13-00         RECT_CLOSED          1.50     1.95     0.35     1.30        1    13.08
  LBC16-000        RECT_CLOSED          1.70     2.89     0.42     1.70        1    76.03
  LBC15-01         CIRCULAR             0.90     0.64     0.23     0.90        1     0.77
  LBC15-00         CIRCULAR             1.00     0.79     0.25     1.00        1     0.98
  LBPC-31          RECT_CLOSED          8.28    53.82     1.82     6.50        4     6.37
  LBPC-30          RECT_CLOSED          8.28    57.13     1.88     6.90        4    55.99
  LBPC-29          RECT_CLOSED          8.20    54.94     1.84     6.70        4     6.56
  LBPC-28          RECT_CLOSED          7.61    48.70     1.74     6.40        4    45.27
  LBPC-27          RECT_CLOSED          7.17    52.34     1.81     7.30        3    35.32
  LBPC-26          RECT_CLOSED          8.00    58.40     1.91     7.30        3    70.75
  LBPC-25          No.25                8.58   201.99     4.40    39.90        1  1090.90
  LBPC-24          No.24                8.84   226.07     4.38    44.20        1   898.28
  LBPC-23          No.23                9.49   255.72     4.66    43.50        1  1809.60
  LBPC-22          No.22                9.48   244.19     4.53    41.80        1   535.79
  LBPC-21          No.21                8.42   221.09     3.93    47.20        1  1055.29
  LBPC-20          No.20               10.11   306.72     5.72    48.10        1   786.25
  LBPC-19          No.19               12.08   345.27     5.92    50.60        1  1027.42
  LBPC-18          No.18               13.92   501.73     7.61    58.40        1  3222.33
  LBPC-17          No.17               10.78   305.52     4.45    53.90        1   867.38
  LBPC-16          No.16               10.92   324.53     4.59    55.65        1  1152.28
  LBPC-15          No.15               10.65   306.90     4.31    61.14        1   696.82
  LBPC-14          No.14               10.20   338.89     5.11    57.80        1  1523.22
  LBPC-13          No.13               10.78   427.73     4.64    76.66        1  2071.48
  LBPC-12          No.12               10.83   462.06     4.92    79.27        1  1214.63
  LBPC-11          No.11               10.85   367.40     4.91    62.10        1  1325.97
  LBPC-10          No.10               10.90   425.02     5.81    62.80        1  1665.07
  LBPC-08          No.8                10.63   475.15     6.13    63.70        1   482.40
  LBPC-07          No.7                10.94   512.10     6.10    75.17        1  2930.98
  LBPC-06          No.6                13.22   684.16     6.57    93.35        1   126.99
  LBPC-05          No.5                13.12   731.56     5.72   111.80        1  1737.87
  LBPC-04          No.4                12.54   781.76     7.16   100.16        1  4741.94
  LBPC-03          No.3                14.91   945.44     7.93   116.40        1 12689.26
  LBPC-02          No.2                13.65  1276.20     6.22   183.53        1  6273.10
  LBPC-01          No.1                15.37  1333.32    10.58   109.60        1 11520.67
  LBPC-00          No.0                15.14  1941.43    10.17   168.10        1 30638.83
  LBPC-09          No.9                11.14   569.35     6.90    74.90        1  2653.23
  LBPC-32          RECT_CLOSED          8.28    53.82     1.82     6.50        4   437.81
  LBPC-33.1        RECT_CLOSED          4.50    84.15     1.81    18.70        1    12.14
  LBPC-33.2        RECT_CLOSED          2.30     6.56     0.64     2.85        2     2.69
  LBC01-17         RECT_CLOSED          4.50    84.15     1.81    18.70        1   565.40
  LBC01-1801       RECT_CLOSED          3.00    14.10     0.92     4.70        1    50.83
  LBC01-1802       RECT_CLOSED          3.00    13.50     0.90     4.50        3    48.11
  LBC01-1803       RECT_CLOSED          3.00     9.00     0.75     3.00        1    28.40
  LBC01-1811       RECT_CLOSED          3.00    14.10     0.92     4.70        1    57.28
  LBC01-1812       RECT_CLOSED          3.00    13.50     0.90     4.50        3    54.21
  LBC01-2011       RECT_CLOSED          3.50     7.00     0.64     2.00        3    11.51
  LBC01-2012       RECT_CLOSED          3.00    10.80     0.82     3.60        2    21.00
  LYS90            RECT_CLOSED          3.50     7.00     0.64     2.00        1    29.76
  LYS91-01         RECT_CLOSED          3.20    12.16     0.87     3.80        1    63.60
  LYS01-03         RECT_CLOSED          2.50     8.75     0.73     3.50        1    45.07
  LYS01-03.2       RECT_CLOSED          2.50     8.75     0.73     3.50        1    32.42
  LH7              RECT_CLOSED          2.50     3.75     0.47     1.50        1     4.97
  LYS99-02         RECT_CLOSED          3.00     6.00     0.60     2.00        1    12.74
  LYS99-03         RECT_CLOSED          1.50     2.25     0.38     1.50        3    29.94
  LYS99-04         RECT_CLOSED          1.50     2.25     0.38     1.50        3     1.46
  LYS99-05         RECT_CLOSED          3.00     9.00     0.75     3.00        1   174.55
  LNH01-00         RECT_CLOSED          3.00     7.95     0.70     2.65        2    16.24
  LNH01-00.1       RECT_CLOSED          2.80     6.02     0.61     2.15        2    10.35
  LNH01-00.2       RECT_CLOSED          2.80    12.88     0.87     4.60        1    20.49
  LNH01-05         RECT_CLOSED          3.50     9.10     0.75     2.60        1    43.54
  LNH01-05.2       RECT_CLOSED          3.50     9.10     0.75     2.60        1    43.54
  1485.1           RECT_CLOSED          3.50    14.35     0.94     4.10        1    22.33
  q-05             RECT_CLOSED          3.50     7.70     0.68     2.20        1     9.59
  LSC15-0001       RECT_CLOSED          2.70     7.83     0.70     2.90        1    19.43
  LSC15-0002       RECT_CLOSED          2.70     7.29     0.68     2.70        2    17.67
  LSC15-00.1       RECT_CLOSED          2.70     8.10     0.71     3.00        3     8.12
  LSC15-00.2       RECT_CLOSED          3.20     9.60     0.77     3.00        3    31.14
  LH1-02.1         RECT_CLOSED          2.80    10.64     0.81     3.80        1    32.45
  LH1-01           RECT_CLOSED          4.20    26.04     1.25     6.20        1    86.26
  LH1-00           HORSESHOE            3.80    11.98     0.96     3.80        1    42.69
  LSC01-07         RECT_CLOSED          2.50     8.25     0.71     3.30        1    12.00
  LSC01-10.1       RECT_CLOSED          2.50     7.50     0.68     3.00        1    59.88
  LBP01-14         RECT_CLOSED          2.50     5.00     0.56     2.00        2    18.64
  LBP01-20         RECT_CLOSED          2.30     5.06     0.56     2.20        3     0.95
  1508.1           RECT_CLOSED          2.50     5.00     0.56     2.00        2     3.77
  p-07             RECT_CLOSED          2.50     8.75     0.73     3.50        1     7.91
  1510.1           RECT_CLOSED          2.20     4.40     0.52     2.00        1    11.86
  p-04             RECT_CLOSED          2.00     6.00     0.60     3.00        1    17.71
  LBP11-05         RECT_CLOSED          1.50     2.25     0.38     1.50        1     4.06
  LBP13-01         RECT_CLOSED          2.00     5.00     0.56     2.50        1    16.52
  LBP13-01.1       CIRCULAR             1.50     1.77     0.38     1.50        2     2.29
  NHL_015          RECT_CLOSED          1.70     2.89     0.42     1.70        1    15.46
  SDCL_010         RECT_CLOSED          3.00    10.50     0.81     3.50        2    84.94
  SDCL_009         RECT_CLOSED          3.00    10.50     0.81     3.50        1    82.80
  SDCL_008         RECT_CLOSED          2.80     8.40     0.72     3.00        2    64.43
  SDCL_007         RECT_CLOSED          2.80     8.40     0.72     3.00        2    63.24
  SDCL_039         RECT_CLOSED          8.40    53.76     1.82     6.40        2    65.41
  SDCL_031         RECT_CLOSED          5.82    29.10     1.34     5.00        3   177.54
  SDCL_034         RECT_CLOSED          7.50    48.00     1.73     6.40        2   135.63
  SDCL_027         RECT_CLOSED          5.00    21.00     1.14     4.20        3    87.35
  SDCL_033         RECT_CLOSED          6.69    42.82     1.64     6.40        2   196.68
  SDCL_032         RECT_CLOSED          5.68    23.86     1.21     4.20        3   203.63
  SDCL_038         RECT_CLOSED          8.80    56.32     1.85     6.40        2   251.23
  SDCL_037         RECT_CLOSED          8.40    53.76     1.82     6.40        2   250.95
  SDCL_036         RECT_CLOSED          8.00    51.20     1.78     6.40        2   203.53
  SDCL_035         RECT_CLOSED          7.60    48.64     1.74     6.40        2   166.49
  SDCL_003         No.74SD              5.17    76.55     1.97    31.56        1   722.68
  NHL_032          Ji_no2               3.70    39.75     2.39    11.86        1   172.75
  SDCL_025         RECT_CLOSED          4.54    23.61     1.21     5.20        3    47.10
  SDCL_024         RECT_CLOSED          4.17    20.43     1.13     4.90        4    74.49
  SDCL_023         RECT_CLOSED          3.98    20.30     1.12     5.10        4    92.61
  SDCL_026         RECT_CLOSED          4.72    24.54     1.24     5.20        3   109.08
  SDCL_026_1       RECT_CLOSED          5.47    50.05     1.71     9.15        2   212.61
  SDCL_017         RECT_CLOSED          3.38    14.47     0.94     4.28        5    68.74
  SDCL_013         RECT_CLOSED          2.50    15.00     0.88     6.00        3    77.03
  SDCL_011         RECT_CLOSED          2.60    11.44     0.82     4.40        2    93.38
  SDCL_016         RECT_CLOSED          3.33    12.25     0.87     3.68        5    76.42
  SDCL_012         RECT_CLOSED          2.50    15.00     0.88     6.00        3    91.63
  SDCL_016_1       RECT_CLOSED          3.31    13.47     0.91     4.07        5    86.51
  NHL_006          RECT_CLOSED          2.50     6.25     0.62     2.50        1    29.38
  NHL_029          Ji_no3               1.75    11.73     1.14     6.70        1    71.71
  NHL_020          RECT_CLOSED          2.00     4.00     0.50     2.00        1    34.30
  SDCL_001         No.76SD              6.20   114.44     3.36    28.63        1  1250.31
  SDCL_006         RECT_CLOSED          3.00     9.00     0.75     3.00        1    82.34
  SDCL_004         RECT_CLOSED          3.00     9.00     0.75     3.00        1    80.90
  SDCL_014         RECT_CLOSED          3.35    11.05     0.83     3.30        1    71.99
  SDCL_018         RECT_CLOSED          3.45    15.52     0.98     4.50        1    66.11
  SDCL_020         RECT_CLOSED          3.54    15.93     0.99     4.50        1    77.17
  SDCL_021         RECT_CLOSED          3.65    16.86     1.02     4.62        1    60.10
  SDCL_028         RECT_CLOSED          5.60    28.00     1.32     5.00        1   132.36
  SDCL_040         RECT_CLOSED          8.00    51.20     1.78     6.40        1   156.08
  LH7.1            RECT_CLOSED          2.50     3.75     0.47     1.50        1     6.14
  LYS90.1          RECT_CLOSED          3.50     7.00     0.64     2.00        2    23.43
  LYS92-00.1       RECT_CLOSED          3.80    12.16     0.87     3.20        1    50.07
  LYS90.2          RECT_CLOSED          3.50     7.00     0.64     2.00        2    10.92
  LYS90.3          RECT_CLOSED          3.50     7.00     0.64     2.00        2    10.45
  LYS92-01.1       RECT_CLOSED          3.20    12.16     0.87     3.80        1    22.35
  LYS90.4          RECT_CLOSED          3.50     7.00     0.64     2.00        1     4.73
  LYS91-01.2       RECT_CLOSED          3.20    12.16     0.87     3.80        1    10.11
  LYS92-01.2       RECT_CLOSED          3.50     7.00     0.64     2.00        1     4.73
  L1976            RECT_CLOSED          2.00     8.00     0.67     4.00        1   122.37
  L1978            RECT_CLOSED          2.00     8.00     0.67     4.00        1     7.11
  L1979            RECT_CLOSED          2.00     8.00     0.67     4.00        1   232.45
  L1981            RECT_CLOSED          2.00     8.00     0.67     4.00        1     7.11
  L1982            RECT_CLOSED          2.00     8.00     0.67     4.00        1   228.28
  L1983            RECT_CLOSED          2.00     8.00     0.67     4.00        1   228.28
  L1984            RECT_CLOSED          2.00     8.00     0.67     4.00        1   228.28
  L1985            RECT_CLOSED          2.00    16.00     0.80     8.00        1   515.58
  LYS96-1.2        RECT_CLOSED          3.50     7.00     0.64     2.00        2    17.98
  LYS96-1          RECT_CLOSED          3.50     7.00     0.64     2.00        2    18.88
  LYS96-2          RECT_CLOSED          3.20    12.16     0.87     3.80        1    20.55
  TP00             RECT_CLOSED          6.00    30.00     1.36     5.00        1    35.50
  TP01             CIRCULAR             7.50    44.18     1.87     7.50        1    43.19
  TP03             RECT_CLOSED          3.00    12.00     0.86     4.00        3    34.03
  TP02             CIRCULAR             7.50    44.18     1.87     7.50        1    43.20
  L1997            RECT_CLOSED          1.30     3.90     0.45     3.00        2    17.65
  L1999            RECT_CLOSED          2.00     6.00     0.60     3.00        1    27.76
  L2004            RECT_CLOSED          3.00     7.50     0.68     2.50        2    51.98
  L2005            RECT_CLOSED          3.00     7.50     0.68     2.50        2    28.99
  L2007            RECT_CLOSED          2.30     5.06     0.56     2.20        4     0.72
  L2008            RECT_CLOSED          2.50     3.75     0.47     1.50        1     8.86
  L2009            RECT_CLOSED          3.00     7.50     0.68     2.50        2    28.86
  L2010            RECT_CLOSED          3.00     7.50     0.68     2.50        2    28.99
  L2011            RECT_CLOSED          3.00     7.50     0.68     2.50        2    12.25
  LSC15-0611       RECT_CLOSED          2.15     6.23     0.62     2.90        1     7.33
  LSC15-0612       RECT_CLOSED          2.50     5.75     0.60     2.30        2     6.63
  1674.1           RECT_CLOSED          2.50     6.25     0.62     2.50        3     9.60
  aaaaa            RECT_CLOSED          2.50     2.50     0.36     1.00        1     2.83
  wwwww            RECT_CLOSED          2.20    11.00     0.76     5.00        4    79.92
  1                RECT_CLOSED          3.50    16.10     0.99     4.60        1    27.60
  
  
  ****************
  Transect Summary
  ****************

  Transect No.25
  Area:  
              0.0054     0.0139     0.0228     0.0323     0.0422 
              0.0525     0.0633     0.0746     0.0864     0.0985 
              0.1112     0.1243     0.1379     0.1519     0.1666 
              0.1818     0.1975     0.2136     0.2300     0.2469 
              0.2642     0.2818     0.2999     0.3184     0.3381 
              0.3588     0.3802     0.4022     0.4247     0.4478 
              0.4715     0.4957     0.5204     0.5457     0.5716 
              0.5980     0.6247     0.6517     0.6795     0.7077 
              0.7361     0.7646     0.7933     0.8221     0.8511 
              0.8801     0.9093     0.9386     0.9680     1.0000 
  Hrad:  
              0.0268     0.0610     0.0945     0.1262     0.1564 
              0.1851     0.2127     0.2393     0.2650     0.2899 
              0.3142     0.3378     0.3609     0.3836     0.3982 
              0.4217     0.4447     0.4674     0.4896     0.5115 
              0.5331     0.5544     0.5755     0.5962     0.5850 
              0.5979     0.6168     0.6356     0.6542     0.6728 
              0.6914     0.7098     0.7282     0.7466     0.7649 
              0.7867     0.8059     0.8210     0.8236     0.8383 
              0.8547     0.8718     0.8885     0.9048     0.9206 
              0.9360     0.9511     0.9657     0.9813     1.0000 
  Width: 
              0.2309     0.2575     0.2717     0.2853     0.2988 
              0.3124     0.3259     0.3394     0.3529     0.3665 
              0.3800     0.3935     0.4070     0.4205     0.4440 
              0.4559     0.4678     0.4798     0.4917     0.5036 
              0.5155     0.5275     0.5394     0.5513     0.5996 
              0.6231     0.6396     0.6562     0.6727     0.6892 
              0.7058     0.7223     0.7389     0.7554     0.7719 
              0.7834     0.7925     0.8016     0.8251     0.8349 
              0.8409     0.8444     0.8480     0.8515     0.8551 
              0.8587     0.8622     0.8658     0.8874     1.0000 

  Transect No.24
  Area:  
              0.0002     0.0061     0.0141     0.0226     0.0314 
              0.0407     0.0504     0.0605     0.0709     0.0829 
              0.0955     0.1085     0.1219     0.1356     0.1496 
              0.1640     0.1788     0.1947     0.2112     0.2282 
              0.2458     0.2639     0.2826     0.3019     0.3216 
              0.3420     0.3629     0.3844     0.4069     0.4307 
              0.4549     0.4795     0.5046     0.5301     0.5561 
              0.5827     0.6099     0.6377     0.6661     0.6950 
              0.7245     0.7544     0.7844     0.8145     0.8446 
              0.8749     0.9052     0.9356     0.9671     1.0000 
  Hrad:  
              0.0110     0.0295     0.0644     0.0972     0.1284 
              0.1582     0.1868     0.2156     0.2442     0.2422 
              0.2703     0.2977     0.3243     0.3502     0.3755 
              0.4003     0.4150     0.4282     0.4494     0.4705 
              0.4913     0.5120     0.5325     0.5528     0.5731 
              0.5930     0.6122     0.6314     0.6218     0.6455 
              0.6689     0.6921     0.7150     0.7366     0.7561 
              0.7755     0.7949     0.8142     0.8334     0.8526 
              0.8720     0.8985     0.9262     0.9535     0.9804 
              1.0070     1.0336     1.0598     1.0840     1.0000 
  Width: 
              0.0122     0.2258     0.2381     0.2503     0.2625 
              0.2748     0.2870     0.2965     0.3042     0.3612 
              0.3711     0.3811     0.3910     0.4010     0.4109 
              0.4209     0.4434     0.4695     0.4853     0.5011 
              0.5169     0.5327     0.5485     0.5643     0.5802 
              0.5962     0.6130     0.6298     0.6810     0.6935 
              0.7060     0.7186     0.7311     0.7451     0.7618 
              0.7785     0.7951     0.8118     0.8285     0.8452 
              0.8615     0.8664     0.8690     0.8716     0.8743 
              0.8769     0.8778     0.8894     0.9311     1.0000 

  Transect No.23
  Area:  
              0.0050     0.0110     0.0177     0.0249     0.0326 
              0.0409     0.0498     0.0593     0.0694     0.0818 
              0.0948     0.1084     0.1225     0.1372     0.1524 
              0.1682     0.1845     0.2014     0.2189     0.2378 
              0.2574     0.2774     0.2978     0.3186     0.3400 
              0.3619     0.3843     0.4074     0.4310     0.4552 
              0.4799     0.5052     0.5306     0.5564     0.5824 
              0.6087     0.6352     0.6621     0.6891     0.7165 
              0.7441     0.7719     0.7999     0.8280     0.8562 
              0.8844     0.9127     0.9410     0.9696     1.0000 
  Hrad:  
              0.0348     0.0693     0.1009     0.1302     0.1578 
              0.1841     0.2094     0.2337     0.2573     0.2474 
              0.2740     0.3000     0.3252     0.3499     0.3741 
              0.3979     0.4212     0.4442     0.4669     0.4653 
              0.4915     0.5173     0.5427     0.5674     0.5890 
              0.6103     0.6316     0.6526     0.6735     0.6943 
              0.7149     0.7278     0.7459     0.7636     0.7808 
              0.7976     0.8139     0.8299     0.8476     0.8703 
              0.8927     0.9148     0.9371     0.9622     0.9869 
              1.0112     1.0351     1.0588     1.0815     1.0000 
  Width: 
              0.1783     0.1961     0.2137     0.2314     0.2491 
              0.2668     0.2845     0.3022     0.3199     0.3946 
              0.4117     0.4289     0.4460     0.4632     0.4803 
              0.4975     0.5146     0.5318     0.5489     0.5995 
              0.6126     0.6257     0.6388     0.6522     0.6698 
              0.6874     0.7050     0.7226     0.7402     0.7578 
              0.7762     0.7849     0.7933     0.8016     0.8100 
              0.8183     0.8266     0.8350     0.8430     0.8503 
              0.8576     0.8648     0.8714     0.8723     0.8733 
              0.8743     0.8753     0.8762     0.9118     1.0000 

  Transect No.22
  Area:  
              0.0008     0.0077     0.0152     0.0231     0.0315 
              0.0404     0.0498     0.0597     0.0711     0.0839 
              0.0972     0.1110     0.1252     0.1399     0.1550 
              0.1706     0.1867     0.2033     0.2215     0.2402 
              0.2593     0.2789     0.2989     0.3195     0.3408 
              0.3626     0.3850     0.4080     0.4317     0.4559 
              0.4806     0.5056     0.5309     0.5564     0.5823 
              0.6085     0.6350     0.6617     0.6887     0.7159 
              0.7434     0.7712     0.7992     0.8273     0.8555 
              0.8836     0.9119     0.9401     0.9689     1.0000 
  Hrad:  
              0.0044     0.0417     0.0760     0.1083     0.1388 
              0.1678     0.1957     0.2225     0.2153     0.2446 
              0.2729     0.3005     0.3275     0.3538     0.3795 
              0.4047     0.4295     0.4257     0.4516     0.4770 
              0.5020     0.5267     0.5500     0.5709     0.5917 
              0.6124     0.6329     0.6534     0.6738     0.6878 
              0.7061     0.7238     0.7410     0.7579     0.7743 
              0.7903     0.8125     0.8353     0.8579     0.8801 
              0.9022     0.9239     0.9459     0.9710     0.9957 
              1.0200     1.0440     1.0676     1.0902     1.0000 
  Width: 
              0.2106     0.2214     0.2365     0.2516     0.2667 
              0.2818     0.2969     0.3120     0.3888     0.4030 
              0.4171     0.4312     0.4454     0.4595     0.4736 
              0.4878     0.5019     0.5543     0.5683     0.5822 
              0.5962     0.6102     0.6257     0.6444     0.6631 
              0.6817     0.7004     0.7191     0.7378     0.7556 
              0.7649     0.7742     0.7835     0.7927     0.8020 
              0.8113     0.8194     0.8273     0.8353     0.8432 
              0.8511     0.8591     0.8661     0.8672     0.8682 
              0.8692     0.8702     0.8712     0.9189     1.0000 

  Transect No.21
  Area:  
              0.0062     0.0140     0.0220     0.0303     0.0389 
              0.0477     0.0568     0.0662     0.0758     0.0863 
              0.0978     0.1102     0.1230     0.1381     0.1537 
              0.1697     0.1863     0.2034     0.2209     0.2390 
              0.2576     0.2766     0.2964     0.3172     0.3384 
              0.3600     0.3820     0.4044     0.4269     0.4505 
              0.4749     0.4998     0.5252     0.5510     0.5772 
              0.6036     0.6302     0.6571     0.6840     0.7109 
              0.7378     0.7647     0.7915     0.8190     0.8470 
              0.8749     0.9029     0.9327     0.9652     1.0000 
  Hrad:  
              0.0351     0.0739     0.1112     0.1469     0.1810 
              0.2136     0.2450     0.2751     0.2990     0.3094 
              0.3213     0.3421     0.3690     0.3563     0.3834 
              0.4101     0.4363     0.4620     0.4873     0.5123 
              0.5370     0.5613     0.5664     0.5928     0.6189 
              0.6446     0.6706     0.6991     0.7159     0.7194 
              0.7470     0.7655     0.7900     0.8142     0.8410 
              0.8675     0.8885     0.9186     0.9483     0.9774 
              1.0061     1.0342     1.0620     1.0549     1.0826 
              1.1098     1.1365     1.1596     1.1785     1.0000 
  Width: 
              0.2090     0.2197     0.2278     0.2350     0.2422 
              0.2494     0.2566     0.2638     0.2767     0.3050 
              0.3333     0.3524     0.3636     0.4262     0.4400 
              0.4539     0.4678     0.4816     0.4955     0.5094 
              0.5232     0.5371     0.5715     0.5834     0.5953 
              0.6073     0.6182     0.6240     0.6409     0.6748 
              0.6816     0.6999     0.7121     0.7243     0.7313 
              0.7381     0.7479     0.7479     0.7479     0.7479 
              0.7479     0.7479     0.7479     0.7775     0.7775 
              0.7775     0.7927     0.8663     0.9368     1.0000 

  Transect No.20
  Area:  
              0.0048     0.0106     0.0170     0.0240     0.0314 
              0.0394     0.0478     0.0568     0.0663     0.0781 
              0.0906     0.1036     0.1172     0.1312     0.1457 
              0.1608     0.1764     0.1929     0.2101     0.2280 
              0.2467     0.2660     0.2871     0.3093     0.3319 
              0.3546     0.3778     0.4013     0.4254     0.4499 
              0.4750     0.5006     0.5266     0.5527     0.5790 
              0.6053     0.6318     0.6584     0.6851     0.7119 
              0.7389     0.7659     0.7931     0.8203     0.8477 
              0.8754     0.9061     0.9371     0.9684     1.0000 
  Hrad:  
              0.0296     0.0584     0.0858     0.1113     0.1354 
              0.1583     0.1802     0.2013     0.1908     0.2116 
              0.2334     0.2561     0.2783     0.2999     0.3211 
              0.3420     0.3573     0.3736     0.3900     0.4063 
              0.4233     0.4440     0.4252     0.4509     0.4762 
              0.5011     0.5230     0.5436     0.5639     0.5840 
              0.6038     0.6234     0.6404     0.6651     0.6894 
              0.7134     0.7370     0.7602     0.7831     0.8057 
              0.8280     0.8499     0.8716     0.8930     0.9141 
              0.9347     0.9509     0.9673     0.9836     1.0000 
  Width: 
              0.1764     0.1946     0.2106     0.2266     0.2426 
              0.2586     0.2746     0.2906     0.3609     0.3834 
              0.4026     0.4186     0.4346     0.4506     0.4665 
              0.4825     0.5070     0.5305     0.5540     0.5775 
              0.5999     0.6157     0.6973     0.7058     0.7144 
              0.7229     0.7360     0.7512     0.7664     0.7816 
              0.7968     0.8180     0.8224     0.8260     0.8296 
              0.8332     0.8368     0.8404     0.8440     0.8476 
              0.8512     0.8548     0.8584     0.8620     0.8656 
              0.8900     0.9750     0.9833     0.9917     1.0000 

  Transect No.19
  Area:  
              0.0062     0.0139     0.0224     0.0314     0.0408 
              0.0504     0.0624     0.0752     0.0882     0.1015 
              0.1152     0.1291     0.1433     0.1578     0.1725 
              0.1875     0.2028     0.2185     0.2347     0.2513 
              0.2683     0.2858     0.3036     0.3220     0.3407 
              0.3599     0.3794     0.3995     0.4199     0.4408 
              0.4621     0.4838     0.5060     0.5286     0.5516 
              0.5750     0.5989     0.6235     0.6489     0.6776 
              0.7075     0.7375     0.7675     0.7976     0.8277 
              0.8611     0.8947     0.9292     0.9646     1.0000 
  Hrad:  
              0.0335     0.0696     0.0979     0.1305     0.1611 
              0.1899     0.1831     0.2129     0.2414     0.2688 
              0.2953     0.3208     0.3455     0.3694     0.3926 
              0.4167     0.4368     0.4566     0.4760     0.4953 
              0.5143     0.5330     0.5516     0.5700     0.5882 
              0.6062     0.6241     0.6419     0.6595     0.6770 
              0.6944     0.7117     0.7289     0.7460     0.7631 
              0.7800     0.7968     0.8131     0.8287     0.7434 
              0.7724     0.8013     0.8299     0.8584     0.8868 
              0.9102     0.9339     0.9561     0.9779     1.0000 
  Width: 
              0.2111     0.2239     0.2521     0.2602     0.2682 
              0.2763     0.3565     0.3646     0.3726     0.3807 
              0.3888     0.3969     0.4049     0.4130     0.4211 
              0.4263     0.4384     0.4505     0.4626     0.4747 
              0.4868     0.4989     0.5110     0.5231     0.5352 
              0.5473     0.5594     0.5715     0.5836     0.5957 
              0.6078     0.6199     0.6320     0.6441     0.6562 
              0.6683     0.6804     0.7122     0.7243     0.8436 
              0.8453     0.8471     0.8488     0.8498     0.8498 
              0.9486     0.9486     1.0000     1.0000     1.0000 

  Transect No.18
  Area:  
              0.0059     0.0129     0.0204     0.0283     0.0369 
              0.0459     0.0554     0.0654     0.0760     0.0871 
              0.0987     0.1108     0.1234     0.1365     0.1501 
              0.1643     0.1789     0.1941     0.2098     0.2260 
              0.2427     0.2599     0.2777     0.2959     0.3148 
              0.3341     0.3553     0.3793     0.4036     0.4282 
              0.4531     0.4784     0.5039     0.5297     0.5558 
              0.5823     0.6093     0.6390     0.6686     0.6982 
              0.7278     0.7575     0.7871     0.8167     0.8464 
              0.8760     0.9056     0.9353     0.9676     1.0000 
  Hrad:  
              0.0317     0.0634     0.0928     0.1202     0.1461 
              0.1707     0.1943     0.2171     0.2390     0.2604 
              0.2812     0.3016     0.3215     0.3411     0.3604 
              0.3794     0.3981     0.4166     0.4350     0.4531 
              0.4711     0.4889     0.5065     0.5233     0.5401 
              0.5568     0.4924     0.5160     0.5391     0.5618 
              0.5841     0.6060     0.6275     0.6487     0.6695 
              0.6901     0.6535     0.6821     0.7105     0.7387 
              0.7666     0.7943     0.8217     0.8489     0.8758 
              0.9025     0.9290     0.9552     0.9775     1.0000 
  Width: 
              0.2071     0.2229     0.2387     0.2546     0.2704 
              0.2862     0.3021     0.3179     0.3337     0.3495 
              0.3654     0.3812     0.3970     0.4129     0.4287 
              0.4445     0.4603     0.4762     0.4920     0.5078 
              0.5237     0.5395     0.5555     0.5725     0.5894 
              0.6064     0.7362     0.7455     0.7549     0.7643 
              0.7736     0.7830     0.7923     0.8017     0.8111 
              0.8204     0.9144     0.9144     0.9144     0.9144 
              0.9144     0.9144     0.9144     0.9144     0.9144 
              0.9144     0.9144     0.9144     1.0000     1.0000 

  Transect No.17
  Area:  
              0.0051     0.0119     0.0192     0.0270     0.0354 
              0.0443     0.0537     0.0636     0.0741     0.0852 
              0.0978     0.1118     0.1265     0.1418     0.1578 
              0.1745     0.1919     0.2100     0.2289     0.2482 
              0.2677     0.2875     0.3076     0.3280     0.3487 
              0.3697     0.3910     0.4126     0.4344     0.4566 
              0.4791     0.5018     0.5249     0.5482     0.5718 
              0.5958     0.6200     0.6445     0.6693     0.6944 
              0.7198     0.7467     0.7763     0.8063     0.8369 
              0.8680     0.9000     0.9325     0.9657     1.0000 
  Hrad:  
              0.0373     0.0796     0.1187     0.1550     0.1893 
              0.2219     0.2531     0.2831     0.3120     0.3387 
              0.3254     0.3537     0.3815     0.4087     0.4354 
              0.4618     0.4880     0.5092     0.5375     0.5692 
              0.6002     0.6305     0.6601     0.6891     0.7175 
              0.7454     0.7727     0.7995     0.8259     0.8518 
              0.8774     0.9025     0.9273     0.9517     0.9758 
              0.9995     1.0230     1.0462     1.0691     1.0917 
              1.1142     1.1337     1.1490     1.1522     1.1676 
              1.1824     1.1974     1.2123     1.2230     1.0000 
  Width: 
              0.1710     0.1853     0.1991     0.2130     0.2269 
              0.2408     0.2546     0.2685     0.2825     0.2981 
              0.3587     0.3766     0.3945     0.4124     0.4304 
              0.4483     0.4661     0.4888     0.5016     0.5093 
              0.5171     0.5248     0.5325     0.5402     0.5480 
              0.5557     0.5634     0.5711     0.5789     0.5866 
              0.5943     0.6020     0.6098     0.6175     0.6252 
              0.6329     0.6407     0.6484     0.6561     0.6639 
              0.6716     0.7724     0.7810     0.7994     0.8094 
              0.8360     0.8507     0.8598     0.8840     1.0000 

  Transect No.16
  Area:  
              0.0042     0.0100     0.0164     0.0233     0.0307 
              0.0387     0.0471     0.0561     0.0657     0.0770 
              0.0896     0.1030     0.1172     0.1322     0.1481 
              0.1647     0.1825     0.2009     0.2197     0.2389 
              0.2586     0.2786     0.2989     0.3195     0.3404 
              0.3616     0.3830     0.4048     0.4268     0.4492 
              0.4718     0.4947     0.5180     0.5415     0.5653 
              0.5894     0.6138     0.6384     0.6634     0.6887 
              0.7171     0.7463     0.7759     0.8058     0.8367 
              0.8685     0.9006     0.9331     0.9662     1.0000 
  Hrad:  
              0.0354     0.0762     0.1134     0.1478     0.1802 
              0.2108     0.2401     0.2682     0.2955     0.2812 
              0.3067     0.3318     0.3567     0.3812     0.4055 
              0.4269     0.4468     0.4767     0.5057     0.5341 
              0.5628     0.5934     0.6234     0.6527     0.6815 
              0.7097     0.7373     0.7645     0.7912     0.8175 
              0.8433     0.8688     0.8939     0.9186     0.9430 
              0.9671     0.9908     1.0143     1.0375     1.0604 
              1.0773     1.0940     1.1111     1.1285     1.1190 
              1.1372     1.1555     1.1736     1.0809     1.0000 
  Width: 
              0.1487     0.1630     0.1771     0.1911     0.2052 
              0.2192     0.2333     0.2473     0.2613     0.3252 
              0.3469     0.3686     0.3903     0.4120     0.4337 
              0.4587     0.4841     0.4959     0.5077     0.5195 
              0.5303     0.5381     0.5459     0.5537     0.5615 
              0.5693     0.5771     0.5849     0.5927     0.6005 
              0.6083     0.6161     0.6239     0.6317     0.6395 
              0.6473     0.6551     0.6629     0.6707     0.6785 
              0.7768     0.7854     0.7940     0.8026     0.8451 
              0.8529     0.8607     0.8739     0.8969     1.0000 

  Transect No.15
  Area:  
              0.0050     0.0121     0.0196     0.0275     0.0358 
              0.0444     0.0533     0.0627     0.0737     0.0863 
              0.0996     0.1137     0.1284     0.1438     0.1599 
              0.1767     0.1942     0.2124     0.2310     0.2499 
              0.2690     0.2884     0.3081     0.3280     0.3482 
              0.3687     0.3894     0.4105     0.4318     0.4533 
              0.4751     0.4972     0.5196     0.5423     0.5652 
              0.5883     0.6118     0.6355     0.6595     0.6838 
              0.7083     0.7363     0.7649     0.7938     0.8234 
              0.8543     0.8861     0.9182     0.9576     1.0000 
  Hrad:  
              0.0354     0.0794     0.1210     0.1605     0.1979 
              0.2334     0.2674     0.2942     0.2761     0.3058 
              0.3347     0.3630     0.3908     0.4181     0.4450 
              0.4716     0.4978     0.5254     0.5586     0.5910 
              0.6226     0.6535     0.6838     0.7134     0.7424 
              0.7708     0.7988     0.8262     0.8532     0.8797 
              0.9058     0.9315     0.9568     0.9817     1.0064 
              1.0306     1.0546     1.0783     1.1017     1.1248 
              1.1477     1.1635     1.1797     1.1963     1.1799 
              1.1952     1.2172     1.2385     0.9655     1.0000 
  Width: 
              0.1615     0.1727     0.1820     0.1903     0.1985 
              0.2067     0.2150     0.2287     0.2895     0.3059 
              0.3223     0.3387     0.3551     0.3715     0.3879 
              0.4043     0.4207     0.4350     0.4413     0.4477 
              0.4540     0.4604     0.4668     0.4731     0.4795 
              0.4858     0.4922     0.4986     0.5049     0.5113 
              0.5176     0.5240     0.5304     0.5367     0.5431 
              0.5494     0.5558     0.5621     0.5685     0.5749 
              0.5812     0.6700     0.6771     0.6841     0.7170 
              0.7444     0.7531     0.7618     1.0000     1.0000 

  Transect No.14
  Area:  
              0.0042     0.0100     0.0162     0.0227     0.0296 
              0.0368     0.0462     0.0582     0.0709     0.0840 
              0.0977     0.1119     0.1266     0.1417     0.1574 
              0.1735     0.1902     0.2073     0.2249     0.2430 
              0.2616     0.2807     0.3004     0.3210     0.3418 
              0.3628     0.3841     0.4056     0.4274     0.4494 
              0.4717     0.4942     0.5170     0.5400     0.5633 
              0.5868     0.6105     0.6345     0.6611     0.6888 
              0.7170     0.7459     0.7756     0.8063     0.8375 
              0.8691     0.9012     0.9334     0.9658     1.0000 
  Hrad:  
              0.0300     0.0650     0.0986     0.1301     0.1599 
              0.1853     0.1505     0.1794     0.2076     0.2367 
              0.2649     0.2924     0.3192     0.3454     0.3710 
              0.3962     0.4209     0.4452     0.4691     0.4927 
              0.5159     0.5389     0.5467     0.5737     0.6001 
              0.6261     0.6516     0.6766     0.7013     0.7255 
              0.7494     0.7729     0.7960     0.8188     0.8413 
              0.8635     0.8855     0.9071     0.9216     0.9323 
              0.9435     0.9368     0.9497     0.9617     0.9745 
              0.9874     1.0038     1.0231     1.0454     1.0000 
  Width: 
              0.1578     0.1734     0.1829     0.1924     0.2018 
              0.2155     0.3375     0.3543     0.3721     0.3862 
              0.4003     0.4144     0.4286     0.4427     0.4568 
              0.4710     0.4851     0.4992     0.5133     0.5275 
              0.5416     0.5557     0.5871     0.5942     0.6012 
              0.6083     0.6154     0.6224     0.6295     0.6366 
              0.6437     0.6507     0.6578     0.6649     0.6719 
              0.6790     0.6861     0.6931     0.7899     0.8035 
              0.8171     0.8481     0.8617     0.8900     0.9027 
              0.9154     0.9239     0.9273     0.9459     1.0000 

  Transect No.13
  Area:  
              0.0027     0.0079     0.0141     0.0205     0.0271 
              0.0341     0.0413     0.0510     0.0630     0.0754 
              0.0883     0.1016     0.1155     0.1298     0.1445 
              0.1598     0.1755     0.1917     0.2083     0.2254 
              0.2430     0.2610     0.2796     0.2986     0.3179 
              0.3376     0.3577     0.3781     0.3986     0.4194 
              0.4404     0.4617     0.4831     0.5048     0.5267 
              0.5488     0.5712     0.5938     0.6227     0.6540 
              0.6858     0.7179     0.7506     0.7846     0.8189 
              0.8535     0.8886     0.9242     0.9615     1.0000 
  Hrad:  
              0.0289     0.0610     0.1021     0.1408     0.1775 
              0.2124     0.2447     0.1938     0.2289     0.2634 
              0.2968     0.3293     0.3610     0.3920     0.4224 
              0.4521     0.4813     0.5100     0.5383     0.5662 
              0.5936     0.6208     0.6476     0.6741     0.7046 
              0.7258     0.7565     0.7867     0.8164     0.8456 
              0.8744     0.9028     0.9307     0.9582     0.9854 
              1.0122     1.0387     1.0648     1.0766     1.0861 
              1.0977     1.1106     1.1029     1.1180     1.1337 
              1.1501     1.1668     1.1739     1.1756     1.0000 
  Width: 
              0.1111     0.1550     0.1620     0.1691     0.1762 
              0.1833     0.1913     0.3034     0.3154     0.3275 
              0.3397     0.3518     0.3639     0.3761     0.3882 
              0.4004     0.4125     0.4247     0.4368     0.4489 
              0.4611     0.4732     0.4854     0.4975     0.5046 
              0.5178     0.5235     0.5293     0.5351     0.5408 
              0.5466     0.5524     0.5581     0.5639     0.5697 
              0.5754     0.5821     0.5918     0.8056     0.8162 
              0.8268     0.8373     0.8733     0.8831     0.8928 
              0.9025     0.9122     0.9291     0.9924     1.0000 

  Transect No.12
  Area:  
              0.0030     0.0084     0.0143     0.0204     0.0269 
              0.0337     0.0424     0.0535     0.0653     0.0776 
              0.0905     0.1039     0.1179     0.1325     0.1477 
              0.1634     0.1797     0.1969     0.2146     0.2326 
              0.2509     0.2695     0.2889     0.3093     0.3302 
              0.3512     0.3725     0.3940     0.4156     0.4375 
              0.4596     0.4818     0.5043     0.5270     0.5499 
              0.5730     0.5962     0.6200     0.6443     0.6690 
              0.6975     0.7289     0.7607     0.7930     0.8259 
              0.8592     0.8930     0.9272     0.9630     1.0000 
  Hrad:  
              0.0252     0.0645     0.1022     0.1375     0.1710 
              0.1979     0.1652     0.1979     0.2295     0.2601 
              0.2898     0.3187     0.3469     0.3746     0.4017 
              0.4283     0.4545     0.4691     0.5015     0.5333 
              0.5645     0.5952     0.5924     0.6137     0.6455 
              0.6768     0.7076     0.7379     0.7677     0.7971 
              0.8261     0.8546     0.8828     0.9106     0.9380 
              0.9651     0.9918     1.0028     1.0162     1.0433 
              1.0623     1.0775     1.0937     1.1104     1.1270 
              1.1441     1.1614     1.1789     1.1783     1.0000 
  Width: 
              0.1395     0.1522     0.1609     0.1696     0.1783 
              0.1925     0.2937     0.3080     0.3234     0.3388 
              0.3542     0.3696     0.3850     0.4005     0.4159 
              0.4313     0.4467     0.4737     0.4813     0.4889 
              0.4965     0.5041     0.5426     0.5585     0.5640 
              0.5694     0.5749     0.5803     0.5858     0.5912 
              0.5967     0.6021     0.6076     0.6130     0.6185 
              0.6239     0.6294     0.6462     0.6615     0.6665 
              0.8376     0.8501     0.8626     0.8751     0.8931 
              0.9038     0.9145     0.9252     0.9922     1.0000 

  Transect No.11
  Area:  
              0.0053     0.0120     0.0188     0.0260     0.0333 
              0.0409     0.0487     0.0600     0.0724     0.0857 
              0.0995     0.1138     0.1285     0.1438     0.1595 
              0.1757     0.1924     0.2096     0.2272     0.2454 
              0.2642     0.2834     0.3030     0.3230     0.3434 
              0.3640     0.3849     0.4061     0.4276     0.4493 
              0.4713     0.4936     0.5162     0.5390     0.5622 
              0.5856     0.6093     0.6333     0.6579     0.6829 
              0.7084     0.7343     0.7650     0.7967     0.8289 
              0.8616     0.8947     0.9283     0.9635     1.0000 
  Hrad:  
              0.0359     0.0761     0.1140     0.1498     0.1837 
              0.2159     0.2467     0.2599     0.2236     0.2548 
              0.2852     0.3147     0.3436     0.3719     0.3996 
              0.4268     0.4535     0.4797     0.5056     0.5312 
              0.5504     0.5775     0.6041     0.6251     0.6520 
              0.6785     0.7046     0.7302     0.7554     0.7802 
              0.8047     0.8289     0.8527     0.8761     0.8993 
              0.9223     0.9449     0.9670     0.9886     1.0096 
              1.0301     1.0502     0.9306     0.9550     0.9789 
              1.0024     1.0256     1.0485     1.0676     1.0000 
  Width: 
              0.1766     0.1843     0.1908     0.1972     0.2036 
              0.2101     0.2165     0.3261     0.3561     0.3693 
              0.3825     0.3957     0.4089     0.4222     0.4354 
              0.4486     0.4618     0.4750     0.4882     0.5014 
              0.5197     0.5284     0.5371     0.5512     0.5587 
              0.5663     0.5739     0.5814     0.5890     0.5965 
              0.6041     0.6117     0.6192     0.6268     0.6343 
              0.6419     0.6501     0.6629     0.6756     0.6883 
              0.7011     0.7138     0.8586     0.8713     0.8840 
              0.8968     0.9095     0.9222     0.9833     1.0000 

  Transect No.10
  Area:  
              0.0033     0.0086     0.0143     0.0203     0.0265 
              0.0339     0.0456     0.0582     0.0714     0.0850 
              0.0991     0.1136     0.1286     0.1441     0.1600 
              0.1764     0.1932     0.2105     0.2283     0.2465 
              0.2652     0.2843     0.3039     0.3240     0.3445 
              0.3658     0.3875     0.4098     0.4326     0.4559 
              0.4796     0.5039     0.5285     0.5533     0.5783 
              0.6036     0.6292     0.6550     0.6813     0.7080 
              0.7352     0.7627     0.7906     0.8190     0.8477 
              0.8769     0.9065     0.9365     0.9679     1.0000 
  Hrad:  
              0.0241     0.0573     0.0892     0.1190     0.1471 
              0.1430     0.1597     0.1589     0.1879     0.2160 
              0.2433     0.2700     0.2960     0.3214     0.3464 
              0.3709     0.3949     0.4186     0.4419     0.4648 
              0.4875     0.5098     0.5319     0.5537     0.5687 
              0.5894     0.6100     0.6304     0.6506     0.6707 
              0.6907     0.7123     0.7364     0.7601     0.7836 
              0.8067     0.8295     0.8518     0.8736     0.8950 
              0.9158     0.9363     0.9563     0.9760     0.9954 
              1.0144     1.0331     1.0516     1.0606     1.0000 
  Width: 
              0.1573     0.1724     0.1807     0.1890     0.1973 
              0.3115     0.3789     0.4017     0.4159     0.4302 
              0.4444     0.4587     0.4729     0.4872     0.5014 
              0.5156     0.5299     0.5441     0.5584     0.5726 
              0.5869     0.6011     0.6154     0.6296     0.6521 
              0.6678     0.6834     0.6991     0.7148     0.7305 
              0.7461     0.7586     0.7663     0.7739     0.7815 
              0.7892     0.7972     0.8099     0.8227     0.8355 
              0.8483     0.8610     0.8738     0.8866     0.8993 
              0.9121     0.9249     0.9376     0.9968     1.0000 

  Transect No.8
  Area:  
              0.0034     0.0074     0.0115     0.0159     0.0207 
              0.0311     0.0461     0.0625     0.0791     0.0959 
              0.1129     0.1301     0.1474     0.1650     0.1827 
              0.2006     0.2186     0.2369     0.2553     0.2739 
              0.2927     0.3117     0.3309     0.3502     0.3704 
              0.3925     0.4149     0.4375     0.4603     0.4832 
              0.5064     0.5297     0.5533     0.5770     0.6008 
              0.6249     0.6491     0.6736     0.6982     0.7230 
              0.7498     0.7770     0.8043     0.8318     0.8595 
              0.8873     0.9152     0.9433     0.9716     1.0000 
  Hrad:  
              0.0296     0.0603     0.0890     0.1159     0.0935 
              0.0828     0.0946     0.1261     0.1568     0.1869 
              0.2163     0.2451     0.2733     0.3010     0.3281 
              0.3547     0.3808     0.4065     0.4317     0.4564 
              0.4808     0.5048     0.5284     0.5516     0.5731 
              0.5912     0.6097     0.5773     0.6005     0.6235 
              0.6461     0.6685     0.6906     0.7125     0.7341 
              0.7555     0.7766     0.7976     0.8183     0.8388 
              0.8086     0.8306     0.8525     0.8741     0.8956 
              0.9168     0.9379     0.9588     0.9795     1.0000 
  Width: 
              0.1363     0.1431     0.1489     0.1547     0.2540 
              0.4409     0.5736     0.5800     0.5863     0.5927 
              0.5991     0.6054     0.6118     0.6181     0.6245 
              0.6309     0.6372     0.6436     0.6499     0.6563 
              0.6627     0.6690     0.6754     0.6817     0.7744 
              0.7808     0.7871     0.7966     0.8030     0.8094 
              0.8157     0.8221     0.8284     0.8348     0.8412 
              0.8475     0.8539     0.8602     0.8666     0.8730 
              0.9504     0.9559     0.9614     0.9669     0.9724 
              0.9780     0.9835     0.9890     0.9945     1.0000 

  Transect No.7
  Area:  
              0.0025     0.0059     0.0095     0.0132     0.0171 
              0.0211     0.0275     0.0386     0.0527     0.0700 
              0.0877     0.1057     0.1239     0.1424     0.1610 
              0.1799     0.1991     0.2184     0.2380     0.2578 
              0.2778     0.2981     0.3185     0.3392     0.3602 
              0.3813     0.4038     0.4265     0.4494     0.4726 
              0.4960     0.5196     0.5435     0.5676     0.5920 
              0.6166     0.6414     0.6665     0.6918     0.7174 
              0.7434     0.7698     0.7967     0.8241     0.8520 
              0.8804     0.9093     0.9387     0.9686     1.0000 
  Hrad:  
              0.0268     0.0581     0.0880     0.1157     0.1415 
              0.1658     0.1015     0.1042     0.1153     0.1358 
              0.1676     0.1988     0.2294     0.2596     0.2892 
              0.3184     0.3472     0.3755     0.4034     0.4309 
              0.4580     0.4848     0.5112     0.5373     0.5631 
              0.5885     0.5883     0.6138     0.6390     0.6639 
              0.6886     0.7130     0.7372     0.7612     0.7849 
              0.8084     0.8317     0.8548     0.8777     0.9002 
              0.9224     0.9442     0.9590     0.9771     0.9951 
              1.0129     1.0305     1.0479     1.0651     1.0000 
  Width: 
              0.1019     0.1098     0.1141     0.1184     0.1226 
              0.1269     0.2850     0.4008     0.4967     0.5495 
              0.5565     0.5636     0.5706     0.5777     0.5847 
              0.5918     0.5988     0.6059     0.6130     0.6200 
              0.6271     0.6341     0.6412     0.6482     0.6553 
              0.6624     0.7030     0.7104     0.7178     0.7251 
              0.7325     0.7399     0.7473     0.7547     0.7620 
              0.7694     0.7768     0.7842     0.7920     0.8039 
              0.8157     0.8275     0.8460     0.8614     0.8768 
              0.8922     0.9076     0.9230     0.9384     1.0000 

  Transect No.6
  Area:  
              0.0024     0.0055     0.0088     0.0123     0.0159 
              0.0224     0.0335     0.0480     0.0640     0.0803 
              0.0968     0.1135     0.1306     0.1478     0.1653 
              0.1831     0.2011     0.2193     0.2378     0.2565 
              0.2755     0.2952     0.3157     0.3364     0.3574 
              0.3786     0.4001     0.4219     0.4439     0.4662 
              0.4887     0.5115     0.5346     0.5581     0.5820 
              0.6064     0.6314     0.6569     0.6828     0.7093 
              0.7363     0.7643     0.7935     0.8229     0.8524 
              0.8819     0.9114     0.9409     0.9705     1.0000 
  Hrad:  
              0.0312     0.0658     0.0980     0.1275     0.1548 
              0.0934     0.1037     0.1161     0.1519     0.1869 
              0.2212     0.2549     0.2878     0.3202     0.3519 
              0.3831     0.4138     0.4440     0.4737     0.5029 
              0.5317     0.5363     0.5650     0.5933     0.6213 
              0.6489     0.6761     0.7031     0.7297     0.7560 
              0.7821     0.8079     0.8333     0.8582     0.8826 
              0.8996     0.9208     0.9417     0.9623     0.9826 
              1.0027     0.9424     0.9728     1.0031     1.0346 
              1.0672     1.0995     1.1317     1.1636     1.0000 
  Width: 
              0.0835     0.0899     0.0940     0.0982     0.1023 
              0.2529     0.3498     0.4406     0.4474     0.4543 
              0.4611     0.4680     0.4749     0.4817     0.4886 
              0.4954     0.5023     0.5092     0.5160     0.5229 
              0.5298     0.5636     0.5707     0.5779     0.5851 
              0.5923     0.5994     0.6066     0.6138     0.6210 
              0.6282     0.6353     0.6457     0.6569     0.6680 
              0.6854     0.6992     0.7130     0.7269     0.7407 
              0.7545     0.8078     0.8121     0.8164     0.8184 
              0.8184     0.8184     0.8184     0.8184     1.0000 

  Transect No.5
  Area:  
              0.0022     0.0054     0.0087     0.0122     0.0159 
              0.0208     0.0306     0.0462     0.0625     0.0791 
              0.0961     0.1132     0.1307     0.1484     0.1664 
              0.1847     0.2030     0.2214     0.2404     0.2601 
              0.2798     0.3004     0.3212     0.3420     0.3629 
              0.3839     0.4050     0.4263     0.4476     0.4690 
              0.4905     0.5127     0.5375     0.5624     0.5875 
              0.6129     0.6387     0.6646     0.6908     0.7173 
              0.7440     0.7709     0.7994     0.8281     0.8567 
              0.8854     0.9140     0.9427     0.9713     1.0000 
  Hrad:  
              0.0337     0.0734     0.1104     0.1445     0.1763 
              0.1417     0.1164     0.1262     0.1675     0.2079 
              0.2475     0.2863     0.3243     0.3617     0.3984 
              0.4361     0.4739     0.5110     0.5232     0.5599 
              0.5739     0.6099     0.6455     0.6805     0.7150 
              0.7490     0.7826     0.8157     0.8483     0.8806 
              0.9124     0.9420     0.9661     0.9908     1.0157 
              1.0331     1.0567     1.0803     1.1039     1.1274 
              1.1509     1.1743     1.0880     1.1238     1.1594 
              1.1949     1.2301     1.2652     1.3000     1.0000 
  Width: 
              0.0743     0.0807     0.0852     0.0896     0.0941 
              0.1711     0.3471     0.4043     0.4112     0.4181 
              0.4250     0.4319     0.4388     0.4457     0.4526 
              0.4562     0.4585     0.4608     0.4882     0.4905 
              0.5134     0.5158     0.5182     0.5206     0.5230 
              0.5254     0.5278     0.5302     0.5325     0.5349 
              0.5373     0.6151     0.6197     0.6243     0.6288 
              0.6385     0.6445     0.6505     0.6566     0.6626 
              0.6687     0.6747     0.7145     0.7145     0.7145 
              0.7145     0.7145     0.7145     0.7145     1.0000 

  Transect No.4
  Area:  
              0.0033     0.0087     0.0149     0.0229     0.0310 
              0.0394     0.0480     0.0589     0.0727     0.0873 
              0.1028     0.1191     0.1361     0.1535     0.1716 
              0.1900     0.2085     0.2273     0.2462     0.2654 
              0.2848     0.3043     0.3241     0.3440     0.3642 
              0.3846     0.4051     0.4259     0.4468     0.4680 
              0.4894     0.5109     0.5327     0.5546     0.5768 
              0.5991     0.6217     0.6445     0.6698     0.6973 
              0.7250     0.7531     0.7815     0.8106     0.8405 
              0.8715     0.9036     0.9357     0.9679     1.0000 
  Hrad:  
              0.0225     0.0538     0.0646     0.0961     0.1264 
              0.1556     0.1801     0.1496     0.1732     0.1960 
              0.2182     0.2421     0.2673     0.2919     0.3171 
              0.3459     0.3742     0.4021     0.4295     0.4565 
              0.4831     0.5093     0.5351     0.5606     0.5857 
              0.6105     0.6350     0.6592     0.6831     0.7068 
              0.7301     0.7532     0.7760     0.7986     0.8210 
              0.8431     0.8650     0.8867     0.9038     0.9181 
              0.9332     0.9488     0.9647     0.9801     0.9951 
              0.8911     0.9184     0.9457     0.9729     1.0000 
  Width: 
              0.1597     0.1733     0.2458     0.2518     0.2579 
              0.2639     0.2765     0.4141     0.4414     0.4687 
              0.4960     0.5179     0.5355     0.5531     0.5683 
              0.5745     0.5808     0.5870     0.5932     0.5994 
              0.6056     0.6119     0.6181     0.6243     0.6305 
              0.6367     0.6429     0.6492     0.6554     0.6616 
              0.6678     0.6740     0.6802     0.6865     0.6927 
              0.6989     0.7051     0.7113     0.8503     0.8593 
              0.8683     0.8773     0.8945     0.9177     0.9404 
              0.9988     0.9990     1.0000     1.0000     1.0000 

  Transect No.3
  Area:  
              0.0010     0.0034     0.0067     0.0107     0.0164 
              0.0229     0.0298     0.0370     0.0447     0.0527 
              0.0612     0.0703     0.0822     0.0989     0.1165 
              0.1344     0.1524     0.1707     0.1893     0.2081 
              0.2271     0.2463     0.2658     0.2855     0.3056 
              0.3261     0.3470     0.3684     0.3901     0.4121 
              0.4365     0.4620     0.4879     0.5142     0.5410 
              0.5683     0.5960     0.6241     0.6525     0.6813 
              0.7105     0.7401     0.7700     0.8008     0.8328 
              0.8654     0.8982     0.9312     0.9644     1.0000 
  Hrad:  
              0.0186     0.0482     0.0629     0.0861     0.0938 
              0.1229     0.1506     0.1771     0.2025     0.2272 
              0.2510     0.2730     0.1914     0.2001     0.2315 
              0.2621     0.2922     0.3216     0.3505     0.3788 
              0.4066     0.4339     0.4607     0.4871     0.5089 
              0.5324     0.5556     0.5786     0.6027     0.6278 
              0.5859     0.6095     0.6328     0.6559     0.6789 
              0.7016     0.7250     0.7489     0.7727     0.7963 
              0.8197     0.8429     0.8659     0.8895     0.9124 
              0.8924     0.9202     0.9479     0.9755     1.0000 
  Width: 
              0.0567     0.0715     0.1053     0.1213     0.1716 
              0.1822     0.1928     0.2034     0.2140     0.2246 
              0.2420     0.2526     0.4132     0.4767     0.4830 
              0.4893     0.4956     0.5019     0.5082     0.5145 
              0.5208     0.5271     0.5335     0.5398     0.5533 
              0.5645     0.5756     0.5868     0.5954     0.6017 
              0.6872     0.6995     0.7117     0.7239     0.7361 
              0.7484     0.7595     0.7697     0.7799     0.7901 
              0.8003     0.8104     0.8206     0.8500     0.8820 
              0.8904     0.8964     0.9023     0.9082     1.0000 

  Transect No.2
  Area:  
              0.0024     0.0066     0.0116     0.0172     0.0232 
              0.0294     0.0358     0.0424     0.0492     0.0562 
              0.0633     0.0707     0.0788     0.0904     0.1063 
              0.1240     0.1433     0.1634     0.1837     0.2042 
              0.2248     0.2455     0.2666     0.2881     0.3098 
              0.3316     0.3536     0.3760     0.4003     0.4248 
              0.4497     0.4748     0.5003     0.5261     0.5522 
              0.5788     0.6059     0.6336     0.6617     0.6899 
              0.7183     0.7469     0.7755     0.8043     0.8332 
              0.8623     0.8955     0.9302     0.9651     1.0000 
  Hrad:  
              0.0300     0.0628     0.0951     0.1256     0.1635 
              0.2001     0.2354     0.2696     0.3029     0.3352 
              0.3668     0.3968     0.3519     0.2747     0.2637 
              0.2811     0.2990     0.3376     0.3756     0.4132 
              0.4503     0.4869     0.5036     0.5206     0.5569 
              0.5928     0.6250     0.6131     0.6370     0.6681 
              0.6990     0.7297     0.7601     0.7903     0.8157 
              0.8406     0.8654     0.8900     0.9046     0.9379 
              0.9710     1.0039     1.0367     1.0692     1.1016 
              1.1337     1.0055     1.0400     1.0743     1.0000 
  Width: 
              0.0899     0.1171     0.1345     0.1509     0.1558 
              0.1606     0.1654     0.1702     0.1750     0.1799 
              0.1847     0.1905     0.2439     0.3611     0.4295 
              0.4706     0.5114     0.5152     0.5189     0.5226 
              0.5263     0.5301     0.5427     0.5528     0.5542 
              0.5564     0.5633     0.6088     0.6217     0.6294 
              0.6371     0.6448     0.6525     0.6602     0.6715 
              0.6844     0.6973     0.7103     0.7184     0.7216 
              0.7249     0.7282     0.7314     0.7347     0.7380 
              0.7541     0.8839     0.8863     0.8886     1.0000 

  Transect No.1
  Area:  
              0.0071     0.0159     0.0255     0.0362     0.0473 
              0.0587     0.0705     0.0825     0.0950     0.1099 
              0.1263     0.1457     0.1654     0.1851     0.2051 
              0.2252     0.2454     0.2658     0.2863     0.3071 
              0.3281     0.3492     0.3705     0.3919     0.4135 
              0.4351     0.4570     0.4789     0.5010     0.5232 
              0.5455     0.5680     0.5906     0.6134     0.6363 
              0.6593     0.6824     0.7057     0.7291     0.7528 
              0.7768     0.8009     0.8252     0.8496     0.8741 
              0.8990     0.9242     0.9495     0.9747     1.0000 
  Hrad:  
              0.0241     0.0509     0.0696     0.0955     0.1206 
              0.1450     0.1687     0.1918     0.1996     0.2065 
              0.1907     0.2117     0.2374     0.2627     0.2877 
              0.3123     0.3365     0.3604     0.3840     0.4040 
              0.4273     0.4503     0.4731     0.4956     0.5178 
              0.5397     0.5615     0.5829     0.6042     0.6252 
              0.6459     0.6665     0.6868     0.7070     0.7269 
              0.7467     0.7662     0.7856     0.8048     0.8147 
              0.8338     0.8526     0.8713     0.8899     0.9060 
              0.9149     0.9310     0.9541     0.9771     1.0000 
  Width: 
              0.3380     0.3569     0.4177     0.4312     0.4447 
              0.4581     0.4716     0.4850     0.5363     0.5995 
              0.7471     0.7740     0.7800     0.7859     0.7919 
              0.7979     0.8039     0.8098     0.8158     0.8289 
              0.8342     0.8395     0.8448     0.8501     0.8553 
              0.8606     0.8659     0.8712     0.8765     0.8818 
              0.8871     0.8924     0.8976     0.9029     0.9082 
              0.9135     0.9188     0.9241     0.9294     0.9465 
              0.9518     0.9571     0.9624     0.9677     0.9758 
              0.9932     1.0000     1.0000     1.0000     1.0000 

  Transect No.0
  Area:  
              0.0090     0.0207     0.0323     0.0446     0.0574 
              0.0703     0.0833     0.0963     0.1095     0.1228 
              0.1362     0.1503     0.1653     0.1817     0.2000 
              0.2202     0.2414     0.2626     0.2838     0.3051 
              0.3264     0.3479     0.3695     0.3912     0.4129 
              0.4348     0.4568     0.4788     0.5010     0.5241 
              0.5477     0.5714     0.5950     0.6187     0.6424 
              0.6661     0.6898     0.7135     0.7372     0.7610 
              0.7848     0.8086     0.8325     0.8563     0.8802 
              0.9041     0.9280     0.9519     0.9757     1.0000 
  Hrad:  
              0.0229     0.0521     0.0767     0.1040     0.1289 
              0.1564     0.1836     0.2105     0.2345     0.2607 
              0.2865     0.2903     0.3155     0.2839     0.2938 
              0.2937     0.3212     0.3481     0.3748     0.4010 
              0.4271     0.4531     0.4790     0.5047     0.5304 
              0.5559     0.5813     0.6066     0.6318     0.6205 
              0.6473     0.6739     0.7005     0.7270     0.7533 
              0.7796     0.8058     0.8318     0.8578     0.8836 
              0.9093     0.9348     0.9603     0.9400     0.9645 
              0.9890     1.0133     1.0376     1.0618     1.0000 
  Width: 
              0.4432     0.4432     0.4672     0.4743     0.4916 
              0.4938     0.4960     0.4982     0.5064     0.5085 
              0.5107     0.5556     0.5833     0.6863     0.7299 
              0.8067     0.8067     0.8079     0.8104     0.8140 
              0.8176     0.8212     0.8249     0.8285     0.8321 
              0.8357     0.8393     0.8429     0.8465     0.9018 
              0.9022     0.9025     0.9028     0.9032     0.9035 
              0.9038     0.9042     0.9045     0.9057     0.9069 
              0.9080     0.9092     0.9103     0.9108     0.9108 
              0.9108     0.9108     0.9108     0.9108     1.0000 

  Transect No.9
  Area:  
              0.0050     0.0114     0.0180     0.0249     0.0319 
              0.0413     0.0538     0.0675     0.0817     0.0963 
              0.1114     0.1269     0.1428     0.1592     0.1760 
              0.1932     0.2109     0.2291     0.2476     0.2666 
              0.2861     0.3060     0.3263     0.3471     0.3683 
              0.3899     0.4120     0.4345     0.4574     0.4806 
              0.5039     0.5275     0.5513     0.5752     0.5994 
              0.6235     0.6477     0.6718     0.6973     0.7236 
              0.7502     0.7769     0.8038     0.8310     0.8584 
              0.8859     0.9137     0.9417     0.9707     1.0000 
  Hrad:  
              0.0258     0.0554     0.0841     0.1115     0.1378 
              0.1192     0.1244     0.1509     0.1768     0.2020 
              0.2266     0.2506     0.2742     0.2972     0.3199 
              0.3421     0.3639     0.3854     0.4066     0.4275 
              0.4482     0.4686     0.4887     0.5086     0.5283 
              0.5478     0.5671     0.5863     0.6077     0.6303 
              0.6525     0.6745     0.6962     0.7177     0.7416 
              0.7663     0.7907     0.8148     0.7816     0.8023 
              0.8228     0.8430     0.8631     0.8830     0.9026 
              0.9221     0.9415     0.9606     0.9785     1.0000 
  Width: 
              0.2118     0.2221     0.2295     0.2369     0.2442 
              0.3688     0.4618     0.4763     0.4913     0.5063 
              0.5213     0.5362     0.5512     0.5662     0.5812 
              0.5962     0.6111     0.6261     0.6411     0.6561 
              0.6711     0.6861     0.7010     0.7160     0.7310 
              0.7460     0.7610     0.7759     0.7860     0.7931 
              0.8002     0.8074     0.8145     0.8217     0.8238 
              0.8238     0.8238     0.8238     0.8941     0.9013 
              0.9084     0.9156     0.9228     0.9300     0.9372 
              0.9443     0.9515     0.9587     0.9993     1.0000 

  Transect No.74SD
  Area:  
              0.0077     0.0172     0.0283     0.0411     0.0554 
              0.0713     0.0882     0.1051     0.1221     0.1390 
              0.1571     0.1755     0.1939     0.2124     0.2309 
              0.2495     0.2681     0.2868     0.3055     0.3243 
              0.3431     0.3619     0.3808     0.3998     0.4188 
              0.4379     0.4570     0.4761     0.4953     0.5145 
              0.5338     0.5532     0.5726     0.5920     0.6115 
              0.6310     0.6506     0.6703     0.6899     0.7097 
              0.7294     0.7505     0.7755     0.8024     0.8311 
              0.8615     0.8938     0.9278     0.9634     1.0000 
  Hrad:  
              0.0466     0.0861     0.1216     0.1542     0.1848 
              0.2141     0.2586     0.3034     0.3469     0.3892 
              0.4045     0.4456     0.4857     0.5249     0.5631 
              0.6004     0.6369     0.6726     0.7075     0.7416 
              0.7751     0.8078     0.8398     0.8712     0.9019 
              0.9321     0.9617     0.9906     1.0191     1.0470 
              1.0744     1.1013     1.1278     1.1537     1.1792 
              1.2043     1.2290     1.2532     1.2771     1.3005 
              1.3236     1.3433     1.1468     1.1294     1.1159 
              1.1059     1.0990     1.0946     1.1012     1.0000 
  Width: 
              0.2021     0.2424     0.2800     0.3175     0.3550 
              0.3926     0.3965     0.3969     0.3973     0.3978 
              0.4305     0.4316     0.4328     0.4339     0.4350 
              0.4362     0.4373     0.4384     0.4396     0.4407 
              0.4418     0.4430     0.4441     0.4452     0.4464 
              0.4475     0.4486     0.4498     0.4509     0.4520 
              0.4532     0.4543     0.4554     0.4566     0.4577 
              0.4588     0.4600     0.4611     0.4622     0.4633 
              0.4645     0.5451     0.6107     0.6522     0.6937 
              0.7352     0.7767     0.8182     0.8501     1.0000 

  Transect Ji_no2
  Area:  
              0.0165     0.0331     0.0498     0.0668     0.0839 
              0.1011     0.1185     0.1361     0.1538     0.1716 
              0.1896     0.2078     0.2262     0.2446     0.2633 
              0.2821     0.3011     0.3202     0.3394     0.3589 
              0.3784     0.3982     0.4181     0.4381     0.4583 
              0.4787     0.4992     0.5199     0.5407     0.5617 
              0.5829     0.6042     0.6256     0.6472     0.6690 
              0.6909     0.7130     0.7351     0.7571     0.7792 
              0.8013     0.8234     0.8455     0.8675     0.8896 
              0.9117     0.9338     0.9558     0.9779     1.0000 
  Hrad:  
              0.0304     0.0598     0.0883     0.1160     0.1429 
              0.1691     0.1945     0.2193     0.2434     0.2670 
              0.2900     0.3124     0.3343     0.3558     0.3767 
              0.3973     0.4174     0.4371     0.4564     0.4754 
              0.4940     0.5123     0.5302     0.5478     0.5652 
              0.5823     0.5990     0.6156     0.6319     0.6479 
              0.6637     0.6793     0.6947     0.7098     0.7248 
              0.7396     0.7569     0.7767     0.7962     0.8156 
              0.8348     0.8539     0.8727     0.8914     0.9099 
              0.9283     0.9464     0.9645     0.9823     1.0000 
  Width: 
              0.7491     0.7561     0.7632     0.7703     0.7773 
              0.7844     0.7915     0.7986     0.8056     0.8127 
              0.8198     0.8268     0.8339     0.8410     0.8481 
              0.8551     0.8622     0.8693     0.8763     0.8834 
              0.8905     0.8976     0.9046     0.9117     0.9188 
              0.9258     0.9329     0.9400     0.9471     0.9541 
              0.9612     0.9683     0.9753     0.9824     0.9895 
              0.9966     1.0000     1.0000     1.0000     1.0000 
              1.0000     1.0000     1.0000     1.0000     1.0000 
              1.0000     1.0000     1.0000     1.0000     1.0000 

  Transect Ji_no3
  Area:  
              0.0200     0.0400     0.0600     0.0800     0.1000 
              0.1200     0.1400     0.1600     0.1800     0.2000 
              0.2200     0.2400     0.2600     0.2800     0.3000 
              0.3200     0.3400     0.3600     0.3800     0.4000 
              0.4200     0.4400     0.4600     0.4800     0.5000 
              0.5200     0.5400     0.5600     0.5800     0.6000 
              0.6200     0.6400     0.6600     0.6800     0.7000 
              0.7200     0.7400     0.7600     0.7800     0.8000 
              0.8200     0.8400     0.8600     0.8800     0.9000 
              0.9200     0.9400     0.9600     0.9800     1.0000 
  Hrad:  
              0.0301     0.0596     0.0886     0.1169     0.1447 
              0.1719     0.1986     0.2248     0.2505     0.2757 
              0.3004     0.3247     0.3485     0.3719     0.3948 
              0.4174     0.4395     0.4613     0.4827     0.5037 
              0.5244     0.5447     0.5646     0.5842     0.6036 
              0.6225     0.6412     0.6596     0.6777     0.6955 
              0.7130     0.7302     0.7472     0.7639     0.7803 
              0.7965     0.8125     0.8282     0.8437     0.8589 
              0.8740     0.8888     0.9034     0.9178     0.9320 
              0.9460     0.9598     0.9734     0.9868     1.0000 
  Width: 
              1.0000     1.0000     1.0000     1.0000     1.0000 
              1.0000     1.0000     1.0000     1.0000     1.0000 
              1.0000     1.0000     1.0000     1.0000     1.0000 
              1.0000     1.0000     1.0000     1.0000     1.0000 
              1.0000     1.0000     1.0000     1.0000     1.0000 
              1.0000     1.0000     1.0000     1.0000     1.0000 
              1.0000     1.0000     1.0000     1.0000     1.0000 
              1.0000     1.0000     1.0000     1.0000     1.0000 
              1.0000     1.0000     1.0000     1.0000     1.0000 
              1.0000     1.0000     1.0000     1.0000     1.0000 

  Transect No.76SD
  Area:  
              0.0028     0.0080     0.0166     0.0284     0.0414 
              0.0545     0.0675     0.0806     0.0937     0.1070 
              0.1208     0.1349     0.1491     0.1636     0.1782 
              0.1931     0.2082     0.2235     0.2390     0.2547 
              0.2706     0.2867     0.3030     0.3196     0.3363 
              0.3533     0.3705     0.3878     0.4054     0.4232 
              0.4445     0.4721     0.4998     0.5277     0.5558 
              0.5841     0.6126     0.6413     0.6701     0.6992 
              0.7284     0.7578     0.7875     0.8173     0.8472 
              0.8774     0.9078     0.9383     0.9691     1.0000 
  Hrad:  
              0.0258     0.0433     0.0586     0.0798     0.1135 
              0.1462     0.1777     0.2081     0.2374     0.2562 
              0.2826     0.3082     0.3332     0.3575     0.3812 
              0.4044     0.4271     0.4492     0.4709     0.4922 
              0.5130     0.5335     0.5536     0.5734     0.5928 
              0.6119     0.6307     0.6493     0.6675     0.6856 
              0.5049     0.5323     0.5597     0.5868     0.6137 
              0.6405     0.6672     0.6936     0.7200     0.7461 
              0.7721     0.7980     0.8237     0.8493     0.8748 
              0.9001     0.9252     0.9503     0.9752     1.0000 
  Width: 
              0.1282     0.2194     0.3348     0.4168     0.4198 
              0.4204     0.4211     0.4217     0.4224     0.4425 
              0.4492     0.4559     0.4626     0.4694     0.4761 
              0.4828     0.4895     0.4962     0.5030     0.5097 
              0.5164     0.5231     0.5298     0.5366     0.5433 
              0.5500     0.5567     0.5634     0.5702     0.5769 
              0.8848     0.8909     0.8969     0.9030     0.9090 
              0.9151     0.9212     0.9272     0.9333     0.9394 
              0.9454     0.9515     0.9576     0.9636     0.9697 
              0.9757     0.9818     0.9879     0.9939     1.0000 
  
  
  ****************
  Analysis Options
  ****************
  Flow Units ............... CMS
  Process Models:
    Rainfall/Runoff ........ YES
    RDII ................... NO
    Snowmelt ............... NO
    Groundwater ............ NO
    Flow Routing ........... YES
    Ponding Allowed ........ NO
    Water Quality .......... NO
  Infiltration Method ...... GREEN_AMPT
  Flow Routing Method ...... DYNWAVE
  Surcharge Method ......... EXTRAN
  Starting Date ............ 08/08/2022 12:00:00
  Ending Date .............. 08/10/2022 02:49:00
  Antecedent Dry Days ...... 0.0
  Report Time Step ......... 00:10:00
  Wet Time Step ............ 00:01:00
  Dry Time Step ............ 00:00:00
  Routing Time Step ........ 10.00 sec
  Variable Time Step ....... YES
  Maximum Trials ........... 8
  Number of Threads ........ 1
  Head Tolerance ........... 0.001500 m
  
  
  **************************        Volume         Depth
  Runoff Quantity Continuity     hectare-m            mm
  **************************     ---------       -------
  Total Precipitation ......      1434.299       458.441
  Evaporation Loss .........         0.000         0.000
  Infiltration Loss ........       757.235       242.033
  Surface Runoff ...........       677.119       216.426
  Final Storage ............         0.000         0.000
  Continuity Error (%) .....        -0.004
  
  
  **************************        Volume        Volume
  Flow Routing Continuity        hectare-m      10^6 ltr
  **************************     ---------     ---------
  Dry Weather Inflow .......         0.000         0.000
  Wet Weather Inflow .......       677.119      6771.261
  Groundwater Inflow .......         0.000         0.000
  RDII Inflow ..............         0.000         0.000
  External Inflow ..........         0.000         0.000
  External Outflow .........       499.914      4999.189
  Flooding Loss ............        92.981       929.823
  Evaporation Loss .........         0.000         0.000
  Exfiltration Loss ........         0.000         0.000
  Initial Stored Volume ....         3.334        33.341
  Final Stored Volume ......        84.581       845.818
  Continuity Error (%) .....         0.438
  
  
  *************************
  Highest Continuity Errors
  *************************
  Node Str_BP (15.35%)
  Node NYS99-06 (-3.37%)
  Node NBP01-05 (2.89%)
  Node NBP01-04 (2.62%)
  Node Str_SP (2.17%)
  
  
  ***************************
  Time-Step Critical Elements
  ***************************
  Link L1978 (39.05%)
  Link L1976 (37.37%)
  Link L1983 (7.66%)
  Link L1982 (7.13%)
  Link L1984 (3.35%)
  
  
  ********************************
  Highest Flow Instability Indexes
  ********************************
  Link LSC15-03 (85)
  Link q-01 (77)
  Link 543.1 (76)
  Link SDCL_017 (71)
  Link LBC01-17 (70)
  
  
  *********************************
  Most Frequent Nonconverging Nodes
  *********************************
  Node NBPC-00 (6.22%)
  Node NBP03-03 (1.71%)
  Node NBP03-04 (1.60%)
  Node NBP03-02 (1.58%)
  Node NBP03-01 (1.41%)
  
  
  *************************
  Routing Time Step Summary
  *************************
  Minimum Time Step           :     0.21 sec
  Average Time Step           :     0.59 sec
  Maximum Time Step           :    10.00 sec
  % of Time in Steady State   :     0.00
  Average Iterations per Step :     2.50
  % of Steps Not Converging   :     6.22
  Time Step Frequencies       :
     10.000 -  5.493 sec      :     0.87 %
      5.493 -  3.017 sec      :     0.17 %
      3.017 -  1.657 sec      :     0.26 %
      1.657 -  0.910 sec      :     0.09 %
      0.910 -  0.500 sec      :    98.61 %
  
  
  ***************************
  Subcatchment Runoff Summary
  ***************************
  
  ------------------------------------------------------------------------------------------------------------------------------
                            Total      Total      Total      Total     Imperv       Perv      Total       Total     Peak  Runoff
                           Precip      Runon       Evap      Infil     Runoff     Runoff     Runoff      Runoff   Runoff   Coeff
  Subcatchment                 mm         mm         mm         mm         mm         mm         mm    10^6 ltr      CMS
  ------------------------------------------------------------------------------------------------------------------------------
  NBC01-00#1               458.44       0.00       0.00     216.46       0.00     242.03     242.03        0.56     0.06   0.528
  NBC01-01#1               458.44       0.00       0.00     230.69       0.00     227.78     227.78       13.18     1.49   0.497
  NBC01-02#1               458.44       0.00       0.00     236.12       0.00     222.33     222.33        1.89     0.22   0.485
  NBC01-02#2               458.44       0.00       0.00     228.73       0.00     229.73     229.73       17.26     1.95   0.501
  NBC01-04#1               458.44       0.00       0.00     202.47       0.00     256.12     256.12        0.13     0.01   0.559
  NBC01-04#2               458.44       0.00       0.00     206.01       0.00     252.54     252.54        0.58     0.07   0.551
  NBC01-04#3               458.44       0.00       0.00     227.74       0.00     230.73     230.73       10.15     1.15   0.503
  NBC01-05#1               458.44       0.00       0.00     229.37       0.00     229.09     229.09       15.34     1.74   0.500
  NBC01-06#1               458.44       0.00       0.00     223.83       0.00     234.65     234.65        5.15     0.58   0.512
  NBC01-07#1               458.44       0.00       0.00     223.21       0.00     235.27     235.27        5.02     0.57   0.513
  NBC01-08#1               458.44       0.00       0.00     223.13       0.00     235.34     235.34        4.25     0.48   0.513
  NBC01-09#1               458.44       0.00       0.00     223.75       0.00     234.72     234.72        5.57     0.63   0.512
  NBC01-10#1               458.44       0.00       0.00     220.50       0.00     237.98     237.98        3.03     0.34   0.519
  NBC01-11#1               458.44       0.00       0.00     224.36       0.00     234.11     234.11        5.04     0.57   0.511
  NBC01-12#1               458.44       0.00       0.00     225.44       0.00     233.03     233.03        4.28     0.48   0.508
  NBC01-13#1               458.44       0.00       0.00     228.09       0.00     230.38     230.38        1.60     0.18   0.503
  NBC01-13#2               458.44       0.00       0.00     203.71       0.00     254.87     254.87        0.55     0.06   0.556
  NBC01-14#1               458.44       0.00       0.00     217.63       0.00     240.85     240.85        3.13     0.35   0.525
  NBC01-15#1               458.44       0.00       0.00     218.58       0.00     239.91     239.91        9.30     1.05   0.523
  NBC01-16#1               458.44       0.00       0.00     211.53       0.00     246.98     246.98        1.88     0.21   0.539
  NBC01-17#1               458.44       0.00       0.00     214.47       0.00     244.03     244.03        7.67     0.87   0.532
  NBC01-19#1               458.44       0.00       0.00     229.04       0.00     229.43     229.43       19.19     2.17   0.500
  NBC01-20#1               458.44       0.00       0.00     260.13       0.00     198.32     198.32        6.11     0.69   0.433
  NBC02-01#1               458.44       0.00       0.00     227.01       0.00     231.46     231.46       17.60     1.99   0.505
  NBC03-01#1               458.44       0.00       0.00     203.02       0.00     255.56     255.56        0.43     0.05   0.557
  NBC03-02#1               458.44       0.00       0.00     220.81       0.00     237.67     237.67        3.62     0.41   0.518
  NBC03-03#1               458.44       0.00       0.00     207.64       0.00     250.89     250.89        0.61     0.07   0.547
  NBC03-04#1               458.44       0.00       0.00     212.00       0.00     246.51     246.51        2.11     0.24   0.538
  NBC03-05#1               458.44       0.00       0.00     216.61       0.00     241.87     241.87        2.55     0.29   0.528
  NBC04-01#1               458.44       0.00       0.00     227.17       0.00     231.30     231.30       12.00     1.36   0.505
  NBC04-02#1               458.44       0.00       0.00     225.22       0.00     233.26     233.26       14.69     1.66   0.509
  NBC09-00#1               458.44       0.00       0.00     204.98       0.00     253.58     253.58       10.74     1.20   0.553
  NBC10-00#1               458.44       0.00       0.00     217.79       0.00     240.69     240.69        2.83     0.32   0.525
  NBC11-02#1               458.44       0.00       0.00     240.12       0.00     218.33     218.33       26.75     3.08   0.476
  NBC11-02#2               458.44       0.00       0.00     201.09       0.00     257.53     257.53        0.12     0.01   0.562
  NBC11-02#3               458.44       0.00       0.00     235.39       0.00     223.06     223.06        4.35     0.49   0.487
  NBC11-03#1               458.44       0.00       0.00     239.46       0.00     219.00     219.00        7.66     0.88   0.478
  NBC12-00#1               458.44       0.00       0.00     218.48       0.00     240.00     240.00        3.56     0.40   0.524
  NBC13-01#1               458.44       0.00       0.00     238.38       0.00     220.08     220.08        1.74     0.20   0.480
  NBC13-01#2               458.44       0.00       0.00     211.90       0.00     246.61     246.61        2.02     0.23   0.538
  NBC13-02#1               458.44       0.00       0.00     231.24       0.00     227.22     227.22        0.79     0.09   0.496
  NBC13-03#1               458.44       0.00       0.00     242.10       0.00     216.35     216.35        2.24     0.26   0.472
  NBC13-04#1               458.44       0.00       0.00     253.96       0.00     204.49     204.49        4.19     0.48   0.446
  NBC13-05#1               458.44       0.00       0.00     274.37       0.00     184.08     184.08        6.40     0.65   0.402
  NBC14-01#1               458.44       0.00       0.00     263.60       0.00     194.85     194.85        4.99     0.56   0.425
  NBC14-01#2               458.44       0.00       0.00     206.49       0.00     252.05     252.05        0.23     0.03   0.550
  NBC14-02#1               458.44       0.00       0.00     230.26       0.00     228.21     228.21        0.36     0.04   0.498
  NBC14-02#2               458.44       0.00       0.00     211.53       0.00     246.98     246.98        0.83     0.09   0.539
  NBC14-03#1               458.44       0.00       0.00     223.76       0.00     234.71     234.71        1.59     0.18   0.512
  NBC14-04#1               458.44       0.00       0.00     276.08       0.00     182.37     182.37       11.61     1.13   0.398
  NBC14-05#1               458.44       0.00       0.00     264.99       0.00     193.46     193.46        4.13     0.46   0.422
  NBC15-01#1               458.44       0.00       0.00     233.36       0.00     225.10     225.10        1.53     0.17   0.491
  NBC15-02#1               458.44       0.00       0.00     242.16       0.00     216.30     216.30        7.32     0.85   0.472
  NBC16-00#1               458.44       0.00       0.00     222.25       0.00     236.22     236.22        0.21     0.02   0.515
  NBC16-00#2               458.44       0.00       0.00     226.64       0.00     231.83     231.83        2.18     0.25   0.506
  NBC16-02#1               458.44       0.00       0.00     200.37       0.00     258.27     258.27        0.15     0.02   0.563
  NBC16-02#2               458.44       0.00       0.00     248.46       0.00     209.99     209.99        6.49     0.75   0.458
  NBC16-03#1               458.44       0.00       0.00     245.90       0.00     212.56     212.56        2.16     0.25   0.464
  NBC16-03#2               458.44       0.00       0.00     216.32       0.00     242.17     242.17        1.32     0.15   0.528
  NBC16-04#1               458.44       0.00       0.00     232.41       0.00     226.06     226.06       14.31     1.62   0.493
  NBC16-05#1               458.44       0.00       0.00     238.10       0.00     220.36     220.36        1.08     0.12   0.481
  NBC16-06#1               458.44       0.00       0.00     237.17       0.00     221.29     221.29       10.50     1.20   0.483
  NBC16-07#1               458.44       0.00       0.00     244.34       0.00     214.12     214.12       12.86     1.49   0.467
  NBC17-01#1               458.44       0.00       0.00     219.26       0.00     239.23     239.23        5.83     0.66   0.522
  NBC18-01#1               458.44       0.00       0.00     234.10       0.00     224.36     224.36        8.87     1.01   0.489
  NBP01-01#1               458.44       0.00       0.00     234.95       0.00     223.51     223.51        3.81     0.43   0.488
  NBP01-01#2               458.44       0.00       0.00     249.54       0.00     208.91     208.91       26.98     3.14   0.456
  NBP01-03#1               458.44       0.00       0.00     275.11       0.00     183.34     183.34        3.26     0.32   0.400
  NBP01-03#2               458.44       0.00       0.00     258.95       0.00     199.50     199.50       13.68     1.56   0.435
  NBP01-04#1               458.44       0.00       0.00     227.84       0.00     230.63     230.63        4.29     0.49   0.503
  NBP01-04#2               458.44       0.00       0.00     252.48       0.00     205.97     205.97        1.98     0.23   0.449
  NBP01-05#1               458.44       0.00       0.00     235.81       0.00     222.65     222.65        8.32     0.95   0.486
  NBP01-05#2               458.44       0.00       0.00     232.98       0.00     225.48     225.48        7.84     0.89   0.492
  NBP01-06#1               458.44       0.00       0.00     234.44       0.00     224.02     224.02        3.17     0.36   0.489
  NBP01-06#2               458.44       0.00       0.00     263.39       0.00     195.06     195.06       11.16     1.25   0.425
  NBP01-07#1               458.44       0.00       0.00     253.24       0.00     205.21     205.21        9.25     1.07   0.448
  NBP01-08#1               458.44       0.00       0.00     234.44       0.00     224.02     224.02       16.98     1.93   0.489
  NBP01-08#2               458.44       0.00       0.00     237.93       0.00     220.53     220.53       15.13     1.73   0.481
  NBP01-09#1               458.44       0.00       0.00     232.72       0.00     225.74     225.74       10.49     1.19   0.492
  NBP01-09#2               458.44       0.00       0.00     219.86       0.00     238.62     238.62        4.30     0.49   0.521
  NBP01-10#1               458.44       0.00       0.00     229.98       0.00     228.48     228.48        7.95     0.90   0.498
  NBP01-11#1               458.44       0.00       0.00     237.86       0.00     220.60     220.60        9.55     1.09   0.481
  NBP01-12#1               458.44       0.00       0.00     234.01       0.00     224.45     224.45       17.77     2.02   0.490
  NBP01-13#1               458.44       0.00       0.00     223.42       0.00     235.05     235.05        2.36     0.27   0.513
  NBP01-13#2               458.44       0.00       0.00     216.11       0.00     242.38     242.38        0.84     0.09   0.529
  NBP01-14#1               458.44       0.00       0.00     235.85       0.00     222.61     222.61        4.60     0.52   0.486
  NBP01-15#1               458.44       0.00       0.00     225.80       0.00     232.67     232.67       11.68     1.32   0.508
  NBP01-16#1               458.44       0.00       0.00     245.22       0.00     213.23     213.23       19.03     2.21   0.465
  NBP01-17#1               458.44       0.00       0.00     221.17       0.00     237.30     237.30        4.93     0.56   0.518
  NBP01-18#1               458.44       0.00       0.00     228.24       0.00     230.23     230.23       11.44     1.29   0.502
  NBP01-19#1               458.44       0.00       0.00     234.64       0.00     223.82     223.82        3.70     0.42   0.488
  NBP01-20#1               458.44       0.00       0.00     242.53       0.00     215.92     215.92        5.75     0.66   0.471
  NBP01-21#1               458.44       0.00       0.00     237.58       0.00     220.88     220.88       11.26     1.29   0.482
  NBP01-22#1               458.44       0.00       0.00     242.46       0.00     216.00     216.00       18.33     2.12   0.471
  NBP01-22#2               458.44       0.00       0.00     244.92       0.00     213.54     213.54       10.78     1.25   0.466
  NBP01-23#1               458.44       0.00       0.00     224.96       0.00     233.51     233.51       10.17     1.15   0.509
  NBP01-24#1               458.44       0.00       0.00     258.76       0.00     199.69     199.69        8.27     0.94   0.436
  NBP01-25#1               458.44       0.00       0.00     235.68       0.00     222.78     222.78       15.95     1.82   0.486
  NBP01-26#1               458.44       0.00       0.00     234.42       0.00     224.04     224.04        6.16     0.70   0.489
  NBP01-27#1               458.44       0.00       0.00     214.72       0.00     243.77     243.77        2.65     0.30   0.532
  NBP01-27#2               458.44       0.00       0.00     226.17       0.00     232.30     232.30        2.67     0.30   0.507
  NBP01-28#1               458.44       0.00       0.00     235.06       0.00     223.40     223.40        5.82     0.66   0.487
  NBP01-29#1               458.44       0.00       0.00     232.19       0.00     226.28     226.28       14.31     1.62   0.494
  NBP01-30#1               458.44       0.00       0.00     226.16       0.00     232.31     232.31       16.32     1.85   0.507
  NBP01-31#1               458.44       0.00       0.00     215.89       0.00     242.61     242.61        2.67     0.30   0.529
  NBP02-01#1               458.44       0.00       0.00     243.04       0.00     215.41     215.41       17.32     2.00   0.470
  NBP02-02#1               458.44       0.00       0.00     248.94       0.00     209.51     209.51       27.50     3.20   0.457
  NBP02-03#1               458.44       0.00       0.00     257.36       0.00     201.09     201.09       21.39     2.45   0.439
  NBP02-04#1               458.44       0.00       0.00     255.90       0.00     202.55     202.55       41.90     4.82   0.442
  NBP03-01#1               458.44       0.00       0.00     236.51       0.00     221.95     221.95        3.02     0.35   0.484
  NBP03-02#1               458.44       0.00       0.00     229.83       0.00     228.63     228.63        1.62     0.18   0.499
  NBP03-03#1               458.44       0.00       0.00     238.81       0.00     219.64     219.64        4.40     0.51   0.479
  NBP03-04#1               458.44       0.00       0.00     251.66       0.00     206.79     206.79       29.99     3.48   0.451
  NBP04-01#1               458.44       0.00       0.00     244.47       0.00     213.98     213.98        6.05     0.70   0.467
  NBP04-02#1               458.44       0.00       0.00     261.30       0.00     197.15     197.15        9.67     1.09   0.430
  NBP04-03#1               458.44       0.00       0.00     232.60       0.00     225.87     225.87        0.90     0.10   0.493
  NBP04-04#1               458.44       0.00       0.00     228.73       0.00     229.74     229.74        1.09     0.12   0.501
  NBP04-04#2               458.44       0.00       0.00     241.38       0.00     217.07     217.07        7.60     0.88   0.473
  NBP04-05#1               458.44       0.00       0.00     236.81       0.00     221.64     221.64        1.73     0.20   0.483
  NBP04-06#1               458.44       0.00       0.00     218.45       0.00     240.03     240.03        0.71     0.08   0.524
  NBP04-07#1               458.44       0.00       0.00     254.44       0.00     204.01     204.01       18.50     2.14   0.445
  NBP04-08#1               458.44       0.00       0.00     252.93       0.00     205.52     205.52        9.36     1.08   0.448
  NBP04-09#1               458.44       0.00       0.00     244.13       0.00     214.32     214.32        5.84     0.68   0.467
  NBP04-10#1               458.44       0.00       0.00     252.09       0.00     206.36     206.36        5.54     0.64   0.450
  NBP04-11#1               458.44       0.00       0.00     266.79       0.00     191.66     191.66       10.19     1.11   0.418
  NBP04-12#1               458.44       0.00       0.00     293.38       0.00     165.06     165.06        9.39     0.71   0.360
  NBP04-13#1               458.44       0.00       0.00     256.07       0.00     202.38     202.38       17.88     2.06   0.441
  NBP05-01#1               458.44       0.00       0.00     251.26       0.00     207.19     207.19        6.46     0.75   0.452
  NBP05-02#1               458.44       0.00       0.00     236.29       0.00     222.17     222.17        5.10     0.58   0.485
  NBP05-03#1               458.44       0.00       0.00     250.99       0.00     207.46     207.46       12.20     1.42   0.453
  NBP06-01#1               458.44       0.00       0.00     251.21       0.00     207.24     207.24        9.20     1.07   0.452
  NBP06-02#1               458.44       0.00       0.00     261.35       0.00     197.09     197.09       17.62     1.99   0.430
  NBP06-03#1               458.44       0.00       0.00     231.44       0.00     227.02     227.02        9.17     1.04   0.495
  NBP06-04#1               458.44       0.00       0.00     231.74       0.00     226.72     226.72        8.64     0.98   0.495
  NBP06-05#1               458.44       0.00       0.00     243.64       0.00     214.82     214.82       16.61     1.92   0.469
  NBP06-05#2               458.44       0.00       0.00     227.04       0.00     231.43     231.43        5.84     0.66   0.505
  NBP06-06#1               458.44       0.00       0.00     237.03       0.00     221.43     221.43       11.60     1.33   0.483
  NBP06-07#1               458.44       0.00       0.00     239.91       0.00     218.55     218.55       23.30     2.68   0.477
  NBP06-08#1               458.44       0.00       0.00     219.82       0.00     238.66     238.66        0.77     0.09   0.521
  NBP06-08#2               458.44       0.00       0.00     217.47       0.00     241.01     241.01        1.16     0.13   0.526
  NBP06-09#1               458.44       0.00       0.00     240.27       0.00     218.19     218.19       13.30     1.53   0.476
  NBP06-11#1               458.44       0.00       0.00     221.35       0.00     237.13     237.13        3.21     0.36   0.517
  NBP06-11#2               458.44       0.00       0.00     227.40       0.00     231.07     231.07       11.39     1.29   0.504
  NBP06-12#1               458.44       0.00       0.00     225.08       0.00     233.39     233.39        9.93     1.12   0.509
  NBP07-01#1               458.44       0.00       0.00     219.44       0.00     239.04     239.04        1.22     0.14   0.521
  NBP07-02#1               458.44       0.00       0.00     225.75       0.00     232.72     232.72        9.80     1.11   0.508
  NBP08-01#1               458.44       0.00       0.00     235.43       0.00     223.03     223.03       19.72     2.25   0.486
  NBP08-02#1               458.44       0.00       0.00     222.46       0.00     236.02     236.02        1.30     0.15   0.515
  NBP08-03#1               458.44       0.00       0.00     209.48       0.00     249.04     249.04        0.42     0.05   0.543
  NBP08-03#2               458.44       0.00       0.00     227.85       0.00     230.62     230.62       10.20     1.15   0.503
  NBP08-06#1               458.44       0.00       0.00     222.52       0.00     235.95     235.95        6.35     0.72   0.515
  NBP09-01#1               458.44       0.00       0.00     223.87       0.00     234.60     234.60        7.66     0.86   0.512
  NBP09-01#2               458.44       0.00       0.00     209.67       0.00     248.85     248.85        2.37     0.27   0.543
  NBP09-02#1               458.44       0.00       0.00     226.80       0.00     231.66     231.66       17.78     2.01   0.505
  NBP10-01#1               458.44       0.00       0.00     218.86       0.00     239.62     239.62        9.56     1.08   0.523
  NBP11-01#1               458.44       0.00       0.00     221.83       0.00     236.64     236.64        6.48     0.73   0.516
  NBP11-02#1               458.44       0.00       0.00     222.99       0.00     235.49     235.49        7.93     0.90   0.514
  NBP11-03#1               458.44       0.00       0.00     229.74       0.00     228.73     228.73       14.75     1.67   0.499
  NBP11-04#1               458.44       0.00       0.00     236.79       0.00     221.67     221.67       14.22     1.62   0.484
  NBP11-05#1               458.44       0.00       0.00     238.27       0.00     220.19     220.19       30.49     3.50   0.480
  NBP11-06#1               458.44       0.00       0.00     226.35       0.00     232.12     232.12        0.98     0.11   0.506
  NBP11-06#2               458.44       0.00       0.00     223.19       0.00     235.29     235.29        1.90     0.21   0.513
  NBP11-07#1               458.44       0.00       0.00     224.34       0.00     234.13     234.13        8.68     0.98   0.511
  NBP12-01#1               458.44       0.00       0.00     221.64       0.00     236.84     236.84        3.19     0.36   0.517
  NBP12-02#1               458.44       0.00       0.00     226.75       0.00     231.72     231.72       10.00     1.13   0.505
  NBP13-01#1               458.44       0.00       0.00     237.18       0.00     221.27     221.27       15.41     1.76   0.483
  NBP13-02#1               458.44       0.00       0.00     244.33       0.00     214.13     214.13        8.55     0.99   0.467
  NBP13-03#1               458.44       0.00       0.00     224.15       0.00     234.32     234.32        9.90     1.12   0.511
  NBP13-04#1               458.44       0.00       0.00     241.08       0.00     217.38     217.38        2.72     0.31   0.474
  NBP13-05#1               458.44       0.00       0.00     225.05       0.00     233.42     233.42       12.44     1.41   0.509
  NBP13-06#1               458.44       0.00       0.00     228.71       0.00     229.76     229.76        9.65     1.09   0.501
  NBP13-07#1               458.44       0.00       0.00     237.11       0.00     221.35     221.35        5.35     0.61   0.483
  NBP13-08#1               458.44       0.00       0.00     226.36       0.00     232.11     232.11        3.09     0.35   0.506
  NBP13-09#1               458.44       0.00       0.00     251.14       0.00     207.31     207.31        5.37     0.62   0.452
  NBP13-10#1               458.44       0.00       0.00     216.53       0.00     241.96     241.96        1.50     0.17   0.528
  NBP13-11#1               458.44       0.00       0.00     226.51       0.00     231.96     231.96        6.21     0.70   0.506
  NBP13-11#2               458.44       0.00       0.00     227.67       0.00     230.80     230.80        2.28     0.26   0.503
  NBP13-12#1               458.44       0.00       0.00     225.89       0.00     232.58     232.58        3.67     0.42   0.507
  NBP13-13#1               458.44       0.00       0.00     224.05       0.00     234.42     234.42        3.20     0.36   0.511
  NBP13-14#1               458.44       0.00       0.00     223.79       0.00     234.69     234.69       10.79     1.22   0.512
  NBP14-01#1               458.44       0.00       0.00     237.11       0.00     221.35     221.35        3.55     0.41   0.483
  NBP15-01#1               458.44       0.00       0.00     232.19       0.00     226.27     226.27        6.91     0.78   0.494
  NBPC-00#1                458.44       0.00       0.00     262.66       0.00     195.78     195.78       14.43     1.62   0.427
  NBPC-01#1                458.44       0.00       0.00     246.75       0.00     211.71     211.71      330.01    38.33   0.462
  NBPC-09#1                458.44       0.00       0.00     266.83       0.00     191.61     191.61       13.19     1.44   0.418
  NBPC-09#2                458.44       0.00       0.00     261.75       0.00     196.70     196.70      558.93    62.92   0.429
  NHM_016#1                458.44       0.00       0.00     245.71       0.00     212.74     212.74      502.84    58.37   0.464
  NNH01-00#1               458.44       0.00       0.00     230.17       0.00     228.29     228.29        1.76     0.20   0.498
  NNH01-01#1               458.44       0.00       0.00     236.74       0.00     221.71     221.71        3.04     0.35   0.484
  NNH01-02#1               458.44       0.00       0.00     209.45       0.00     249.07     249.07        0.44     0.05   0.543
  NNH01-02#2               458.44       0.00       0.00     223.15       0.00     235.32     235.32        5.31     0.60   0.513
  NNH01-03#1               458.44       0.00       0.00     225.88       0.00     232.59     232.59        1.10     0.12   0.507
  NNH01-04#1               458.44       0.00       0.00     219.12       0.00     239.37     239.37        2.05     0.23   0.522
  NNH01-05#1               458.44       0.00       0.00     228.30       0.00     230.17     230.17        1.14     0.13   0.502
  NNH01-06#1               458.44       0.00       0.00     216.94       0.00     241.55     241.55        2.06     0.23   0.527
  NNH01-07#1               458.44       0.00       0.00     221.20       0.00     237.28     237.28        2.13     0.24   0.518
  NNH01-07.1#1             458.44       0.00       0.00     227.29       0.00     231.18     231.18        1.46     0.16   0.504
  NNH01-09#1               458.44       0.00       0.00     220.66       0.00     237.82     237.82        0.34     0.04   0.519
  NNH01-09#2               458.44       0.00       0.00     211.38       0.00     247.13     247.13        0.95     0.11   0.539
  NNH01-10#1               458.44       0.00       0.00     236.57       0.00     221.89     221.89        1.05     0.12   0.484
  NNH01-10#2               458.44       0.00       0.00     226.42       0.00     232.05     232.05        4.67     0.53   0.506
  NNH01-11#1               458.44       0.00       0.00     215.81       0.00     242.68     242.68        1.18     0.13   0.529
  NNH01-12#1               458.44       0.00       0.00     212.66       0.00     245.84     245.84        0.29     0.03   0.536
  NNH01-12#2               458.44       0.00       0.00     220.04       0.00     238.44     238.44        2.43     0.27   0.520
  NNH01-13#1               458.44       0.00       0.00     274.40       0.00     184.05     184.05        5.06     0.51   0.401
  NNH01-14#1               458.44       0.00       0.00     213.40       0.00     245.10     245.10        2.41     0.27   0.535
  NNH01-15#1               458.44       0.00       0.00     245.41       0.00     213.05     213.05       13.57     1.58   0.465
  NNH01-16#1               458.44       0.00       0.00     219.77       0.00     238.71     238.71        2.61     0.29   0.521
  NNH01-16#2               458.44       0.00       0.00     218.61       0.00     239.88     239.88        2.31     0.26   0.523
  NNH01-17#1               458.44       0.00       0.00     246.28       0.00     212.17     212.17        6.61     0.77   0.463
  NNH01-18#1               458.44       0.00       0.00     228.19       0.00     230.28     230.28        0.42     0.05   0.502
  NNH01-18#2               458.44       0.00       0.00     213.06       0.00     245.44     245.44        1.25     0.14   0.535
  NNH01-19#1               458.44       0.00       0.00     210.62       0.00     247.89     247.89        1.69     0.19   0.541
  NNH01-19#2               458.44       0.00       0.00     209.46       0.00     249.06     249.06        0.83     0.09   0.543
  NNH01-20#1               458.44       0.00       0.00     275.54       0.00     182.91     182.91        1.62     0.16   0.399
  NNH01-20#2               458.44       0.00       0.00     230.80       0.00     227.66     227.66        0.34     0.04   0.497
  NNH01-21#1               458.44       0.00       0.00     212.89       0.00     245.61     245.61        0.93     0.11   0.536
  NNH01-21#2               458.44       0.00       0.00     224.84       0.00     233.64     233.64        1.74     0.20   0.510
  NNH01-22#1               458.44       0.00       0.00     248.17       0.00     210.28     210.28       12.61     1.47   0.459
  NNH01-22#2               458.44       0.00       0.00     225.29       0.00     233.18     233.18        1.31     0.15   0.509
  NNH01-23#1               458.44       0.00       0.00     239.91       0.00     218.55     218.55        5.17     0.59   0.477
  NNH01-24#1               458.44       0.00       0.00     247.71       0.00     210.74     210.74        4.68     0.54   0.460
  NNH01-25#1               458.44       0.00       0.00     238.46       0.00     219.99     219.99       10.25     1.18   0.480
  NNH01-26#1               458.44       0.00       0.00     197.83       0.00     260.90     260.90        0.25     0.03   0.569
  NNH01-27#1               458.44       0.00       0.00     229.04       0.00     229.42     229.42        4.28     0.48   0.500
  NNH01-28#1               458.44       0.00       0.00     206.71       0.00     251.83     251.83        0.66     0.07   0.549
  NNH01-29#1               458.44       0.00       0.00     218.41       0.00     240.07     240.07        3.00     0.34   0.524
  NNH02-01#1               458.44       0.00       0.00     203.12       0.00     255.46     255.46        0.30     0.03   0.557
  NNH02-01#2               458.44       0.00       0.00     215.64       0.00     242.86     242.86        0.54     0.06   0.530
  NNH02-01#3               458.44       0.00       0.00     212.29       0.00     246.21     246.21        0.70     0.08   0.537
  NNH02-02#1               458.44       0.00       0.00     212.74       0.00     245.76     245.76        4.25     0.48   0.536
  NNH03-01#1               458.44       0.00       0.00     222.22       0.00     236.25     236.25        0.70     0.08   0.515
  NNH03-02#1               458.44       0.00       0.00     208.23       0.00     250.29     250.29        0.63     0.07   0.546
  NNH03-03#1               458.44       0.00       0.00     229.43       0.00     229.04     229.04       17.68     2.00   0.500
  NNH04-01#1               458.44       0.00       0.00     211.29       0.00     247.22     247.22        1.05     0.12   0.539
  NNH04-02#1               458.44       0.00       0.00     223.47       0.00     235.00     235.00        5.19     0.59   0.513
  NNH04-03#1               458.44       0.00       0.00     209.60       0.00     248.92     248.92        1.12     0.13   0.543
  NNH04-04#1               458.44       0.00       0.00     217.78       0.00     240.71     240.71        7.61     0.86   0.525
  NNH05-01#1               458.44       0.00       0.00     223.68       0.00     234.79     234.79        4.69     0.53   0.512
  NNH05-02#1               458.44       0.00       0.00     208.93       0.00     249.59     249.59        1.08     0.12   0.544
  NNH05-03#1               458.44       0.00       0.00     217.11       0.00     241.37     241.37        2.10     0.24   0.527
  NNH06-01#1               458.44       0.00       0.00     208.33       0.00     250.20     250.20        0.28     0.03   0.546
  NNH07-01#1               458.44       0.00       0.00     224.11       0.00     234.36     234.36        8.37     0.95   0.511
  NNH07-01#2               458.44       0.00       0.00     210.27       0.00     248.25     248.25        1.76     0.20   0.542
  NNH07-02#1               458.44       0.00       0.00     213.83       0.00     244.67     244.67        5.98     0.67   0.534
  NNH07-03#1               458.44       0.00       0.00     208.74       0.00     249.79     249.79        4.90     0.55   0.545
  NNH07-03#2               458.44       0.00       0.00     208.83       0.00     249.69     249.69        0.19     0.02   0.545
  NNH07-04#1               458.44       0.00       0.00     218.55       0.00     239.94     239.94        4.86     0.55   0.523
  NNH07-05#1               458.44       0.00       0.00     218.01       0.00     240.48     240.48        4.36     0.49   0.525
  NNH07-06#1               458.44       0.00       0.00     223.17       0.00     235.31     235.31       12.60     1.42   0.513
  NNH07-07#1               458.44       0.00       0.00     212.02       0.00     246.48     246.48        2.03     0.23   0.538
  NNH07-08#1               458.44       0.00       0.00     230.14       0.00     228.33     228.33       11.01     1.25   0.498
  NNH07-09#1               458.44       0.00       0.00     207.40       0.00     251.13     251.13        0.34     0.04   0.548
  NNH07-09#2               458.44       0.00       0.00     225.29       0.00     233.19     233.19        0.76     0.09   0.509
  NNH07-10#1               458.44       0.00       0.00     230.15       0.00     228.32     228.32        0.57     0.06   0.498
  NNH07-11#1               458.44       0.00       0.00     213.92       0.00     244.58     244.58        2.35     0.27   0.534
  NNH07-12#1               458.44       0.00       0.00     214.16       0.00     244.34     244.34        2.66     0.30   0.533
  NNH07-13#1               458.44       0.00       0.00     225.34       0.00     233.13     233.13        5.63     0.64   0.509
  NNH07-14#1               458.44       0.00       0.00     225.64       0.00     232.83     232.83       15.83     1.79   0.508
  NNH08-01#1               458.44       0.00       0.00     201.20       0.00     257.42     257.42        1.18     0.13   0.562
  NNH08-02#1               458.44       0.00       0.00     218.35       0.00     240.14     240.14        2.80     0.32   0.524
  NNH08-03#1               458.44       0.00       0.00     211.48       0.00     247.03     247.03        5.37     0.61   0.539
  NNH09-01#1               458.44       0.00       0.00     219.53       0.00     238.95     238.95        6.94     0.78   0.521
  NNH10-01#1               458.44       0.00       0.00     228.04       0.00     230.43     230.43       34.37     3.89   0.503
  NNH10-01#2               458.44       0.00       0.00     210.08       0.00     248.43     248.43        0.87     0.10   0.542
  NNH10-02#1               458.44       0.00       0.00     219.69       0.00     238.79     238.79        9.31     1.05   0.521
  NNH10-03#1               458.44       0.00       0.00     224.73       0.00     233.75     233.75        7.93     0.90   0.510
  NNH10-04#1               458.44       0.00       0.00     219.95       0.00     238.53     238.53        2.00     0.23   0.520
  NNH11-01#1               458.44       0.00       0.00     220.07       0.00     238.41     238.41        1.68     0.19   0.520
  NNH11-02#1               458.44       0.00       0.00     214.19       0.00     244.31     244.31        1.80     0.20   0.533
  NNH11-03#1               458.44       0.00       0.00     231.12       0.00     227.35     227.35        1.81     0.21   0.496
  NNH11-04#1               458.44       0.00       0.00     221.08       0.00     237.40     237.40        5.99     0.68   0.518
  NNH12-01#1               458.44       0.00       0.00     203.40       0.00     255.18     255.18        0.92     0.10   0.557
  NNH12-02#1               458.44       0.00       0.00     216.59       0.00     241.90     241.90        2.75     0.31   0.528
  NNH13-01#1               458.44       0.00       0.00     200.13       0.00     258.51     258.51        0.18     0.02   0.564
  NNH14-01#1               458.44       0.00       0.00     220.38       0.00     238.10     238.10       13.10     1.48   0.519
  NNH14-02#1               458.44       0.00       0.00     210.76       0.00     247.75     247.75        1.69     0.19   0.540
  NNH15-01#1               458.44       0.00       0.00     198.57       0.00     260.13     260.13        0.10     0.01   0.567
  NNH15-02#1               458.44       0.00       0.00     223.10       0.00     235.37     235.37        1.11     0.12   0.513
  NNH15-03#1               458.44       0.00       0.00     221.08       0.00     237.40     237.40        3.85     0.43   0.518
  NNH15-04#1               458.44       0.00       0.00     221.61       0.00     236.87     236.87        4.93     0.56   0.517
  NNH15-05#1               458.44       0.00       0.00     212.78       0.00     245.72     245.72        1.39     0.16   0.536
  NNH15-05#2               458.44       0.00       0.00     214.34       0.00     244.15     244.15        0.50     0.06   0.533
  NNH15-06#1               458.44       0.00       0.00     215.05       0.00     243.45     243.45        2.95     0.33   0.531
  NNH15-07#1               458.44       0.00       0.00     230.16       0.00     228.31     228.31        3.65     0.41   0.498
  NNH16-01#1               458.44       0.00       0.00     227.34       0.00     231.13     231.13       19.94     2.25   0.504
  NNH17-01#1               458.44       0.00       0.00     229.45       0.00     229.02     229.02       11.00     1.24   0.500
  NNH17-02#1               458.44       0.00       0.00     219.18       0.00     239.31     239.31        7.37     0.83   0.522
  NNH18-01#1               458.44       0.00       0.00     213.44       0.00     245.06     245.06        0.99     0.11   0.535
  NNH18-02#1               458.44       0.00       0.00     206.19       0.00     252.35     252.35        0.98     0.11   0.550
  NNH18-03#1               458.44       0.00       0.00     208.78       0.00     249.75     249.75        1.52     0.17   0.545
  NNH18-04#1               458.44       0.00       0.00     205.59       0.00     252.96     252.96        0.53     0.06   0.552
  NNH18-05#1               458.44       0.00       0.00     211.49       0.00     247.02     247.02        3.95     0.45   0.539
  NNH18-06#1               458.44       0.00       0.00     227.02       0.00     231.45     231.45        5.71     0.65   0.505
  NNH18-07#1               458.44       0.00       0.00     220.03       0.00     238.45     238.45        0.96     0.11   0.520
  NSC01-01#1               458.44       0.00       0.00     221.03       0.00     237.45     237.45        2.48     0.28   0.518
  NSC01-02#1               458.44       0.00       0.00     256.49       0.00     201.96     201.96        1.50     0.17   0.441
  NSC01-03#1               458.44       0.00       0.00     228.96       0.00     229.50     229.50        9.00     1.02   0.501
  NSC01-04#1               458.44       0.00       0.00     225.97       0.00     232.50     232.50        3.50     0.40   0.507
  NSC01-05#1               458.44       0.00       0.00     225.02       0.00     233.45     233.45        0.64     0.07   0.509
  NSC01-06#1               458.44       0.00       0.00     230.23       0.00     228.24     228.24        0.48     0.05   0.498
  NSC01-06#2               458.44       0.00       0.00     219.15       0.00     239.33     239.33        1.20     0.14   0.522
  NSC01-06#3               458.44       0.00       0.00     218.99       0.00     239.49     239.49        2.11     0.24   0.522
  NSC01-07#1               458.44       0.00       0.00     246.98       0.00     211.47     211.47        0.45     0.05   0.461
  NSC01-07#2               458.44       0.00       0.00     246.38       0.00     212.07     212.07        2.37     0.28   0.463
  NSC01-08#1               458.44       0.00       0.00     226.86       0.00     231.61     231.61        2.83     0.32   0.505
  NSC01-09#1               458.44       0.00       0.00     221.51       0.00     236.97     236.97        4.61     0.52   0.517
  NSC01-10#1               458.44       0.00       0.00     238.87       0.00     219.58     219.58       14.78     1.70   0.479
  NSC01-11#1               458.44       0.00       0.00     217.39       0.00     241.10     241.10        2.11     0.24   0.526
  NSC01-12#1               458.44       0.00       0.00     222.98       0.00     235.49     235.49        8.86     1.00   0.514
  NSC01-13#1               458.44       0.00       0.00     210.90       0.00     247.62     247.62        0.88     0.10   0.540
  NSC01-14#1               458.44       0.00       0.00     224.47       0.00     234.00     234.00       16.24     1.83   0.510
  NSC01-15#1               458.44       0.00       0.00     222.92       0.00     235.56     235.56        4.00     0.45   0.514
  NSC01-16#1               458.44       0.00       0.00     229.34       0.00     229.12     229.12       14.52     1.64   0.500
  NSC01-17#1               458.44       0.00       0.00     215.30       0.00     243.20     243.20        5.50     0.62   0.530
  NSC01-18#1               458.44       0.00       0.00     211.81       0.00     246.70     246.70        0.85     0.10   0.538
  NSC01-19#1               458.44       0.00       0.00     222.34       0.00     236.14     236.14        7.25     0.82   0.515
  NSC01-20#1               458.44       0.00       0.00     201.55       0.00     257.07     257.07        0.50     0.05   0.561
  NSC01-21#1               458.44       0.00       0.00     238.58       0.00     219.88     219.88       31.11     3.57   0.480
  NSC01-22#1               458.44       0.00       0.00     203.41       0.00     255.17     255.17        7.09     0.79   0.557
  NSC02-01#1               458.44       0.00       0.00     229.01       0.00     229.46     229.46        3.79     0.43   0.501
  NSC02-02#1               458.44       0.00       0.00     208.90       0.00     249.63     249.63        0.47     0.05   0.545
  NSC02-03#1               458.44       0.00       0.00     208.76       0.00     249.76     249.76        0.41     0.05   0.545
  NSC02-03#2               458.44       0.00       0.00     211.35       0.00     247.16     247.16        0.82     0.09   0.539
  NSC02-03#3               458.44       0.00       0.00     209.35       0.00     249.17     249.17        0.48     0.05   0.544
  NSC02-04#1               458.44       0.00       0.00     219.91       0.00     238.57     238.57        1.35     0.15   0.520
  NSC03-01#1               458.44       0.00       0.00     233.06       0.00     225.40     225.40        6.81     0.77   0.492
  NSC04-01#1               458.44       0.00       0.00     226.45       0.00     232.02     232.02       12.97     1.47   0.506
  NSC05-01#1               458.44       0.00       0.00     215.39       0.00     243.10     243.10        3.46     0.39   0.530
  NSC05-02#1               458.44       0.00       0.00     212.80       0.00     245.70     245.70        3.04     0.34   0.536
  NSC05-03#1               458.44       0.00       0.00     227.42       0.00     231.04     231.04        5.64     0.64   0.504
  NSC05-04#1               458.44       0.00       0.00     217.46       0.00     241.03     241.03        3.80     0.43   0.526
  NSC05-05#1               458.44       0.00       0.00     207.67       0.00     250.86     250.86        1.21     0.14   0.547
  NSC05-06#1               458.44       0.00       0.00     211.15       0.00     247.36     247.36        3.18     0.36   0.540
  NSC05-07#1               458.44       0.00       0.00     210.67       0.00     247.84     247.84        2.29     0.26   0.541
  NSC05-08#1               458.44       0.00       0.00     219.31       0.00     239.18     239.18        2.78     0.31   0.522
  NSC06-01#1               458.44       0.00       0.00     224.94       0.00     233.53     233.53        3.83     0.43   0.509
  NSC06-01#2               458.44       0.00       0.00     234.31       0.00     224.15     224.15        4.45     0.50   0.489
  NSC06-02#1               458.44       0.00       0.00     234.05       0.00     224.41     224.41       16.13     1.83   0.490
  NSC06-03#1               458.44       0.00       0.00     208.64       0.00     249.89     249.89        0.37     0.04   0.545
  NSC06-04#1               458.44       0.00       0.00     224.15       0.00     234.33     234.33        1.79     0.20   0.511
  NSC06-04#2               458.44       0.00       0.00     214.60       0.00     243.90     243.90        0.88     0.10   0.532
  NSC06-05#1               458.44       0.00       0.00     233.34       0.00     225.13     225.13       39.25     4.46   0.491
  NSC07-01#1               458.44       0.00       0.00     210.80       0.00     247.71     247.71        0.60     0.07   0.540
  NSC07-02#1               458.44       0.00       0.00     218.05       0.00     240.44     240.44        1.15     0.13   0.524
  NSC07-02#2               458.44       0.00       0.00     211.04       0.00     247.47     247.47        0.18     0.02   0.540
  NSC07-03#1               458.44       0.00       0.00     224.10       0.00     234.38     234.38        2.48     0.28   0.511
  NSC07-04#1               458.44       0.00       0.00     227.99       0.00     230.48     230.48       12.55     1.42   0.503
  NSC08-01#1               458.44       0.00       0.00     228.03       0.00     230.44     230.44       20.45     2.31   0.503
  NSC08-02#1               458.44       0.00       0.00     226.86       0.00     231.61     231.61       10.98     1.24   0.505
  NSC08-03#1               458.44       0.00       0.00     227.85       0.00     230.62     230.62       66.47     7.52   0.503
  NSC09-01#1               458.44       0.00       0.00     214.69       0.00     243.80     243.80        0.64     0.07   0.532
  NSC09-02#1               458.44       0.00       0.00     231.61       0.00     226.85     226.85        4.72     0.53   0.495
  NSC10-00#1               458.44       0.00       0.00     231.08       0.00     227.39     227.39        2.31     0.26   0.496
  NSC10-01#1               458.44       0.00       0.00     220.80       0.00     237.68     237.68        7.43     0.84   0.518
  NSC10-02#1               458.44       0.00       0.00     212.40       0.00     246.10     246.10        1.81     0.20   0.537
  NSC10-03#1               458.44       0.00       0.00     216.63       0.00     241.86     241.86        1.63     0.18   0.528
  NSC10-04#1               458.44       0.00       0.00     226.53       0.00     231.94     231.94       28.03     3.17   0.506
  NSC10-04#2               458.44       0.00       0.00     213.26       0.00     245.24     245.24        0.55     0.06   0.535
  NSC10-05#1               458.44       0.00       0.00     229.91       0.00     228.56     228.56        3.48     0.39   0.499
  NSC10-06#1               458.44       0.00       0.00     211.33       0.00     247.18     247.18        0.59     0.07   0.539
  NSC10-06#2               458.44       0.00       0.00     234.01       0.00     224.45     224.45       15.41     1.75   0.490
  NSC10-07#1               458.44       0.00       0.00     222.51       0.00     235.96     235.96        4.94     0.56   0.515
  NSC10-08#1               458.44       0.00       0.00     235.10       0.00     223.36     223.36        2.89     0.33   0.487
  NSC10-08#2               458.44       0.00       0.00     206.69       0.00     251.85     251.85        0.48     0.05   0.549
  NSC10-09#1               458.44       0.00       0.00     226.31       0.00     232.16     232.16        5.33     0.60   0.506
  NSC10-10#1               458.44       0.00       0.00     233.72       0.00     224.74     224.74       18.17     2.06   0.490
  NSC10-11#1               458.44       0.00       0.00     219.30       0.00     239.19     239.19        6.09     0.69   0.522
  NSC10-12#1               458.44       0.00       0.00     231.41       0.00     227.05     227.05        9.17     1.04   0.495
  NSC10-13#1               458.44       0.00       0.00     223.02       0.00     235.45     235.45        5.10     0.58   0.514
  NSC10-14#1               458.44       0.00       0.00     217.10       0.00     241.39     241.39        3.30     0.37   0.527
  NSC10-15#1               458.44       0.00       0.00     216.60       0.00     241.89     241.89        5.97     0.67   0.528
  NSC10-16#1               458.44       0.00       0.00     222.05       0.00     236.42     236.42        3.70     0.42   0.516
  NSC10-17#1               458.44       0.00       0.00     229.21       0.00     229.26     229.26       71.66     8.11   0.500
  NSC11-01#1               458.44       0.00       0.00     226.45       0.00     232.02     232.02        9.79     1.11   0.506
  NSC11-02#1               458.44       0.00       0.00     217.61       0.00     240.88     240.88        4.48     0.51   0.525
  NSC11-03#1               458.44       0.00       0.00     210.81       0.00     247.71     247.71        2.30     0.26   0.540
  NSC11-04#1               458.44       0.00       0.00     208.21       0.00     250.31     250.31        1.89     0.21   0.546
  NSC11-05#1               458.44       0.00       0.00     211.96       0.00     246.55     246.55        2.44     0.28   0.538
  NSC12-01#1               458.44       0.00       0.00     220.13       0.00     238.36     238.36        3.18     0.36   0.520
  NSC12-01#2               458.44       0.00       0.00     234.75       0.00     223.71     223.71        1.01     0.11   0.488
  NSC12-02#1               458.44       0.00       0.00     212.86       0.00     245.64     245.64        4.96     0.56   0.536
  NSC12-03#1               458.44       0.00       0.00     228.45       0.00     230.02     230.02        6.54     0.74   0.502
  NSC12-04#1               458.44       0.00       0.00     239.12       0.00     219.34     219.34        2.13     0.24   0.478
  NSC12-05#1               458.44       0.00       0.00     229.57       0.00     228.90     228.90       52.89     5.99   0.499
  NSC13-01#1               458.44       0.00       0.00     225.71       0.00     232.76     232.76        4.46     0.50   0.508
  NSC13-02#1               458.44       0.00       0.00     220.27       0.00     238.21     238.21        7.89     0.89   0.520
  NSC13-03#1               458.44       0.00       0.00     209.31       0.00     249.21     249.21        2.23     0.25   0.544
  NSC14-01#1               458.44       0.00       0.00     209.87       0.00     248.65     248.65        2.25     0.25   0.542
  NSC15-01#1               458.44       0.00       0.00     225.09       0.00     233.38     233.38       15.32     1.73   0.509
  NSC15-02#1               458.44       0.00       0.00     224.37       0.00     234.10     234.10       13.09     1.48   0.511
  NSC15-03#1               458.44       0.00       0.00     222.41       0.00     236.06     236.06        8.40     0.95   0.515
  NSC15-04#1               458.44       0.00       0.00     222.02       0.00     236.46     236.46       17.09     1.93   0.516
  NSC15-05#1               458.44       0.00       0.00     219.89       0.00     238.59     238.59        9.06     1.02   0.520
  NSC15-06#1               458.44       0.00       0.00     231.21       0.00     227.25     227.25        4.44     0.50   0.496
  NSC15-06#2               458.44       0.00       0.00     218.66       0.00     239.83     239.83        1.00     0.11   0.523
  NSC15-07#1               458.44       0.00       0.00     225.00       0.00     233.47     233.47        1.61     0.18   0.509
  NSC15-07#2               458.44       0.00       0.00     210.87       0.00     247.64     247.64        0.63     0.07   0.540
  NSC15-08#1               458.44       0.00       0.00     230.09       0.00     228.37     228.37        7.69     0.87   0.498
  NSC15-08#2               458.44       0.00       0.00     214.78       0.00     243.71     243.71        0.36     0.04   0.532
  NSC16-01#1               458.44       0.00       0.00     221.47       0.00     237.01     237.01        7.17     0.81   0.517
  NSC16-02#1               458.44       0.00       0.00     220.55       0.00     237.93     237.93        9.56     1.08   0.519
  NSC16-03#1               458.44       0.00       0.00     207.09       0.00     251.45     251.45        0.76     0.09   0.548
  NSC16-03#2               458.44       0.00       0.00     227.06       0.00     231.41     231.41       10.35     1.17   0.505
  NSC16-04#1               458.44       0.00       0.00     203.44       0.00     255.14     255.14        0.51     0.06   0.557
  NSC16-05#1               458.44       0.00       0.00     204.31       0.00     254.26     254.26        1.31     0.15   0.555
  NSC17-01#1               458.44       0.00       0.00     228.24       0.00     230.22     230.22       37.72     4.27   0.502
  NSC18-01#1               458.44       0.00       0.00     214.52       0.00     243.98     243.98        0.47     0.05   0.532
  NSC18-02#1               458.44       0.00       0.00     217.66       0.00     240.83     240.83        1.36     0.15   0.525
  NSC18-03#1               458.44       0.00       0.00     216.86       0.00     241.63     241.63        0.91     0.10   0.527
  NSC19-01#1               458.44       0.00       0.00     225.07       0.00     233.40     233.40        0.96     0.11   0.509
  NSC19-02#1               458.44       0.00       0.00     216.89       0.00     241.60     241.60        0.40     0.05   0.527
  NSC19-03#1               458.44       0.00       0.00     226.00       0.00     232.47     232.47        3.75     0.42   0.507
  NSC19-04#1               458.44       0.00       0.00     220.54       0.00     237.94     237.94        0.87     0.10   0.519
  NSC19-05#1               458.44       0.00       0.00     221.40       0.00     237.08     237.08        4.45     0.50   0.517
  NSC19-06#1               458.44       0.00       0.00     218.76       0.00     239.73     239.73        7.89     0.89   0.523
  NSC19-07#1               458.44       0.00       0.00     225.93       0.00     232.54     232.54        7.65     0.86   0.507
  NSC19-08#1               458.44       0.00       0.00     224.37       0.00     234.10     234.10       12.65     1.43   0.511
  NSC19-09#1               458.44       0.00       0.00     222.36       0.00     236.11     236.11        8.44     0.95   0.515
  NSC19-09#2               458.44       0.00       0.00     216.40       0.00     242.09     242.09        2.20     0.25   0.528
  NSC19-10#1               458.44       0.00       0.00     212.63       0.00     245.88     245.88        3.50     0.39   0.536
  NSC19-11#1               458.44       0.00       0.00     232.73       0.00     225.73     225.73       31.98     3.63   0.492
  NSC19-12#1               458.44       0.00       0.00     221.96       0.00     236.52     236.52       26.56     3.00   0.516
  NSC20-01#1               458.44       0.00       0.00     228.01       0.00     230.45     230.45       14.06     1.59   0.503
  NSC20-02#1               458.44       0.00       0.00     226.99       0.00     231.48     231.48        7.78     0.88   0.505
  NSC20-03#1               458.44       0.00       0.00     211.67       0.00     246.84     246.84        1.16     0.13   0.538
  NSC20-04#1               458.44       0.00       0.00     219.20       0.00     239.29     239.29        2.39     0.27   0.522
  NSC20-04#2               458.44       0.00       0.00     214.34       0.00     244.15     244.15        1.50     0.17   0.533
  NSC20-05#1               458.44       0.00       0.00     210.71       0.00     247.80     247.80        1.45     0.16   0.541
  NSC20-06#1               458.44       0.00       0.00     209.56       0.00     248.96     248.96        2.94     0.33   0.543
  NSC20-07#1               458.44       0.00       0.00     230.00       0.00     228.46     228.46        4.41     0.50   0.498
  NSC20-08#1               458.44       0.00       0.00     217.92       0.00     240.57     240.57        1.54     0.17   0.525
  NSC20-09#1               458.44       0.00       0.00     234.35       0.00     224.11     224.11        8.68     0.99   0.489
  NSC20-09#2               458.44       0.00       0.00     206.84       0.00     251.70     251.70        0.11     0.01   0.549
  NSC20-10#1               458.44       0.00       0.00     230.06       0.00     228.41     228.41       52.84     5.99   0.498
  NSC21-01#1               458.44       0.00       0.00     219.42       0.00     239.06     239.06        1.46     0.16   0.521
  NSC21-01#2               458.44       0.00       0.00     245.64       0.00     212.81     212.81        0.68     0.08   0.464
  NSC21-02#1               458.44       0.00       0.00     221.83       0.00     236.65     236.65        5.02     0.57   0.516
  NSC21-03#1               458.44       0.00       0.00     214.55       0.00     243.95     243.95        3.75     0.42   0.532
  NSC21-04#1               458.44       0.00       0.00     207.07       0.00     251.47     251.47        1.06     0.12   0.549
  NSC21-05#1               458.44       0.00       0.00     204.08       0.00     254.49     254.49        1.50     0.17   0.555
  NSC21-06#1               458.44       0.00       0.00     217.95       0.00     240.53     240.53        6.09     0.69   0.525
  NSC22-01#1               458.44       0.00       0.00     231.14       0.00     227.33     227.33       14.57     1.65   0.496
  NSC23-01#1               458.44       0.00       0.00     207.13       0.00     251.41     251.41        1.11     0.12   0.548
  NSC23-02#1               458.44       0.00       0.00     221.41       0.00     237.06     237.06        5.51     0.62   0.517
  NSC23-03#1               458.44       0.00       0.00     214.51       0.00     243.98     243.98        2.82     0.32   0.532
  NSC23-04#1               458.44       0.00       0.00     209.99       0.00     248.53     248.53        8.40     0.95   0.542
  NSR01-00#1               458.44       0.00       0.00     203.12       0.00     255.47     255.47        0.42     0.05   0.557
  NSR01-01#1               458.44       0.00       0.00     207.75       0.00     250.79     250.79        0.54     0.06   0.547
  NSR01-01#2               458.44       0.00       0.00     242.00       0.00     216.45     216.45       12.45     1.44   0.472
  NSR01-02#1               458.44       0.00       0.00     230.10       0.00     228.36     228.36       16.32     1.85   0.498
  NSR01-03#1               458.44       0.00       0.00     227.44       0.00     231.03     231.03        5.68     0.64   0.504
  NSR01-05#1               458.44       0.00       0.00     214.71       0.00     243.79     243.79        0.36     0.04   0.532
  NSR01-05#2               458.44       0.00       0.00     220.69       0.00     237.79     237.79        3.85     0.44   0.519
  NSR01-06#1               458.44       0.00       0.00     222.03       0.00     236.45     236.45        3.29     0.37   0.516
  NSR01-07#1               458.44       0.00       0.00     218.42       0.00     240.06     240.06       10.39     1.17   0.524
  NSR01-08#1               458.44       0.00       0.00     228.38       0.00     230.09     230.09       28.51     3.23   0.502
  NSR01-09#1               458.44       0.00       0.00     213.83       0.00     244.66     244.66        1.60     0.18   0.534
  NSR01-10#1               458.44       0.00       0.00     205.95       0.00     252.60     252.60        0.45     0.05   0.551
  NSR01-11#1               458.44       0.00       0.00     224.15       0.00     234.32     234.32       15.43     1.74   0.511
  NSR02-02#1               458.44       0.00       0.00     233.16       0.00     225.30     225.30        1.11     0.13   0.491
  NSR02-02#2               458.44       0.00       0.00     226.86       0.00     231.61     231.61        3.05     0.35   0.505
  NSR02-02#3               458.44       0.00       0.00     211.29       0.00     247.22     247.22        0.36     0.04   0.539
  NSR02-03#1               458.44       0.00       0.00     220.59       0.00     237.89     237.89        2.71     0.31   0.519
  NSR02-03#2               458.44       0.00       0.00     211.75       0.00     246.76     246.76        0.24     0.03   0.538
  NSR02-04#1               458.44       0.00       0.00     218.54       0.00     239.95     239.95        0.96     0.11   0.523
  NSR02-05#1               458.44       0.00       0.00     226.26       0.00     232.21     232.21       19.80     2.24   0.507
  NYS01-02#1               458.44       0.00       0.00     235.17       0.00     223.29     223.29        3.07     0.35   0.487
  NYS01-02#2               458.44       0.00       0.00     250.79       0.00     207.66     207.66        2.84     0.33   0.453
  NYS01-03#1               458.44       0.00       0.00     214.54       0.00     243.96     243.96        0.22     0.03   0.532
  NYS01-04#1               458.44       0.00       0.00     236.06       0.00     222.39     222.39        8.97     1.02   0.485
  NYS01-04#2               458.44       0.00       0.00     254.93       0.00     203.52     203.52       11.94     1.38   0.444
  NYS01-05#1               458.44       0.00       0.00     233.90       0.00     224.56     224.56        6.41     0.73   0.490
  NYS01-06#1               458.44       0.00       0.00     224.96       0.00     233.51     233.51        2.98     0.34   0.509
  NYS01-06#2               458.44       0.00       0.00     227.61       0.00     230.85     230.85        1.69     0.19   0.504
  NYS01-07#1               458.44       0.00       0.00     239.07       0.00     219.38     219.38        9.70     1.11   0.479
  NYS01-08#1               458.44       0.00       0.00     227.76       0.00     230.70     230.70        1.23     0.14   0.503
  NYS01-08#2               458.44       0.00       0.00     198.65       0.00     260.05     260.05        0.05     0.01   0.567
  NYS01-08#3               458.44       0.00       0.00     201.63       0.00     256.98     256.98        0.07     0.01   0.561
  NYS01-08#4               458.44       0.00       0.00     209.32       0.00     249.20     249.20        0.21     0.02   0.544
  NYS01-09#1               458.44       0.00       0.00     243.38       0.00     215.07     215.07       17.71     2.05   0.469
  NYS01-10#1               458.44       0.00       0.00     226.69       0.00     231.77     231.77        3.97     0.45   0.506
  NYS01-11#1               458.44       0.00       0.00     236.12       0.00     222.34     222.34        3.16     0.36   0.485
  NYS01-12#1               458.44       0.00       0.00     219.75       0.00     238.73     238.73        2.35     0.27   0.521
  NYS01-12#2               458.44       0.00       0.00     217.05       0.00     241.44     241.44        1.97     0.22   0.527
  NYS01-13#1               458.44       0.00       0.00     224.13       0.00     234.34     234.34        0.85     0.10   0.511
  NYS01-13#2               458.44       0.00       0.00     218.96       0.00     239.52     239.52        1.42     0.16   0.522
  NYS01-14#1               458.44       0.00       0.00     214.91       0.00     243.58     243.58        2.42     0.27   0.531
  NYS01-15#1               458.44       0.00       0.00     222.28       0.00     236.19     236.19        4.72     0.53   0.515
  NYS01-16#1               458.44       0.00       0.00     223.27       0.00     235.20     235.20        3.43     0.39   0.513
  NYS01-17#1               458.44       0.00       0.00     216.76       0.00     241.73     241.73        0.91     0.10   0.527
  NYS01-17#2               458.44       0.00       0.00     213.64       0.00     244.86     244.86        0.38     0.04   0.534
  NYS01-18#1               458.44       0.00       0.00     219.03       0.00     239.46     239.46        1.08     0.12   0.522
  NYS01-18#2               458.44       0.00       0.00     219.58       0.00     238.90     238.90        1.00     0.11   0.521
  NYS01-19#1               458.44       0.00       0.00     236.40       0.00     222.06     222.06       12.50     1.43   0.484
  NYS02-00#1               458.44       0.00       0.00     238.66       0.00     219.79     219.79        1.50     0.17   0.479
  NYS02-01#1               458.44       0.00       0.00     219.30       0.00     239.18     239.18        7.04     0.79   0.522
  NYS02-01#2               458.44       0.00       0.00     211.81       0.00     246.70     246.70        0.79     0.09   0.538
  NYS02-02#1               458.44       0.00       0.00     214.15       0.00     244.35     244.35        0.77     0.09   0.533
  NYS02-03#1               458.44       0.00       0.00     226.64       0.00     231.83     231.83        8.51     0.96   0.506
  NYS02-04#1               458.44       0.00       0.00     214.05       0.00     244.45     244.45        1.37     0.15   0.533
  NYS02-05#1               458.44       0.00       0.00     218.84       0.00     239.65     239.65        7.68     0.87   0.523
  NYS02-06#1               458.44       0.00       0.00     204.96       0.00     253.60     253.60        0.80     0.09   0.553
  NYS03-01#1               458.44       0.00       0.00     222.05       0.00     236.43     236.43        9.60     1.08   0.516
  NYS05-00#1               458.44       0.00       0.00     212.46       0.00     246.04     246.04        0.30     0.03   0.537
  NYS05-00#2               458.44       0.00       0.00     213.87       0.00     244.63     244.63        0.35     0.04   0.534
  NYS05-00#3               458.44       0.00       0.00     250.14       0.00     208.31     208.31        3.03     0.35   0.454
  NYS05-02#1               458.44       0.00       0.00     217.81       0.00     240.68     240.68        0.48     0.05   0.525
  NYS05-02#2               458.44       0.00       0.00     211.52       0.00     246.99     246.99        1.72     0.19   0.539
  NYS05-03#1               458.44       0.00       0.00     218.11       0.00     240.37     240.37        0.69     0.08   0.524
  NYS05-04#1               458.44       0.00       0.00     217.85       0.00     240.64     240.64        0.30     0.03   0.525
  NYS05-05#1               458.44       0.00       0.00     207.93       0.00     250.60     250.60        1.70     0.19   0.547
  NYS05-06#1               458.44       0.00       0.00     219.68       0.00     238.80     238.80        3.13     0.35   0.521
  NYS05-07#1               458.44       0.00       0.00     216.32       0.00     242.17     242.17        3.51     0.40   0.528
  NYS05-08#1               458.44       0.00       0.00     224.60       0.00     233.87     233.87        3.26     0.37   0.510
  NYS05-09#1               458.44       0.00       0.00     218.00       0.00     240.49     240.49        0.79     0.09   0.525
  NYS05-10#1               458.44       0.00       0.00     210.98       0.00     247.53     247.53        0.39     0.04   0.540
  NYS05-11#1               458.44       0.00       0.00     210.58       0.00     247.93     247.93        0.39     0.04   0.541
  NYS06-01#1               458.44       0.00       0.00     209.99       0.00     248.53     248.53        0.25     0.03   0.542
  NYS07-01#1               458.44       0.00       0.00     213.04       0.00     245.46     245.46        1.99     0.22   0.535
  NYS07-02#1               458.44       0.00       0.00     221.37       0.00     237.11     237.11        7.11     0.80   0.517
  NYS08-02#1               458.44       0.00       0.00     237.76       0.00     220.69     220.69        0.10     0.01   0.481
  NYS08-02#2               458.44       0.00       0.00     234.04       0.00     224.42     224.42       18.26     2.07   0.490
  NYS08-03#1               458.44       0.00       0.00     263.05       0.00     195.39     195.39        0.30     0.03   0.426
  NYS08-04#1               458.44       0.00       0.00     220.20       0.00     238.28     238.28        0.38     0.04   0.520
  NYS08-05#1               458.44       0.00       0.00     215.56       0.00     242.93     242.93        2.40     0.27   0.530
  NYS08-06#1               458.44       0.00       0.00     214.23       0.00     244.26     244.26        3.73     0.42   0.533
  NYS08-07#1               458.44       0.00       0.00     220.27       0.00     238.21     238.21        9.18     1.04   0.520
  NYS08-08#1               458.44       0.00       0.00     219.28       0.00     239.20     239.20       12.48     1.41   0.522
  NYS08-09#1               458.44       0.00       0.00     223.81       0.00     234.66     234.66        8.52     0.96   0.512
  NYS08-10#1               458.44       0.00       0.00     215.52       0.00     242.97     242.97        0.59     0.07   0.530
  NYS08-10#2               458.44       0.00       0.00     212.62       0.00     245.88     245.88        0.84     0.09   0.536
  NYS08-10#3               458.44       0.00       0.00     212.60       0.00     245.90     245.90        1.67     0.19   0.536
  NYS08-11#1               458.44       0.00       0.00     227.18       0.00     231.29     231.29       21.88     2.48   0.505
  NYS08-12#1               458.44       0.00       0.00     222.70       0.00     235.77     235.77       16.33     1.85   0.514
  NYS09-01#1               458.44       0.00       0.00     219.24       0.00     239.24     239.24        0.35     0.04   0.522
  NYS09-02#1               458.44       0.00       0.00     218.76       0.00     239.72     239.72        5.60     0.63   0.523
  NYS10-01#1               458.44       0.00       0.00     217.96       0.00     240.52     240.52        5.02     0.57   0.525
  NYS10-02#1               458.44       0.00       0.00     221.19       0.00     237.29     237.29        9.51     1.07   0.518
  NYS11-01#1               458.44       0.00       0.00     220.17       0.00     238.31     238.31        6.42     0.73   0.520
  NYS11-02#1               458.44       0.00       0.00     207.34       0.00     251.20     251.20        1.12     0.13   0.548
  NYS11-03#1               458.44       0.00       0.00     215.15       0.00     243.34     243.34        2.12     0.24   0.531
  NYS11-04#1               458.44       0.00       0.00     224.26       0.00     234.21     234.21        4.37     0.49   0.511
  NYS12-01#1               458.44       0.00       0.00     206.92       0.00     251.62     251.62        1.92     0.22   0.549
  NYS12-02#1               458.44       0.00       0.00     241.66       0.00     216.80     216.80       51.67     5.97   0.473
  NYS12-03#1               458.44       0.00       0.00     230.75       0.00     227.71     227.71       11.44     1.30   0.497
  NYS12-04#1               458.44       0.00       0.00     235.75       0.00     222.70     222.70       10.82     1.23   0.486
  NYS12-05#1               458.44       0.00       0.00     210.06       0.00     248.45     248.45        4.57     0.51   0.542
  NYS12-06#1               458.44       0.00       0.00     225.31       0.00     233.17     233.17        1.92     0.22   0.509
  NYS13-01#1               458.44       0.00       0.00     215.16       0.00     243.33     243.33        0.21     0.02   0.531
  NYS13-01#2               458.44       0.00       0.00     205.85       0.00     252.70     252.70        0.27     0.03   0.551
  NYS13-02#1               458.44       0.00       0.00     215.84       0.00     242.65     242.65        0.26     0.03   0.529
  NYS13-03#1               458.44       0.00       0.00     213.65       0.00     244.85     244.85        0.29     0.03   0.534
  NYS13-04#1               458.44       0.00       0.00     221.45       0.00     237.03     237.03        0.39     0.04   0.517
  NYS13-05#1               458.44       0.00       0.00     221.04       0.00     237.44     237.44        0.24     0.03   0.518
  NYS13-06#1               458.44       0.00       0.00     239.08       0.00     219.38     219.38        0.26     0.03   0.479
  NYS13-07#1               458.44       0.00       0.00     213.54       0.00     244.96     244.96        0.39     0.04   0.534
  NYS13-08#1               458.44       0.00       0.00     209.99       0.00     248.53     248.53        0.25     0.03   0.542
  NYS14-01#1               458.44       0.00       0.00     211.68       0.00     246.83     246.83        1.30     0.15   0.538
  NYS14-02#1               458.44       0.00       0.00     215.72       0.00     242.77     242.77        1.43     0.16   0.530
  NYS14-03#1               458.44       0.00       0.00     212.98       0.00     245.52     245.52        1.95     0.22   0.536
  NYS15-01#1               458.44       0.00       0.00     208.59       0.00     249.94     249.94        0.20     0.02   0.545
  NYS15-02#1               458.44       0.00       0.00     214.80       0.00     243.70     243.70        0.34     0.04   0.532
  NYS15-03#1               458.44       0.00       0.00     233.88       0.00     224.59     224.59        3.59     0.41   0.490
  NYS15-03#2               458.44       0.00       0.00     222.61       0.00     235.87     235.87        0.67     0.08   0.515
  NYS16-01#1               458.44       0.00       0.00     204.68       0.00     253.87     253.87        0.16     0.02   0.554
  NYS16-02#1               458.44       0.00       0.00     210.13       0.00     248.39     248.39        0.63     0.07   0.542
  NYS16-03#1               458.44       0.00       0.00     210.82       0.00     247.70     247.70        1.06     0.12   0.540
  NYS16-04#1               458.44       0.00       0.00     224.85       0.00     233.63     233.63        2.41     0.27   0.510
  NYS17-01#1               458.44       0.00       0.00     226.91       0.00     231.56     231.56       12.19     1.38   0.505
  NYS18-01#1               458.44       0.00       0.00     221.51       0.00     236.97     236.97        4.67     0.53   0.517
  NYS18-02#1               458.44       0.00       0.00     229.88       0.00     228.58     228.58        9.24     1.05   0.499
  SDCM_006#1               458.44       0.00       0.00     242.46       0.00     216.00     216.00      262.77    30.38   0.471
  SDCM_010#1               458.44       0.00       0.00     217.84       0.00     240.64     240.64       30.57     3.45   0.525
  SDCM_016_1#1             458.44       0.00       0.00     232.38       0.00     226.08     226.08       54.14     6.14   0.493
  SDCM_020#1               458.44       0.00       0.00     251.38       0.00     207.07     207.07      285.83    33.18   0.452
  SDCM_026#1               458.44       0.00       0.00     247.12       0.00     211.33     211.33      422.10    49.04   0.461
  SDCM_032#1               458.44       0.00       0.00     257.69       0.00     200.75     200.75      481.92    55.19   0.438
  SDCM_039#1               458.44       0.00       0.00     257.01       0.00     201.44     201.44      290.84    33.38   0.439
  
  
  ******************
  Node Depth Summary
  ******************
  
  ---------------------------------------------------------------------------------
                                 Average  Maximum  Maximum  Time of Max    Reported
                                   Depth    Depth      HGL   Occurrence   Max Depth
  Node                 Type       Meters   Meters   Meters  days hr:min      Meters
  ---------------------------------------------------------------------------------
  1                    JUNCTION     1.24     3.59    12.75     0  09:28        3.58
  MH2016               JUNCTION     1.03     2.31    13.73     0  09:23        2.31
  MH2018               JUNCTION     2.14     3.30    13.60     0  08:22        3.30
  MH2019               JUNCTION     0.15     1.55    14.08     0  09:29        1.55
  MH2020               JUNCTION     2.04     3.30    13.70     0  09:27        3.30
  NBC01-00             JUNCTION     1.08     5.52    14.87     0  09:29        4.75
  NBC01-01             JUNCTION     0.53     3.14    13.20     0  09:30        2.86
  NBC01-02             JUNCTION     0.42     2.58    12.82     0  09:29        2.57
  NBC01-02.1           JUNCTION     0.57     2.78    12.84     0  09:30        2.73
  NBC01-04             JUNCTION     0.43     2.58    12.82     0  09:29        2.57
  NBC01-05             JUNCTION     0.44     2.59    12.83     0  09:29        2.59
  NBC01-06             JUNCTION     0.25     2.27    12.82     0  09:30        2.27
  NBC01-07             JUNCTION     0.26     2.27    12.83     0  09:30        2.27
  NBC01-08             JUNCTION     0.29     2.26    12.84     0  09:28        2.26
  NBC01-09             JUNCTION     0.30     2.25    12.86     0  09:29        2.25
  NBC01-10             JUNCTION     0.31     2.25    12.88     0  09:29        2.25
  NBC01-11             JUNCTION     0.31     2.23    12.90     0  09:29        2.23
  NBC01-12             JUNCTION     0.32     2.23    12.93     0  09:28        2.22
  NBC01-13             JUNCTION     0.31     2.21    12.94     0  09:28        2.21
  NBC01-14             JUNCTION     0.29     2.14    12.97     0  09:27        2.14
  NBC01-15             JUNCTION     0.28     2.07    13.01     0  09:24        2.06
  NBC01-16             JUNCTION     0.28     2.02    13.05     0  09:24        2.01
  NBC01-17             JUNCTION     0.27     1.93    13.07     0  09:24        1.92
  NBC01-17.1           JUNCTION     0.17     1.57    13.03     0  09:24        1.56
  NBC01-18.1           JUNCTION     0.14     1.18    13.04     0  09:21        1.17
  NBC01-18.2           JUNCTION     0.12     0.87    13.11     0  09:20        0.87
  NBC01-19             JUNCTION     0.31     1.18    13.28     0  09:21        1.18
  NBC01-20             JUNCTION     0.77     1.95    13.63     0  08:35        1.93
  NBC01-20.1           JUNCTION     0.66     2.10    13.91     0  09:22        2.08
  NBC02-01             JUNCTION     0.07     0.69    13.93     0  09:19        0.68
  NBC03-01             JUNCTION     0.04     0.30    16.40     0  09:19        0.30
  NBC03-02             JUNCTION     0.04     0.30    19.25     0  09:19        0.30
  NBC03-03             JUNCTION     0.03     0.23    25.41     0  09:19        0.23
  NBC03-04             JUNCTION     0.03     0.23    29.84     0  09:19        0.22
  NBC03-05             JUNCTION     0.02     0.17    38.66     0  09:19        0.17
  NBC04-01             JUNCTION     0.07     0.48    20.84     0  09:19        0.47
  NBC04-02             JUNCTION     0.05     0.48    24.32     0  09:19        0.48
  NBC09-00             JUNCTION     0.04     0.40    13.31     0  09:19        0.39
  NBC10-00             JUNCTION     0.03     0.23    11.58     0  09:29        0.23
  NBC11-02             JUNCTION     0.08     0.83    12.85     0  09:29        0.81
  NBC11-03             JUNCTION     0.03     0.28    13.80     0  09:29        0.28
  NBC12-00             JUNCTION     0.02     0.17    12.82     0  09:19        0.17
  NBC13-01             JUNCTION     0.05     0.88    11.50     0  09:30        0.88
  NBC13-02             JUNCTION     0.06     0.67    11.55     0  09:31        0.67
  NBC13-03             JUNCTION     0.05     0.67    11.59     0  09:29        0.67
  NBC13-04             JUNCTION     0.05     0.36    12.23     0  09:29        0.36
  NBC13-05             JUNCTION     0.43     0.96    12.56     0  09:30        0.96
  NBC14-01             JUNCTION     0.04     0.40    10.91     0  09:29        0.40
  NBC14-02             JUNCTION     0.08     0.71    11.58     0  09:29        0.71
  NBC14-03             JUNCTION     0.07     0.64    11.76     0  09:29        0.64
  NBC14-04             JUNCTION     0.09     0.76    11.96     0  09:30        0.76
  NBC14-05             JUNCTION     0.04     0.33    12.04     0  09:30        0.33
  NBC15-01             JUNCTION     0.08     0.64    11.91     0  09:29        0.64
  NBC15-02             JUNCTION     0.07     0.61    12.09     0  09:29        0.61
  NBC16-00             JUNCTION     0.27     0.74    10.89     0  09:29        0.74
  NBC16-02             JUNCTION     0.10     1.04    12.24     0  09:29        1.04
  NBC16-03             JUNCTION     0.10     1.03    12.30     0  09:29        1.03
  NBC16-04             JUNCTION     0.18     1.55    12.90     0  09:29        1.54
  NBC16-05             JUNCTION     0.16     1.68    13.10     0  09:29        1.67
  NBC16-06             JUNCTION     0.14     1.68    13.23     0  09:29        1.67
  NBC16-07             JUNCTION     0.06     1.17    13.25     0  09:29        1.16
  NBC17-01             JUNCTION     0.04     0.33    13.27     0  09:19        0.33
  NBC18-01             JUNCTION     0.06     0.49    12.56     0  09:20        0.49
  NBP01-01             JUNCTION     3.67     4.67     9.52     0  09:27        4.64
  NBP01-03             JUNCTION     3.64     4.62     9.51     0  09:28        4.61
  NBP01-04             JUNCTION     3.52     5.79    10.81     0  08:49        4.45
  NBP01-05             JUNCTION     3.11     5.12    10.56     0  14:32        3.99
  NBP01-06             JUNCTION     2.68     3.37     9.32     0  08:53        3.37
  NBP01-07             JUNCTION     2.63     3.43     9.47     0  08:53        3.43
  NBP01-08             JUNCTION     2.58     3.59     9.71     0  09:07        3.54
  NBP01-09             JUNCTION     2.33     4.79    11.27     0  08:53        3.68
  NBP01-10             JUNCTION     2.29     4.70    11.29     0  08:53        3.81
  NBP01-11             JUNCTION     2.30     4.95    11.58     0  08:53        4.36
  NBP01-12             JUNCTION     1.96     4.36    11.37     0  08:53        4.19
  NBP01-13             JUNCTION     1.76     4.08    11.36     0  08:43        4.08
  NBP01-14             JUNCTION     1.37     4.18    11.92     0  08:29        3.72
  NBP01-14.1           JUNCTION     1.16     4.19    12.19     0  08:29        3.52
  NBP01-15             JUNCTION     1.12     4.29    12.36     0  08:29        3.54
  NBP01-16             JUNCTION     1.09     4.56    12.67     0  08:29        3.54
  NBP01-17             JUNCTION     1.03     4.58    12.77     0  08:31        3.52
  NBP01-18             JUNCTION     1.02     4.44    12.65     0  08:31        3.52
  NBP01-19             JUNCTION     1.00     3.63    11.86     0  08:31        3.54
  NBP01-20             JUNCTION     0.94     3.48    11.78     0  08:50        3.46
  NBP01-20.1           JUNCTION     0.94     3.50    11.80     0  08:50        3.48
  NBP01-20.2           JUNCTION     0.94     3.57    11.89     0  08:50        3.56
  NBP01-21             JUNCTION     0.45     3.14    12.06     0  08:31        3.08
  NBP01-22             JUNCTION     0.53     3.25    12.21     0  08:31        3.14
  NBP01-22.1           JUNCTION     0.20     2.75    12.15     0  08:31        2.75
  NBP01-23             JUNCTION     0.16     3.66    14.14     0  08:49        2.31
  NBP01-24             JUNCTION     0.15     2.12    13.53     0  09:29        2.11
  NBP01-25             JUNCTION     0.16     1.85    13.90     0  09:30        1.84
  NBP01-26             JUNCTION     0.13     1.65    13.98     0  09:30        1.65
  NBP01-27             JUNCTION     0.13     1.55    14.08     0  09:30        1.55
  NBP01-28             JUNCTION     0.06     0.69    14.15     0  09:29        0.69
  NBP01-29             JUNCTION     0.05     0.57    14.80     0  09:19        0.57
  NBP01-30             JUNCTION     0.03     0.34    16.70     0  09:19        0.34
  NBP01-31             JUNCTION     0.01     0.10    21.32     0  09:19        0.10
  NBP02-01             JUNCTION     2.71     4.25    10.13     0  08:49        3.70
  NBP02-02             JUNCTION     1.51     3.27    10.68     0  09:02        2.46
  NBP02-03             JUNCTION     1.31     3.04    10.69     0  09:18        2.23
  NBP02-04             JUNCTION     0.33     2.88    11.84     0  09:18        1.88
  NBP03-01             JUNCTION     2.48     4.61    10.78     0  22:32        3.51
  NBP03-02             JUNCTION     2.39     4.66    10.94     0  22:32        3.45
  NBP03-03             JUNCTION     1.89     3.69    10.70     0  08:49        3.62
  NBP03-04             JUNCTION     1.56     3.35    10.70     0  08:49        3.35
  NBP04-01             JUNCTION     1.68     3.44    10.62     0  09:08        2.58
  NBP04-02             JUNCTION     1.40     2.67    10.19     0  09:53        2.48
  NBP04-03             JUNCTION     1.13     1.69     9.58     0  09:24        1.63
  NBP04-04             JUNCTION     1.14     1.74     9.64     0  09:29        1.73
  NBP04-05             JUNCTION     1.03     1.65     9.67     0  09:29        1.64
  NBP04-06             JUNCTION     0.82     1.46     9.76     0  09:30        1.45
  NBP04-07             JUNCTION     0.74     1.38     9.77     0  09:30        1.38
  NBP04-08             JUNCTION     0.70     1.36     9.81     0  09:29        1.35
  NBP04-09             JUNCTION     0.65     1.47    10.02     0  09:30        1.47
  NBP04-10             JUNCTION     0.49     1.35    10.10     0  09:30        1.35
  NBP04-11             JUNCTION     0.09     0.86    10.47     0  09:29        0.86
  NBP04-12             JUNCTION     0.07     0.58    11.35     0  09:29        0.58
  NBP04-13             JUNCTION     0.07     0.70    11.53     0  09:29        0.69
  NBP05-01             JUNCTION     0.69     1.20     9.66     0  09:31        1.19
  NBP05-02             JUNCTION     0.14     0.71     9.89     0  09:29        0.71
  NBP05-03             JUNCTION     0.04     0.46    10.89     0  09:29        0.46
  NBP06-01             JUNCTION     2.13     3.28     9.92     0  09:08        3.15
  NBP06-02             JUNCTION     1.88     2.99     9.94     0  09:07        2.88
  NBP06-03             JUNCTION     1.49     2.43     9.87     0  09:05        2.39
  NBP06-04             JUNCTION     1.48     2.42     9.90     0  09:04        2.37
  NBP06-05             JUNCTION     1.66     2.55     9.90     0  09:03        2.52
  NBP06-06             JUNCTION     0.56     1.29     9.92     0  09:05        1.28
  NBP06-07             JUNCTION     0.46     1.21     9.97     0  09:02        1.18
  NBP06-08             JUNCTION     0.04     0.60     9.99     0  09:03        0.53
  NBP06-09             JUNCTION     0.06     0.59    10.00     0  09:04        0.56
  NBP06-11             JUNCTION     0.07     0.48    10.26     0  09:20        0.48
  NBP06-12             JUNCTION     0.03     0.27    11.52     0  09:19        0.27
  NBP07-01             JUNCTION     0.02     0.22    10.53     0  09:19        0.22
  NBP07-02             JUNCTION     0.03     0.33    10.97     0  09:19        0.33
  NBP08-01             JUNCTION     0.26     0.96     9.96     0  09:02        0.87
  NBP08-02             JUNCTION     0.04     0.39    11.21     0  09:19        0.39
  NBP08-03             JUNCTION     0.12     0.44    12.39     0  09:19        0.44
  NBP08-04             JUNCTION     0.00     0.12    12.39     0  09:19        0.12
  NBP08-06             JUNCTION     0.02     0.23    12.55     0  09:19        0.23
  NBP09-01             JUNCTION     0.05     0.48    11.60     0  09:19        0.48
  NBP09-02             JUNCTION     0.04     0.38    15.65     0  09:19        0.38
  NBP10-01             JUNCTION     0.05     0.41    14.81     0  09:19        0.41
  NBP11-01             JUNCTION     0.52     3.13    11.91     0  08:44        2.68
  NBP11-02             JUNCTION     0.12     1.93    11.44     0  08:49        1.92
  NBP11-03             JUNCTION     0.07     0.76    11.46     0  09:21        0.76
  NBP11-04             JUNCTION     0.09     0.96    12.33     0  09:21        0.95
  NBP11-05             JUNCTION     0.11     1.08    12.59     0  09:21        1.08
  NBP11-05.1           JUNCTION     0.09     1.02    12.72     0  09:20        1.02
  NBP11-06             JUNCTION     0.08     0.95    12.84     0  09:20        0.95
  NBP11-07             JUNCTION     0.03     0.39    12.84     0  09:21        0.39
  NBP12-01             JUNCTION     0.03     0.34    14.77     0  09:19        0.34
  NBP12-02             JUNCTION     0.02     0.25    18.23     0  09:19        0.25
  NBP13-01             JUNCTION     0.18     2.76    12.43     0  08:31        2.76
  NBP13-01.1           JUNCTION     0.15     2.47    12.57     0  09:15        2.46
  NBP13-01.2           JUNCTION     0.22     2.73    12.92     0  08:32        2.73
  NBP13-02             JUNCTION     0.15     2.53    13.02     0  09:20        2.53
  NBP13-03             JUNCTION     0.18     2.19    13.21     0  09:19        2.18
  NBP13-04             JUNCTION     0.17     2.22    13.29     0  09:19        2.22
  NBP13-05             JUNCTION     0.12     1.84    13.36     0  09:19        1.83
  NBP13-06             JUNCTION     0.10     1.60    13.38     0  09:20        1.60
  NBP13-07             JUNCTION     0.07     0.69    13.60     0  09:21        0.69
  NBP13-08             JUNCTION     0.07     0.81    14.64     0  09:21        0.81
  NBP13-09             JUNCTION     0.07     0.76    15.26     0  09:20        0.76
  NBP13-10             JUNCTION     0.07     0.79    15.99     0  09:20        0.79
  NBP13-11             JUNCTION     0.08     0.84    16.57     0  09:20        0.84
  NBP13-12             JUNCTION     0.08     0.71    17.43     0  09:19        0.71
  NBP13-13             JUNCTION     0.10     0.88    17.93     0  09:19        0.88
  NBP13-14             JUNCTION     0.08     0.81    18.06     0  09:19        0.80
  NBP14-01             JUNCTION     0.07     0.50    16.73     0  09:20        0.50
  NBP15-01             JUNCTION     0.05     0.66    14.12     0  09:30        0.65
  NBPC-01              JUNCTION     6.23     6.90    10.52     0  08:27        6.89
  NBPC-02              JUNCTION     5.88     6.58    10.55     0  08:28        6.55
  NBPC-03              JUNCTION     6.11     6.84    10.58     0  08:28        6.82
  NBPC-04              JUNCTION     4.90     5.64    10.62     0  08:28        5.58
  NBPC-05              JUNCTION     4.62     5.38    10.65     0  08:29        5.33
  NBPC-06              JUNCTION     4.58     5.39    10.72     0  09:29        5.39
  NBPC-07              JUNCTION     4.59     5.59    10.92     0  09:31        5.59
  NBPC-08              JUNCTION     4.29     5.39    11.04     0  09:31        5.39
  NBPC-09              JUNCTION     4.65     5.93    11.23     0  09:31        5.93
  NBPC-10              JUNCTION     4.13     5.42    11.24     0  09:31        5.42
  NBPC-11              JUNCTION     4.30     5.64    11.30     0  09:31        5.64
  NBPC-12              JUNCTION     4.13     5.52    11.35     0  09:31        5.52
  NBPC-13              JUNCTION     4.04     5.46    11.38     0  09:31        5.46
  NBPC-14              JUNCTION     3.72     5.17    11.42     0  09:30        5.17
  NBPC-15              JUNCTION     3.98     5.51    11.51     0  09:30        5.50
  NBPC-17              JUNCTION     3.73     5.39    11.65     0  09:31        5.38
  NBPC-18              JUNCTION     3.62     5.35    11.73     0  09:31        5.34
  NBPC-19              JUNCTION     3.33     5.11    11.79     0  09:31        5.10
  NBPC-20              JUNCTION     3.26     5.13    11.90     0  09:31        5.13
  NBPC-21              JUNCTION     3.34     5.32    12.02     0  09:32        5.31
  NBPC-22              JUNCTION     2.96     4.97    12.07     0  09:30        4.97
  NBPC-23              JUNCTION     2.92     5.02    12.19     0  09:30        5.02
  NBPC-24              JUNCTION     2.27     4.35    12.22     0  09:31        4.35
  NBPC-25              JUNCTION     2.16     4.33    12.44     0  09:30        4.33
  NBPC-26              JUNCTION     1.76     4.07    12.62     0  09:29        4.07
  NBPC-27              JUNCTION     1.75     4.13    12.71     0  09:29        4.13
  NBPC-28              JUNCTION     1.74     4.16    12.75     0  09:30        4.15
  NBPC-29              JUNCTION     1.73     4.17    12.78     0  09:30        4.17
  NBPC-30              JUNCTION     1.73     4.22    12.83     0  09:29        4.17
  NBPC-31              JUNCTION     1.72     4.35    12.98     0  09:29        4.31
  NBPC-32              JUNCTION     1.73     5.17    13.80     0  09:29        4.84
  NH1-01               JUNCTION     0.24     1.03    13.16     0  09:22        1.02
  NH1-02               JUNCTION     0.21     1.00    13.16     0  09:22        1.00
  NH7                  JUNCTION     0.24     2.36    14.95     0  09:26        2.36
  NH7.1                JUNCTION     0.51     2.60    14.89     0  09:26        2.60
  NHM_006              JUNCTION     0.27     2.25    53.33     0  09:48        2.25
  NHM_010              JUNCTION     0.13     0.96    50.92     0  09:42        0.96
  NHM_016              JUNCTION    52.61    56.11    56.11     0  08:26       56.11
  NHM_022              JUNCTION     0.19     1.54    45.06     0  09:42        1.54
  NHM_034              JUNCTION     0.19     1.39    45.21     0  09:43        1.39
  NNH01-00             JUNCTION     0.64     2.10    13.93     0  09:23        2.08
  NNH01-01             JUNCTION     0.18     1.60    13.98     0  09:26        1.57
  NNH01-01.1           JUNCTION     0.19     1.62    13.95     0  09:22        1.60
  NNH01-01.2           JUNCTION     0.19     1.61    13.96     0  09:25        1.59
  NNH01-01.3           JUNCTION     0.18     1.61    13.97     0  09:26        1.58
  NNH01-02             JUNCTION     0.11     1.30    14.05     0  09:26        1.27
  NNH01-03             JUNCTION     0.08     1.11    14.05     0  09:25        1.09
  NNH01-04             JUNCTION     0.06     0.96    14.06     0  09:26        0.94
  NNH01-05             JUNCTION     0.05     0.88    14.08     0  09:25        0.87
  NNH01-05.1           JUNCTION     0.07     0.99    14.08     0  09:25        0.99
  NNH01-06             JUNCTION     0.12     1.11    14.09     0  09:30        1.11
  NNH01-07             JUNCTION     0.23     1.70    14.72     0  09:25        1.70
  NNH01-07.1           JUNCTION     0.23     1.87    14.92     0  09:24        1.86
  NNH01-09             JUNCTION     0.20     1.94    15.12     0  09:23        1.93
  NNH01-10             JUNCTION     0.24     2.11    15.32     0  09:23        2.09
  NNH01-11             JUNCTION     0.28     2.43    15.70     0  09:22        2.41
  NNH01-12             JUNCTION     0.17     2.00    15.76     0  09:23        1.98
  NNH01-13             JUNCTION     0.15     1.62    15.82     0  09:23        1.60
  NNH01-14             JUNCTION     0.19     1.75    15.98     0  09:23        1.73
  NNH01-15             JUNCTION     0.20     1.83    16.07     0  09:23        1.82
  NNH01-16             JUNCTION     0.13     1.59    16.19     0  09:22        1.57
  NNH01-17             JUNCTION     0.12     1.33    16.33     0  09:23        1.33
  NNH01-18             JUNCTION     0.09     0.94    16.94     0  09:19        0.94
  NNH01-19             JUNCTION     0.09     0.91    17.41     0  09:19        0.91
  NNH01-20             JUNCTION     0.05     0.50    22.80     0  09:20        0.50
  NNH01-21             JUNCTION     0.05     0.54    24.38     0  09:31        0.53
  NNH01-22             JUNCTION     0.13     1.08    24.92     0  09:31        1.02
  NNH01-23             JUNCTION     0.04     0.45    26.17     0  09:20        0.45
  NNH01-24             JUNCTION     0.05     0.50    26.98     0  09:20        0.50
  NNH01-25             JUNCTION     0.04     0.46    27.10     0  09:19        0.46
  NNH01-26             JUNCTION     0.12     0.28    30.19     0  09:19        0.28
  NNH01-27             JUNCTION     0.02     0.20    32.95     0  09:19        0.20
  NNH01-28             JUNCTION     0.02     0.21    38.06     0  09:19        0.21
  NNH01-29             JUNCTION     0.02     0.21    41.07     0  09:19        0.21
  NNH02-01             JUNCTION     0.07     0.72    15.37     0  09:19        0.72
  NNH02-02             JUNCTION     0.03     0.23    19.96     0  09:19        0.23
  NNH03-01             JUNCTION     0.07     0.75    15.55     0  09:19        0.75
  NNH03-02             JUNCTION     0.06     0.72    15.72     0  09:19        0.72
  NNH03-03             JUNCTION     0.05     0.55    17.05     0  09:19        0.55
  NNH04-01             JUNCTION     0.07     0.60    16.85     0  09:19        0.60
  NNH04-02             JUNCTION     0.06     0.56    18.63     0  09:19        0.56
  NNH04-03             JUNCTION     0.04     0.39    19.91     0  09:19        0.39
  NNH04-04             JUNCTION     0.04     0.36    26.65     0  09:19        0.36
  NNH05-01             JUNCTION     0.05     0.41    17.84     0  09:19        0.41
  NNH05-02             JUNCTION     0.02     0.21    19.81     0  09:19        0.21
  NNH05-03             JUNCTION     0.02     0.17    27.27     0  09:19        0.17
  NNH06-01             JUNCTION     0.01     0.07    17.62     0  09:19        0.07
  NNH07-01             JUNCTION     0.12     1.32    16.32     0  09:20        1.32
  NNH07-02             JUNCTION     0.07     0.76    18.92     0  09:21        0.76
  NNH07-03             JUNCTION     0.07     0.70    24.64     0  09:20        0.70
  NNH07-04             JUNCTION     0.07     0.71    29.32     0  09:20        0.70
  NNH07-05             JUNCTION     0.08     0.78    31.82     0  09:20        0.78
  NNH07-06             JUNCTION     0.16     1.78    32.96     0  09:20        1.77
  NNH07-07             JUNCTION     0.12     1.49    33.01     0  09:20        1.48
  NNH07-08             JUNCTION     0.08     1.10    32.96     0  09:20        1.10
  NNH07-09             JUNCTION     0.07     0.78    34.18     0  09:19        0.78
  NNH07-10             JUNCTION     0.09     0.47    35.25     0  09:20        0.47
  NNH07-11             JUNCTION     0.10     0.96    36.15     0  09:19        0.96
  NNH07-12             JUNCTION     0.08     0.70    37.83     0  09:19        0.70
  NNH07-13             JUNCTION     0.07     0.62    39.58     0  09:19        0.62
  NNH07-14             JUNCTION     0.07     0.62    41.28     0  09:19        0.62
  NNH08-01             JUNCTION     0.03     0.23    28.09     0  09:19        0.23
  NNH08-02             JUNCTION     0.02     0.21    38.84     0  09:19        0.20
  NNH08-03             JUNCTION     0.04     0.33    39.64     0  09:19        0.33
  NNH09-01             JUNCTION     0.03     0.28    27.70     0  09:19        0.28
  NNH10-01             JUNCTION     0.07     0.71    34.78     0  09:19        0.71
  NNH10-02             JUNCTION     0.05     0.46    37.90     0  09:19        0.46
  NNH10-03             JUNCTION     0.05     0.42    39.58     0  09:19        0.42
  NNH10-04             JUNCTION     0.02     0.14    44.97     0  09:19        0.14
  NNH11-01             JUNCTION     0.06     0.49    36.01     0  09:20        0.49
  NNH11-02             JUNCTION     0.05     0.44    37.53     0  09:19        0.44
  NNH11-03             JUNCTION     0.05     0.40    38.82     0  09:19        0.40
  NNH11-04             JUNCTION     0.01     0.14    40.69     0  09:19        0.14
  NNH12-01             JUNCTION     0.03     0.23    19.46     0  09:19        0.23
  NNH12-02             JUNCTION     0.02     0.14    31.64     0  09:19        0.14
  NNH13-01             JUNCTION     0.01     0.05    21.01     0  09:19        0.05
  NNH14-01             JUNCTION     0.05     0.42    22.35     0  09:19        0.42
  NNH14-02             JUNCTION     0.02     0.13    28.40     0  09:19        0.13
  NNH15-01             JUNCTION     0.09     0.98    24.43     0  09:18        0.97
  NNH15-02             JUNCTION     0.06     0.74    24.75     0  09:17        0.71
  NNH15-03             JUNCTION     0.11     2.40    27.04     0  09:17        1.47
  NNH15-04             JUNCTION     0.08     0.70    28.30     0  09:19        0.70
  NNH15-05             JUNCTION     0.07     0.65    30.19     0  09:19        0.65
  NNH15-06             JUNCTION     0.03     0.26    36.58     0  09:19        0.26
  NNH15-07             JUNCTION     0.02     0.19    46.83     0  09:19        0.19
  NNH16-01             JUNCTION     0.07     0.66    31.12     0  09:19        0.66
  NNH17-01             JUNCTION     0.09     0.78    25.41     0  09:19        0.78
  NNH17-02             JUNCTION     0.05     0.42    27.66     0  09:19        0.42
  NNH18-01             JUNCTION     0.11     0.94    25.16     0  09:20        0.94
  NNH18-02             JUNCTION     0.08     0.47    27.13     0  09:19        0.47
  NNH18-03             JUNCTION     0.04     0.35    30.41     0  09:19        0.35
  NNH18-04             JUNCTION     0.04     0.36    33.82     0  09:19        0.36
  NNH18-05             JUNCTION     0.04     0.34    36.14     0  09:19        0.33
  NNH18-06             JUNCTION     0.06     0.28    43.58     0  09:19        0.28
  NNH18-07             JUNCTION     0.01     0.11    46.73     0  09:19        0.11
  NSC01-01             JUNCTION     0.13     1.47    15.12     0  09:28        1.47
  NSC01-02             JUNCTION     0.16     1.44    15.75     0  09:23        1.42
  NSC01-03             JUNCTION     0.17     1.55    15.93     0  09:22        1.53
  NSC01-04             JUNCTION     0.15     1.55    16.31     0  09:22        1.53
  NSC01-05             JUNCTION     0.16     1.59    16.43     0  09:22        1.58
  NSC01-06             JUNCTION     0.13     1.45    16.42     0  09:22        1.44
  NSC01-07             JUNCTION     0.12     1.25    17.20     0  09:22        1.24
  NSC01-07.1           JUNCTION     0.15     1.38    17.36     0  09:21        1.37
  NSC01-08             JUNCTION     0.17     1.68    17.88     0  09:21        1.67
  NSC01-09             JUNCTION     0.15     1.63    18.44     0  09:21        1.63
  NSC01-10             JUNCTION     0.14     1.57    18.53     0  09:21        1.57
  NSC01-11             JUNCTION     0.07     0.77    18.58     0  09:21        0.77
  NSC01-11.1           JUNCTION     0.07     0.87    18.50     0  09:21        0.87
  NSC01-12             JUNCTION     0.08     0.82    19.14     0  09:20        0.82
  NSC01-13             JUNCTION     0.08     0.81    20.13     0  09:20        0.81
  NSC01-14             JUNCTION     0.05     0.51    22.94     0  09:20        0.51
  NSC01-15             JUNCTION     0.05     0.53    23.84     0  09:20        0.53
  NSC01-16             JUNCTION     0.16     1.31    25.84     0  09:20        1.31
  NSC01-17             JUNCTION     0.08     0.95    25.88     0  09:19        0.95
  NSC01-18             JUNCTION     0.04     0.52    26.12     0  09:19        0.52
  NSC01-19             JUNCTION     0.04     0.41    29.03     0  09:19        0.41
  NSC01-20             JUNCTION     0.03     0.35    33.33     0  09:19        0.35
  NSC01-21             JUNCTION     0.05     0.54    33.76     0  09:19        0.53
  NSC01-22             JUNCTION     0.02     0.17    34.43     0  09:19        0.17
  NSC02-01             JUNCTION     0.08     0.64    19.15     0  09:19        0.64
  NSC02-02             JUNCTION     0.09     0.81    19.56     0  09:19        0.81
  NSC02-03             JUNCTION     0.30     1.15    19.74     0  09:19        1.15
  NSC02-04             JUNCTION     0.02     0.15    20.92     0  09:19        0.15
  NSC03-01             JUNCTION     0.04     0.32    22.44     0  09:19        0.32
  NSC04-01             JUNCTION     0.06     0.54    20.65     0  09:19        0.54
  NSC05-01             JUNCTION     0.06     0.63    17.18     0  09:19        0.63
  NSC05-02             JUNCTION     0.07     0.72    17.85     0  09:19        0.72
  NSC05-03             JUNCTION     0.25     0.80    18.45     0  09:19        0.80
  NSC05-04             JUNCTION     0.04     0.47    18.67     0  09:19        0.47
  NSC05-05             JUNCTION     0.03     0.36    19.56     0  09:19        0.35
  NSC05-06             JUNCTION     0.04     0.41    19.86     0  09:19        0.41
  NSC05-07             JUNCTION     0.02     0.16    22.46     0  09:19        0.16
  NSC05-08             JUNCTION     0.01     0.10    24.42     0  09:19        0.10
  NSC06-01             JUNCTION     0.12     1.32    17.47     0  09:21        1.31
  NSC06-02             JUNCTION     0.13     1.39    19.81     0  09:20        1.38
  NSC06-03             JUNCTION     0.10     1.13    21.98     0  09:20        1.13
  NSC06-04             JUNCTION     0.12     1.36    22.71     0  09:20        1.36
  NSC06-05             JUNCTION     0.07     1.02    22.67     0  09:20        1.01
  NSC07-01             JUNCTION     0.14     0.50    18.03     0  09:20        0.50
  NSC07-02             JUNCTION     0.04     0.39    18.54     0  09:19        0.39
  NSC07-03             JUNCTION     0.03     0.33    20.45     0  09:19        0.32
  NSC07-04             JUNCTION     0.05     0.47    20.75     0  09:19        0.47
  NSC08-01             JUNCTION     0.10     1.13    23.78     0  09:19        1.13
  NSC08-02             JUNCTION     0.08     0.82    27.23     0  09:19        0.82
  NSC08-03             JUNCTION     0.07     0.72    28.87     0  09:19        0.72
  NSC09-01             JUNCTION     0.07     0.51    19.64     0  09:19        0.51
  NSC09-02             JUNCTION     0.05     0.41    19.77     0  09:19        0.41
  NSC10-00             JUNCTION     0.14     2.24    18.90     0  09:28        2.06
  NSC10-01             JUNCTION     0.19     2.18    19.28     0  09:29        2.09
  NSC10-02             JUNCTION     0.19     2.20    19.63     0  09:29        2.20
  NSC10-03             JUNCTION     0.15     1.92    19.61     0  09:29        1.92
  NSC10-04             JUNCTION     0.16     1.87    19.81     0  09:21        1.86
  NSC10-05             JUNCTION     0.11     1.31    20.25     0  09:21        1.31
  NSC10-06             JUNCTION     0.12     1.03    22.53     0  09:21        1.03
  NSC10-07             JUNCTION     0.11     1.12    23.52     0  09:21        1.12
  NSC10-08             JUNCTION     0.11     1.13    25.17     0  09:20        1.13
  NSC10-09             JUNCTION     0.11     1.20    25.82     0  09:20        1.19
  NSC10-10             JUNCTION     0.09     1.01    27.07     0  09:20        1.01
  NSC10-11             JUNCTION     0.08     0.87    27.85     0  09:20        0.87
  NSC10-12             JUNCTION     0.08     0.84    30.13     0  09:20        0.84
  NSC10-13             JUNCTION     0.08     0.85    32.63     0  09:19        0.85
  NSC10-14             JUNCTION     0.08     0.88    38.38     0  09:19        0.88
  NSC10-15             JUNCTION     0.09     0.99    41.67     0  09:19        0.98
  NSC10-16             JUNCTION     0.06     0.60    53.68     0  09:19        0.60
  NSC10-17             JUNCTION     0.07     0.79    55.44     0  09:19        0.79
  NSC11-01             JUNCTION     0.04     0.68    19.80     0  09:23        0.67
  NSC11-02             JUNCTION     0.02     0.23    23.08     0  09:19        0.23
  NSC11-03             JUNCTION     0.04     0.31    24.98     0  09:19        0.31
  NSC11-04             JUNCTION     0.03     0.22    28.66     0  09:19        0.22
  NSC11-05             JUNCTION     0.02     0.17    31.00     0  09:19        0.16
  NSC12-01             JUNCTION     0.06     0.62    27.75     0  09:20        0.62
  NSC12-02             JUNCTION     0.08     0.65    31.41     0  09:19        0.65
  NSC12-03             JUNCTION     0.07     0.60    36.14     0  09:19        0.60
  NSC12-04             JUNCTION     0.06     0.56    42.89     0  09:19        0.56
  NSC12-05             JUNCTION     0.06     0.64    43.76     0  09:19        0.64
  NSC13-01             JUNCTION     0.05     0.53    29.34     0  09:20        0.53
  NSC13-02             JUNCTION     0.07     0.61    29.90     0  09:19        0.61
  NSC13-03             JUNCTION     0.02     0.18    35.91     0  09:19        0.18
  NSC14-01             JUNCTION     0.02     0.17    26.22     0  09:19        0.17
  NSC15-00.1           JUNCTION     0.09     0.82    13.29     0  09:21        0.81
  NSC15-00.2           JUNCTION     0.31     1.10    13.29     0  09:22        1.10
  NSC15-00.3           JUNCTION     0.12     0.82    13.30     0  09:21        0.82
  NSC15-01             JUNCTION     0.07     0.43    13.51     0  09:22        0.43
  NSC15-02             JUNCTION     0.07     0.37    15.06     0  09:21        0.37
  NSC15-03             JUNCTION     0.14     0.60    15.42     0  09:20        0.60
  NSC15-04             JUNCTION     0.06     0.31    15.57     0  09:20        0.31
  NSC15-05             JUNCTION     0.07     0.28    15.94     0  09:18        0.28
  NSC15-06             JUNCTION     0.16     1.07    16.89     0  09:30        0.97
  NSC15-06.1           JUNCTION     0.23     3.42    19.30     0  09:27        2.17
  NSC15-07             JUNCTION     0.33     2.98    18.83     0  09:27        2.58
  NSC15-08             JUNCTION     1.63     4.25    18.90     0  09:27        4.13
  NSC16-01             JUNCTION     0.02     0.22    17.51     0  09:19        0.22
  NSC16-02             JUNCTION     0.13     1.21    18.51     0  09:20        1.21
  NSC16-03             JUNCTION     0.07     0.72    19.36     0  09:19        0.72
  NSC16-04             JUNCTION     0.02     0.14    23.29     0  09:19        0.13
  NSC16-05             JUNCTION     0.01     0.12    25.58     0  09:19        0.12
  NSC17-01             JUNCTION     0.07     0.71    23.53     0  09:19        0.71
  NSC18-01             JUNCTION     0.15     2.18    18.50     0  08:12        2.15
  NSC18-02             JUNCTION     0.10     1.77    18.51     0  08:25        1.76
  NSC18-03             JUNCTION     0.05     1.70    18.91     0  08:36        1.30
  NSC19-01             JUNCTION     0.22     2.84    19.03     0  09:30        2.61
  NSC19-02             JUNCTION     0.19     2.74    19.08     0  09:30        2.46
  NSC19-03             JUNCTION     0.22     2.84    19.22     0  09:27        2.44
  NSC19-04             JUNCTION     0.23     2.73    19.12     0  09:28        2.49
  NSC19-05             JUNCTION     0.26     2.86    19.25     0  09:28        2.59
  NSC19-06             JUNCTION     0.16     2.26    19.16     0  09:29        2.12
  NSC19-07             JUNCTION     0.14     1.56    19.36     0  09:22        1.54
  NSC19-08             JUNCTION     0.12     1.27    19.69     0  09:22        1.25
  NSC19-09             JUNCTION     0.11     1.14    20.24     0  09:21        1.12
  NSC19-10             JUNCTION     0.08     0.85    22.27     0  09:19        0.85
  NSC19-11             JUNCTION     0.06     0.64    25.30     0  09:19        0.64
  NSC19-12             JUNCTION     0.04     0.39    29.91     0  09:19        0.38
  NSC20-01             JUNCTION     0.09     0.92    21.23     0  09:21        0.91
  NSC20-02             JUNCTION     0.08     0.84    22.11     0  09:21        0.81
  NSC20-03             JUNCTION     0.08     0.77    23.77     0  09:20        0.74
  NSC20-04             JUNCTION     0.07     0.74    24.49     0  09:20        0.72
  NSC20-05             JUNCTION     0.12     1.33    25.68     0  09:20        1.30
  NSC20-06             JUNCTION     0.09     1.08    26.23     0  09:20        1.08
  NSC20-07             JUNCTION     0.06     0.61    28.93     0  09:19        0.61
  NSC20-08             JUNCTION     0.07     0.78    31.90     0  09:21        0.73
  NSC20-09             JUNCTION     0.13     1.34    32.59     0  09:27        1.30
  NSC20-10             JUNCTION     0.15     1.61    33.11     0  09:19        1.61
  NSC21-01             JUNCTION     0.09     1.16    32.62     0  09:22        1.13
  NSC21-02             JUNCTION     0.06     0.58    33.34     0  09:19        0.56
  NSC21-03             JUNCTION     0.05     0.42    34.68     0  09:19        0.42
  NSC21-04             JUNCTION     0.04     0.31    40.50     0  09:19        0.31
  NSC21-05             JUNCTION     0.03     0.28    43.36     0  09:19        0.28
  NSC21-06             JUNCTION     0.03     0.24    48.39     0  09:19        0.24
  NSC22-01             JUNCTION     0.08     1.03    32.73     0  09:22        1.00
  NSC23-01             JUNCTION     0.04     0.41    25.93     0  09:19        0.40
  NSC23-02             JUNCTION     0.03     0.28    28.26     0  09:19        0.28
  NSC23-03             JUNCTION     0.02     0.22    31.11     0  09:19        0.22
  NSC23-04             JUNCTION     0.02     0.16    35.01     0  09:19        0.16
  NSR01-00             JUNCTION     1.51     2.39    11.91     0  09:20        2.38
  NSR01-01             JUNCTION     1.03     1.91    11.91     0  09:22        1.88
  NSR01-02             JUNCTION     0.53     1.37    11.87     0  09:19        1.37
  NSR01-03             JUNCTION     0.21     1.72    10.68     0  09:20        1.72
  NSR01-05             JUNCTION     0.07     0.77    12.53     0  09:20        0.77
  NSR01-06             JUNCTION     0.09     0.92    12.96     0  09:20        0.92
  NSR01-07             JUNCTION     0.07     0.75    13.85     0  09:19        0.75
  NSR01-08             JUNCTION     0.06     0.71    20.04     0  09:19        0.71
  NSR01-09             JUNCTION     0.37     1.37    20.63     0  09:19        1.36
  NSR01-10             JUNCTION     0.17     0.86    20.73     0  09:19        0.85
  NSR01-11             JUNCTION     0.05     0.45    22.79     0  09:19        0.45
  NSR02-02             JUNCTION     1.04     2.33    10.15     0  09:20        2.33
  NSR02-03             JUNCTION     0.31     1.97    10.59     0  09:20        1.97
  NSR02-04             JUNCTION     0.09     0.97    11.37     0  09:19        0.96
  NSR02-05             JUNCTION     0.08     0.98    11.82     0  09:19        0.98
  NTP00                JUNCTION     1.32     4.54    13.80     0  09:26        4.51
  NTP01                JUNCTION     1.32     4.16    13.37     0  09:27        4.10
  NYS01-02             JUNCTION     0.17     2.02    15.15     0  09:27        2.01
  NYS01-02.1           JUNCTION     0.61     2.69    14.89     0  09:26        2.69
  NYS01-02.2           JUNCTION     0.53     2.68    14.96     0  09:26        2.67
  NYS01-02.3           JUNCTION     0.43     2.63    15.02     0  09:27        2.63
  NYS01-02.4           JUNCTION     0.20     2.33    15.02     0  09:27        2.33
  NYS0102.5            JUNCTION     0.43     2.63    15.02     0  09:27        2.63
  NYS01-02.6           JUNCTION     0.48     2.79    15.15     0  09:26        2.78
  NYS01-02.7           JUNCTION     0.23     2.49    15.15     0  09:26        2.48
  NYS01-02.8           JUNCTION     0.47     2.79    15.15     0  09:26        2.78
  NYS01-03             JUNCTION     0.09     1.21    15.20     0  09:28        1.21
  NYS01-03.1           JUNCTION     0.22     1.77    15.20     0  09:28        1.76
  NYS01-04             JUNCTION     0.13     1.34    15.53     0  09:23        1.32
  NYS01-05             JUNCTION     0.14     1.49    15.96     0  09:23        1.47
  NYS01-06             JUNCTION     0.17     1.66    16.25     0  09:22        1.64
  NYS01-07             JUNCTION     0.19     1.82    16.45     0  09:22        1.80
  NYS01-08             JUNCTION     0.17     1.86    16.64     0  09:22        1.85
  NYS01-09             JUNCTION     0.22     2.06    16.84     0  09:22        2.04
  NYS01-10             JUNCTION     0.18     2.00    17.00     0  09:22        1.99
  NYS01-11             JUNCTION     0.09     1.00    18.22     0  09:20        1.00
  NYS01-12             JUNCTION     0.12     1.23    19.55     0  09:21        1.23
  NYS01-13             JUNCTION     0.11     1.18    20.38     0  09:20        1.17
  NYS01-14             JUNCTION     0.12     1.08    21.62     0  09:20        1.08
  NYS01-15             JUNCTION     0.13     1.23    21.83     0  09:20        1.23
  NYS01-16             JUNCTION     0.04     0.44    23.11     0  09:20        0.44
  NYS01-17             JUNCTION     0.05     0.51    23.71     0  09:19        0.51
  NYS01-18             JUNCTION     0.05     0.51    24.09     0  09:19        0.51
  NYS01-19             JUNCTION     0.03     0.27    24.47     0  09:29        0.27
  NYS02-00             JUNCTION     0.28     1.77    13.97     0  09:23        1.74
  NYS02-01             JUNCTION     0.20     1.76    14.58     0  09:19        1.76
  NYS02-02             JUNCTION     0.08     0.72    15.84     0  09:19        0.72
  NYS02-03             JUNCTION     0.10     0.85    16.18     0  09:19        0.85
  NYS02-04             JUNCTION     0.05     0.42    18.77     0  09:19        0.42
  NYS02-05             JUNCTION     0.04     0.37    23.95     0  09:19        0.37
  NYS02-06             JUNCTION     0.01     0.11    28.89     0  09:19        0.11
  NYS03-01             JUNCTION     0.06     0.53    16.48     0  09:19        0.53
  NYS05-00             JUNCTION     0.22     2.16    15.07     0  09:26        2.15
  NYS05-02             JUNCTION     0.08     0.76    15.22     0  09:25        0.75
  NYS05-03             JUNCTION     0.06     0.47    16.05     0  09:19        0.47
  NYS05-04             JUNCTION     0.11     0.76    16.35     0  09:19        0.76
  NYS05-05             JUNCTION     0.11     0.96    16.67     0  09:19        0.96
  NYS05-06             JUNCTION     0.05     0.45    19.14     0  09:19        0.45
  NYS05-07             JUNCTION     0.05     0.42    20.79     0  09:19        0.42
  NYS05-08             JUNCTION     0.03     0.27    25.12     0  09:19        0.27
  NYS05-09             JUNCTION     0.02     0.17    27.47     0  09:19        0.17
  NYS05-10             JUNCTION     0.02     0.16    28.12     0  09:19        0.16
  NYS05-11             JUNCTION     0.03     0.18    28.21     0  09:19        0.18
  NYS06-01             JUNCTION     0.02     0.10    16.55     0  09:21        0.10
  NYS07-01             JUNCTION     0.03     0.35    16.51     0  09:19        0.35
  NYS07-02             JUNCTION     0.05     0.49    17.90     0  09:19        0.49
  NYS08-02             JUNCTION     0.09     1.19    16.79     0  09:21        1.17
  NYS08-03             JUNCTION     0.10     1.07    17.12     0  09:21        1.07
  NYS08-04             JUNCTION     0.11     1.11    18.36     0  09:21        1.10
  NYS08-05             JUNCTION     0.10     1.02    20.22     0  09:20        1.02
  NYS08-06             JUNCTION     0.17     1.50    20.74     0  09:20        1.50
  NYS08-07             JUNCTION     0.14     1.50    21.15     0  09:20        1.50
  NYS08-08             JUNCTION     0.06     0.65    24.80     0  09:20        0.65
  NYS08-09             JUNCTION     0.07     0.78    28.32     0  09:19        0.78
  NYS08-10             JUNCTION     0.08     0.86    28.81     0  09:19        0.86
  NYS08-11             JUNCTION     0.27     1.00    30.19     0  09:19        1.00
  NYS08-12             JUNCTION     0.04     0.42    32.80     0  09:19        0.42
  NYS09-01             JUNCTION     0.06     0.52    29.18     0  09:19        0.52
  NYS09-02             JUNCTION     0.07     0.61    29.43     0  09:19        0.61
  NYS10-01             JUNCTION     0.05     0.45    37.54     0  09:19        0.45
  NYS10-02             JUNCTION     0.04     0.34    44.12     0  09:19        0.34
  NYS11-01             JUNCTION     0.06     0.47    21.28     0  09:19        0.47
  NYS11-02             JUNCTION     0.03     0.25    25.36     0  09:19        0.25
  NYS11-03             JUNCTION     0.03     0.23    30.81     0  09:19        0.22
  NYS11-04             JUNCTION     0.02     0.18    34.99     0  09:19        0.18
  NYS12-01             JUNCTION     0.18     1.70    21.50     0  09:20        1.70
  NYS12-02             JUNCTION     0.09     0.99    22.40     0  09:29        0.99
  NYS12-03             JUNCTION     0.05     0.51    23.08     0  09:19        0.51
  NYS12-04             JUNCTION     0.03     0.33    24.52     0  09:19        0.33
  NYS12-05             JUNCTION     0.02     0.16    26.25     0  09:19        0.16
  NYS12-06             JUNCTION     0.02     0.18    28.28     0  09:19        0.18
  NYS13-01             JUNCTION     0.11     1.53    16.64     0  09:22        1.52
  NYS13-02             JUNCTION     0.03     0.21    16.65     0  09:24        0.21
  NYS13-03             JUNCTION     0.02     0.16    20.22     0  09:23        0.16
  NYS13-04             JUNCTION     0.02     0.15    24.49     0  09:23        0.14
  NYS13-05             JUNCTION     0.05     0.27    24.82     0  09:23        0.27
  NYS13-06             JUNCTION     0.03     0.24    24.94     0  09:21        0.23
  NYS13-07             JUNCTION     0.03     0.23    25.03     0  09:20        0.23
  NYS13-08             JUNCTION     0.01     0.10    25.19     0  09:19        0.10
  NYS14-01             JUNCTION     0.03     0.30    17.48     0  09:19        0.30
  NYS14-02             JUNCTION     0.04     0.37    18.35     0  09:19        0.37
  NYS14-03             JUNCTION     0.03     0.22    21.00     0  09:19        0.22
  NYS15-01             JUNCTION     0.07     0.57    17.07     0  09:20        0.57
  NYS15-02             JUNCTION     0.08     0.70    17.70     0  09:19        0.70
  NYS15-03             JUNCTION     0.09     0.80    18.12     0  09:20        0.80
  NYS16-01             JUNCTION     0.03     0.28    24.65     0  09:19        0.28
  NYS16-02             JUNCTION     0.04     0.29    25.20     0  09:19        0.29
  NYS16-03             JUNCTION     0.03     0.29    26.03     0  09:19        0.29
  NYS16-04             JUNCTION     0.03     0.22    27.80     0  09:19        0.22
  NYS17-01             JUNCTION     0.08     0.74    25.41     0  09:19        0.74
  NYS18-01             JUNCTION     0.09     0.79    18.40     0  09:19        0.79
  NYS18-02             JUNCTION     0.07     0.63    19.01     0  09:19        0.63
  NYS90                JUNCTION     0.93     3.00    14.87     0  09:26        3.00
  NYS92-01             JUNCTION     0.53     2.68    14.96     0  09:26        2.67
  NYS92-01.1           JUNCTION     0.61     2.69    14.89     0  09:26        2.69
  NYS95-00             JUNCTION     0.29     1.97    14.44     0  09:26        1.96
  NYS95-01             JUNCTION     0.21     1.91    14.21     0  09:24        1.89
  NYS96-1.2            JUNCTION     0.38     1.97    14.07     0  09:23        1.94
  NYS96-2.2            JUNCTION     0.17     1.71    14.11     0  09:24        1.69
  NYS99-02             JUNCTION     0.14     1.47    13.97     0  09:23        1.45
  NYS99-03             JUNCTION     0.12     1.39    13.97     0  09:23        1.36
  NYS99-04             JUNCTION     0.00     0.00    15.10     0  00:00        0.00
  NYS99-05             JUNCTION     0.00     0.00    15.11     0  00:00        0.00
  NYS99-06             JUNCTION     0.19     2.03    15.07     0  09:25        2.02
  ooooo                JUNCTION     0.34     3.79    14.60     0  09:31        3.63
  SDCM_001             JUNCTION     0.17     0.93    41.25     0  09:43        0.93
  SDCM_003             JUNCTION     0.12     0.77    37.21     0  09:43        0.77
  SDCM_004             JUNCTION     0.83     1.86    36.74     0  09:43        1.86
  SDCM_006             JUNCTION     0.22     1.99    28.77     0  09:29        1.98
  SDCM_007             JUNCTION     0.15     1.36    25.85     0  09:29        1.35
  SDCM_008             JUNCTION     0.15     1.42    24.79     0  09:29        1.41
  SDCM_009             JUNCTION     0.22     1.97    23.52     0  09:29        1.97
  SDCM_010             JUNCTION     0.14     1.21    21.93     0  09:29        1.20
  SDCM_011             JUNCTION     0.12     0.99    19.69     0  09:29        0.99
  SDCM_012             JUNCTION     0.12     1.46    17.20     0  09:29        1.46
  SDCM_013             JUNCTION     0.19     2.16    17.31     0  09:29        2.16
  SDCM_014             JUNCTION     0.28     2.58    17.32     0  09:29        2.58
  SDCM_016             JUNCTION     0.13     2.29    15.86     0  09:31        2.22
  SDCM_016_1           JUNCTION     0.20     3.60    16.40     0  08:48        3.38
  SDCM_017             JUNCTION     0.34     3.40    15.97     0  09:30        3.17
  SDCM_017_1           JUNCTION     0.38     4.19    16.00     0  08:52        4.19
  SDCM_020             JUNCTION     0.41     4.01    15.40     0  08:45        4.00
  SDCM_020_2           JUNCTION     0.43     4.07    15.23     0  08:52        3.82
  SDCM_023             JUNCTION     0.23     3.05    13.81     0  09:30        3.05
  SDCM_024             JUNCTION     0.26     3.30    13.81     0  09:29        3.30
  SDCM_025             JUNCTION     0.58     3.71    13.78     0  09:30        3.71
  SDCM_026             JUNCTION     0.58     3.72    13.78     0  09:30        3.71
  SDCM_026_1           JUNCTION     0.92     4.10    13.74     0  09:29        4.10
  SDCM_027             JUNCTION     0.96     4.16    13.74     0  09:29        4.15
  SDCM_028             JUNCTION     1.42     4.62    13.65     0  09:29        4.61
  SDCM_031             JUNCTION     2.13     4.18    12.13     0  09:29        4.14
  SDCM_032             JUNCTION     2.62     5.40    12.81     0  08:33        5.15
  SDCM_033             JUNCTION     3.26     6.19    12.95     0  08:32        5.89
  SDCM_034             JUNCTION     3.50     5.67    12.18     0  09:30        5.61
  SDCM_035             JUNCTION     3.61     5.60    11.99     0  09:29        5.60
  SDCM_036             JUNCTION     3.80     5.70    11.89     0  09:30        5.69
  SDCM_037             JUNCTION     4.03     5.86    11.82     0  09:30        5.85
  SDCM_038             JUNCTION     4.58     6.32    11.72     0  09:31        6.32
  SDCM_039             JUNCTION     4.75     6.47    11.69     0  09:31        6.47
  SDCM_039_1           JUNCTION     4.76     6.43    11.64     0  09:31        6.43
  Temp                 JUNCTION     3.90     5.50    11.58     0  09:31        5.49
  NBPC-00              OUTFALL      8.11     8.11    10.50     0  00:00        8.11
  Str_BP               STORAGE      4.01     5.02     9.52     0  09:26        5.01
  Str_Sc               STORAGE      5.83     8.52    11.72     0  08:50        8.51
  Str_SR               STORAGE      1.86     4.28     9.78     0  09:32        4.16
  Str_SP               STORAGE      6.93   334.53   336.53     0  08:07        9.44
  
  
  *******************
  Node Inflow Summary
  *******************
  
  -------------------------------------------------------------------------------------------------
                                  Maximum  Maximum                  Lateral       Total        Flow
                                  Lateral    Total  Time of Max      Inflow      Inflow     Balance
                                   Inflow   Inflow   Occurrence      Volume      Volume       Error
  Node                 Type           CMS      CMS  days hr:min    10^6 ltr    10^6 ltr     Percent
  -------------------------------------------------------------------------------------------------
  1                    JUNCTION     0.000   70.760     0  09:27           0         618       0.382
  MH2016               JUNCTION     0.000   27.683     0  09:29           0         224       0.372
  MH2018               JUNCTION     0.000   52.064     0  09:31           0         278       0.528
  MH2019               JUNCTION     0.000   27.690     0  09:29           0         223       0.001
  MH2020               JUNCTION     0.000   27.120     0  09:30           0         151       0.618
  NBC01-00             JUNCTION     0.063  426.587     0  09:29       0.557    2.22e+03       0.244
  NBC01-01             JUNCTION     1.493  144.316     0  09:27        13.2    1.22e+03      -0.244
  NBC01-02             JUNCTION     2.168   87.727     0  09:21        19.1    1.12e+03       0.065
  NBC01-02.1           JUNCTION     0.000   88.152     0  09:21           0    1.12e+03       0.221
  NBC01-04             JUNCTION     1.227   83.555     0  09:22        10.9    1.08e+03       0.053
  NBC01-05             JUNCTION     1.737   81.496     0  09:22        15.3    1.06e+03       0.028
  NBC01-06             JUNCTION     0.582   79.930     0  09:22        5.15    1.04e+03       0.004
  NBC01-07             JUNCTION     0.567   79.431     0  09:22        5.02    1.04e+03       0.000
  NBC01-08             JUNCTION     0.480   79.100     0  09:23        4.25    1.03e+03       0.003
  NBC01-09             JUNCTION     0.630   78.743     0  09:23        5.57    1.03e+03       0.002
  NBC01-10             JUNCTION     0.342   78.179     0  09:23        3.03    1.02e+03       0.003
  NBC01-11             JUNCTION     0.569   77.899     0  09:23        5.04    1.02e+03       0.003
  NBC01-12             JUNCTION     0.484   77.450     0  09:22        4.28    1.01e+03       0.003
  NBC01-13             JUNCTION     0.242   77.220     0  09:22        2.15    1.01e+03       0.004
  NBC01-14             JUNCTION     0.354   74.211     0  09:21        3.13         981       0.004
  NBC01-15             JUNCTION     1.051   74.120     0  08:39         9.3         978       0.005
  NBC01-16             JUNCTION     0.213   73.574     0  08:40        1.88         969       0.004
  NBC01-17             JUNCTION     0.866   73.803     0  08:32        7.67         967      -0.006
  NBC01-17.1           JUNCTION     0.000   64.659     0  08:31           0         831      -0.004
  NBC01-18.1           JUNCTION     0.000   41.372     0  08:35           0         556       0.004
  NBC01-18.2           JUNCTION     0.000   41.399     0  08:36           0         556       0.003
  NBC01-19             JUNCTION     2.173   41.992     0  08:33        19.2         567       0.042
  NBC01-20             JUNCTION     0.693   55.123     0  09:30        6.11         596       0.187
  NBC01-20.1           JUNCTION     0.000   54.010     0  09:30           0         496       0.058
  NBC02-01             JUNCTION     1.991    1.991     0  09:19        17.6        17.6       0.090
  NBC03-01             JUNCTION     0.047    1.047     0  09:19       0.427        9.32       0.020
  NBC03-02             JUNCTION     0.409    1.000     0  09:19        3.62        8.89       0.006
  NBC03-03             JUNCTION     0.069    0.592     0  09:19       0.612        5.27      -0.010
  NBC03-04             JUNCTION     0.238    0.525     0  09:19        2.11        4.66       0.007
  NBC03-05             JUNCTION     0.288    0.288     0  09:19        2.55        2.55      -0.014
  NBC04-01             JUNCTION     1.357    3.017     0  09:19          12        26.7       0.002
  NBC04-02             JUNCTION     1.660    1.660     0  09:19        14.7        14.7      -0.003
  NBC09-00             JUNCTION     1.201    1.201     0  09:19        10.7        10.7      -0.008
  NBC10-00             JUNCTION     0.319    0.319     0  09:19        2.83        2.83       0.006
  NBC11-02             JUNCTION     3.585    4.465     0  09:29        31.2        38.9       0.019
  NBC11-03             JUNCTION     0.880    0.880     0  09:29        7.66        7.66      -0.001
  NBC12-00             JUNCTION     0.402    0.402     0  09:19        3.56        3.56      -0.000
  NBC13-01             JUNCTION     0.426    1.481     0  09:29        3.76        13.2      -0.013
  NBC13-02             JUNCTION     0.090    1.080     0  09:29       0.793        9.41      -0.028
  NBC13-03             JUNCTION     0.258    0.997     0  09:29        2.24        8.62       0.000
  NBC13-04             JUNCTION     0.484    1.125     0  09:29        4.19        10.6       0.000
  NBC13-05             JUNCTION     0.645    0.645     0  09:29         6.4         6.4       0.177
  NBC14-01             JUNCTION     0.580    3.840     0  09:29        5.22        36.8       0.013
  NBC14-02             JUNCTION     0.134    3.263     0  09:29        1.19        31.6       0.000
  NBC14-03             JUNCTION     0.180    2.128     0  09:30        1.59        21.5       0.001
  NBC14-04             JUNCTION     1.134    1.965     0  09:30        11.6        19.9       0.000
  NBC14-05             JUNCTION     0.456    0.840     0  09:29        4.13        8.32       0.006
  NBC15-01             JUNCTION     0.173    1.018     0  09:29        1.53        8.85      -0.001
  NBC15-02             JUNCTION     0.846    0.846     0  09:29        7.32        7.32      -0.001
  NBC16-00             JUNCTION     0.269    7.479     0  09:29        2.38        76.3       0.152
  NBC16-02             JUNCTION     0.770    6.211     0  09:29        6.65        54.7       0.041
  NBC16-03             JUNCTION     0.394    5.443     0  09:29        3.47        48.1      -0.006
  NBC16-04             JUNCTION     1.623    4.428     0  09:29        14.3        38.8       0.005
  NBC16-05             JUNCTION     0.124    2.814     0  09:29        1.08        24.4       0.002
  NBC16-06             JUNCTION     1.200    2.690     0  09:29        10.5        23.4       0.000
  NBC16-07             JUNCTION     1.491    1.491     0  09:29        12.9        12.9       0.001
  NBC17-01             JUNCTION     0.658    0.658     0  09:19        5.83        5.83       0.053
  NBC18-01             JUNCTION     1.007    1.007     0  09:19        8.87        8.87      -0.002
  NBP01-01             JUNCTION     3.569   71.251     0  08:56        30.8         364       1.367
  NBP01-03             JUNCTION     1.883   69.241     0  08:47        16.9         364       2.200
  NBP01-04             JUNCTION     0.707   69.795     0  08:46        6.27         439       2.695
  NBP01-05             JUNCTION     1.836   64.003     0  08:47        16.2         439       2.974
  NBP01-06             JUNCTION     1.606  102.515     0  09:33        14.3         872       1.263
  NBP01-07             JUNCTION     1.071   56.403     0  09:29        9.25         597       0.809
  NBP01-08             JUNCTION     3.660   55.324     0  09:29        32.1         603       1.145
  NBP01-09             JUNCTION     1.675   35.408     0  08:49        14.8         391       1.119
  NBP01-10             JUNCTION     0.900   30.692     0  08:49        7.95         340       0.544
  NBP01-11             JUNCTION     1.094   29.894     0  08:49        9.55         333       0.189
  NBP01-12             JUNCTION     2.018   28.953     0  08:49        17.8         324       0.386
  NBP01-13             JUNCTION     0.361   30.064     0  09:20         3.2         332       0.370
  NBP01-14             JUNCTION     0.524   20.966     0  08:29         4.6         231       0.197
  NBP01-14.1           JUNCTION     0.000   20.275     0  08:29           0         226       0.294
  NBP01-15             JUNCTION     1.320   20.282     0  08:29        11.7         226       0.401
  NBP01-16             JUNCTION     2.208   19.791     0  08:29          19         215       0.410
  NBP01-17             JUNCTION     0.557   20.173     0  08:29        4.93         195       0.369
  NBP01-18             JUNCTION     1.295   20.832     0  08:28        11.4         190       0.344
  NBP01-19             JUNCTION     0.420   20.860     0  08:28         3.7         178       0.256
  NBP01-20             JUNCTION     0.665   26.315     0  10:19        5.75         292       0.137
  NBP01-20.1           JUNCTION     0.000   36.497     0  08:47           0         425       0.116
  NBP01-20.2           JUNCTION     0.000   36.502     0  08:47           0         391       0.038
  NBP01-21             JUNCTION     1.289   36.506     0  08:47        11.3         390       0.106
  NBP01-22             JUNCTION     3.369   35.428     0  08:47        29.1         372       0.028
  NBP01-22.1           JUNCTION     0.000   28.816     0  09:22           0         258      -0.057
  NBP01-23             JUNCTION     1.149   28.815     0  09:22        10.2         258       0.028
  NBP01-24             JUNCTION     0.944   28.049     0  09:23        8.27         248       0.002
  NBP01-25             JUNCTION     1.816   27.217     0  09:22        15.9         240      -0.052
  NBP01-26             JUNCTION     0.700    6.441     0  09:24        6.16        57.5       0.233
  NBP01-27             JUNCTION     0.601    5.762     0  09:20        5.32        51.4      -0.003
  NBP01-28             JUNCTION     0.662    4.429     0  09:20        5.82        39.1       0.004
  NBP01-29             JUNCTION     1.623    3.763     0  09:19        14.3        33.3       0.002
  NBP01-30             JUNCTION     1.845    2.145     0  09:19        16.3          19       0.000
  NBP01-31             JUNCTION     0.302    0.302     0  09:19        2.67        2.67       0.000
  NBP02-01             JUNCTION     2.004   12.479     0  09:29        17.3         110       0.829
  NBP02-02             JUNCTION     3.197   14.820     0  09:02        27.5        93.7       0.771
  NBP02-03             JUNCTION     2.452    7.329     0  09:01        21.4        65.9       0.584
  NBP02-04             JUNCTION     4.825    4.825     0  09:29        41.9        42.5       0.163
  NBP03-01             JUNCTION     0.345    4.513     0  09:29        3.02        41.2       0.902
  NBP03-02             JUNCTION     0.184    4.168     0  09:29        1.62        38.3       0.411
  NBP03-03             JUNCTION     0.506    3.988     0  09:29         4.4        36.6       0.112
  NBP03-04             JUNCTION     3.481    3.481     0  09:29          30        30.9      -0.520
  NBP04-01             JUNCTION     0.701   29.968     0  09:40        6.05         170       0.600
  NBP04-02             JUNCTION     1.091   23.185     0  09:51        9.67         164       0.372
  NBP04-03             JUNCTION     0.102   12.912     0  09:31       0.899         117       0.441
  NBP04-04             JUNCTION     0.998   12.488     0  09:31        8.69         116       0.477
  NBP04-05             JUNCTION     0.198    8.619     0  09:29        1.73          82       0.696
  NBP04-06             JUNCTION     0.080    8.469     0  09:29       0.706        79.7       0.526
  NBP04-07             JUNCTION     2.138    8.406     0  09:30        18.5          79       0.194
  NBP04-08             JUNCTION     1.084    6.186     0  09:31        9.36        60.2       0.540
  NBP04-09             JUNCTION     0.676    5.114     0  09:30        5.84        50.2       0.756
  NBP04-10             JUNCTION     0.642    4.456     0  09:29        5.54        43.5       0.198
  NBP04-11             JUNCTION     1.114    3.823     0  09:29        10.2        37.5       0.193
  NBP04-12             JUNCTION     0.713    2.718     0  09:29        9.39        27.3       0.001
  NBP04-13             JUNCTION     2.058    2.058     0  09:29        17.9        17.9       0.000
  NBP05-01             JUNCTION     0.749    2.733     0  09:29        6.46        25.5       2.218
  NBP05-02             JUNCTION     0.582    2.040     0  09:28         5.1        17.8       0.581
  NBP05-03             JUNCTION     1.416    1.416     0  09:29        12.2        12.2       0.087
  NBP06-01             JUNCTION     1.068   21.870     0  09:28         9.2         196       1.444
  NBP06-02             JUNCTION     1.988   20.837     0  09:07        17.6         189       0.803
  NBP06-03             JUNCTION     1.039   19.236     0  09:07        9.17         172       0.747
  NBP06-04             JUNCTION     0.980   18.602     0  09:07        8.64         164       0.883
  NBP06-05             JUNCTION     2.571   17.062     0  09:26        22.4         155       2.167
  NBP06-06             JUNCTION     1.325    9.810     0  09:27        11.6        89.2       1.371
  NBP06-07             JUNCTION     2.681    8.452     0  09:28        23.3        75.2       0.672
  NBP06-08             JUNCTION     0.218    5.906     0  09:05        1.93        50.8       0.003
  NBP06-09             JUNCTION     1.532    4.289     0  09:22        13.3        37.8      -0.044
  NBP06-11             JUNCTION     1.651    2.768     0  09:19        14.6        24.5       0.189
  NBP06-12             JUNCTION     1.122    1.122     0  09:19        9.93        9.93       0.001
  NBP07-01             JUNCTION     0.138    1.245     0  09:19        1.22          11       0.002
  NBP07-02             JUNCTION     1.107    1.107     0  09:19         9.8         9.8       0.000
  NBP08-01             JUNCTION     2.245    4.300     0  09:20        19.7        39.3       0.347
  NBP08-02             JUNCTION     0.147    2.058     0  09:19         1.3        18.3       0.000
  NBP08-03             JUNCTION     1.201    1.916     0  09:19        10.6          17      -0.021
  NBP08-04             JUNCTION     0.000    0.005     0  09:10           0     0.00368       0.389
  NBP08-06             JUNCTION     0.717    0.717     0  09:19        6.35        6.35       0.017
  NBP09-01             JUNCTION     1.132    4.213     0  09:19          10        37.4       0.127
  NBP09-02             JUNCTION     2.011    2.011     0  09:19        17.8        17.8      -0.000
  NBP10-01             JUNCTION     1.080    1.080     0  09:19        9.56        9.56      -0.001
  NBP11-01             JUNCTION     0.732   13.123     0  08:44        6.48        99.2       0.136
  NBP11-02             JUNCTION     0.896   10.422     0  09:21        7.93        92.2       0.000
  NBP11-03             JUNCTION     1.670    9.538     0  09:21        14.8        84.2       0.000
  NBP11-04             JUNCTION     1.625    7.876     0  09:21        14.2        69.5       0.000
  NBP11-05             JUNCTION     3.495    6.256     0  09:21        30.5        55.2       0.000
  NBP11-05.1           JUNCTION     0.000    2.778     0  09:20           0        24.8       0.000
  NBP11-06             JUNCTION     0.325    2.785     0  09:19        2.88        24.7      -0.034
  NBP11-07             JUNCTION     0.981    0.981     0  09:19        8.68        8.68       0.000
  NBP12-01             JUNCTION     0.360    1.490     0  09:19        3.19        13.2       0.032
  NBP12-02             JUNCTION     1.131    1.131     0  09:19          10          10      -0.000
  NBP13-01             JUNCTION     1.762   10.893     0  09:29        15.4         103      -0.006
  NBP13-01.1           JUNCTION     0.000    9.131     0  09:32           0        87.6       0.004
  NBP13-01.2           JUNCTION     0.000    9.988     0  09:21           0        88.2      -0.002
  NBP13-02             JUNCTION     0.991    9.988     0  09:21        8.55        88.3       0.019
  NBP13-03             JUNCTION     1.119    9.010     0  09:21         9.9        79.7       0.034
  NBP13-04             JUNCTION     0.314    7.902     0  09:21        2.72        69.8      -0.000
  NBP13-05             JUNCTION     1.406    7.596     0  09:22        12.4        67.1       0.001
  NBP13-06             JUNCTION     1.092    6.168     0  09:21        9.65        54.7       0.000
  NBP13-07             JUNCTION     0.612    5.084     0  09:21        5.35          45       0.001
  NBP13-08             JUNCTION     0.350    4.474     0  09:20        3.09        39.7      -0.000
  NBP13-09             JUNCTION     0.623    4.126     0  09:20        5.37        36.6       0.000
  NBP13-10             JUNCTION     0.170    3.522     0  09:20         1.5        31.2       0.000
  NBP13-11             JUNCTION     0.961    3.354     0  09:19        8.49        29.7       0.001
  NBP13-12             JUNCTION     0.415    1.993     0  09:19        3.67        17.7      -0.002
  NBP13-13             JUNCTION     0.362    1.579     0  09:19         3.2          14       0.006
  NBP13-14             JUNCTION     1.219    1.219     0  09:19        10.8        10.8      -0.010
  NBP14-01             JUNCTION     0.406    0.406     0  09:29        3.55        3.55      -0.003
  NBP15-01             JUNCTION     0.784    0.784     0  09:19        6.91        6.91      -0.010
  NBPC-01              JUNCTION    38.335  554.127     0  09:31         330    5.07e+03       1.287
  NBPC-02              JUNCTION     0.000  517.761     0  09:32           0     4.8e+03       0.865
  NBPC-03              JUNCTION     0.000  517.676     0  09:32           0    4.82e+03       0.644
  NBPC-04              JUNCTION     0.000  517.596     0  09:32           0    4.83e+03       0.438
  NBPC-05              JUNCTION     0.000  517.513     0  09:32           0    4.86e+03       0.430
  NBPC-06              JUNCTION     0.000  517.414     0  09:32           0    4.89e+03       0.368
  NBPC-07              JUNCTION     0.000  510.092     0  09:32           0    4.82e+03       0.350
  NBPC-08              JUNCTION     0.000  509.792     0  09:32           0    4.84e+03       0.333
  NBPC-09              JUNCTION    64.363  505.828     0  09:32         572    4.88e+03       0.366
  NBPC-10              JUNCTION     0.000  209.139     0  09:35           0    2.17e+03       0.658
  NBPC-11              JUNCTION     0.000  208.718     0  09:36           0    2.16e+03       0.529
  NBPC-12              JUNCTION     0.000  208.447     0  09:34           0    2.17e+03       0.517
  NBPC-13              JUNCTION     0.000  204.204     0  09:34           0    2.13e+03       0.526
  NBPC-14              JUNCTION     0.000  203.824     0  09:35           0    2.13e+03       0.440
  NBPC-15              JUNCTION     0.000  203.297     0  09:35           0    2.13e+03       0.426
  NBPC-17              JUNCTION     0.000  201.292     0  09:33           0    2.12e+03       0.352
  NBPC-18              JUNCTION     0.000  201.208     0  09:30           0    2.12e+03       0.348
  NBPC-19              JUNCTION     0.000  200.408     0  09:30           0    2.12e+03       0.312
  NBPC-20              JUNCTION     0.000  200.462     0  09:31           0    2.12e+03       0.294
  NBPC-21              JUNCTION     0.000  200.483     0  09:31           0    2.13e+03       0.292
  NBPC-22              JUNCTION     0.000  187.625     0  09:29           0    2.01e+03       0.264
  NBPC-23              JUNCTION     0.000  187.820     0  09:29           0    2.01e+03       0.241
  NBPC-24              JUNCTION     0.000  188.087     0  09:28           0    2.01e+03       0.176
  NBPC-25              JUNCTION     0.000  188.210     0  09:28           0    2.02e+03       0.144
  NBPC-26              JUNCTION     0.000  188.391     0  09:28           0    2.02e+03       0.166
  NBPC-27              JUNCTION     0.000  188.618     0  09:28           0    2.06e+03       0.208
  NBPC-28              JUNCTION     0.000  120.099     0  09:14           0    1.46e+03       0.311
  NBPC-29              JUNCTION     0.000  121.620     0  09:14           0    1.46e+03       0.340
  NBPC-30              JUNCTION     0.000  131.363     0  09:14           0    1.46e+03       0.353
  NBPC-31              JUNCTION     0.000  188.096     0  09:21           0     1.5e+03       0.307
  NBPC-32              JUNCTION     0.000  393.738     0  09:24           0    2.16e+03       0.080
  NH1-01               JUNCTION     0.000    8.551     0  09:21           0         129       0.163
  NH1-02               JUNCTION     0.000    8.558     0  09:21           0         129       0.004
  NH7                  JUNCTION     0.000    3.070     0  09:24           0        27.5       0.000
  NH7.1                JUNCTION     0.000    6.609     0  09:26           0          88      -0.516
  NHM_006              JUNCTION     0.000   29.774     0  08:26           0         399       0.005
  NHM_010              JUNCTION     0.000   29.420     0  09:43           0         399      -0.005
  NHM_016              JUNCTION    58.369   58.369     0  09:29         503         503       0.008
  NHM_022              JUNCTION     0.000   29.399     0  09:42           0         399       0.000
  NHM_034              JUNCTION     0.000   29.401     0  09:42           0         399       0.000
  NNH01-00             JUNCTION     0.199   47.231     0  09:30        1.76         418      -0.024
  NNH01-01             JUNCTION     0.347    8.903     0  09:32        3.04        70.2       0.002
  NNH01-01.1           JUNCTION     0.000    9.096     0  09:31           0        70.2       0.086
  NNH01-01.2           JUNCTION     0.000    9.079     0  09:31           0        70.2       0.000
  NNH01-01.3           JUNCTION     0.000    9.053     0  09:31           0        70.2       0.000
  NNH01-02             JUNCTION     0.649    8.475     0  09:29        5.75        67.2      -0.030
  NNH01-03             JUNCTION     0.124    4.173     0  09:34         1.1        21.7       0.001
  NNH01-04             JUNCTION     0.231    3.933     0  09:34        2.05        20.6       0.001
  NNH01-05             JUNCTION     0.129    3.642     0  09:34        1.14        18.6       0.001
  NNH01-05.1           JUNCTION     0.000    1.748     0  09:34           0        8.69      -0.000
  NNH01-06             JUNCTION     0.232   40.495     0  09:23        2.06         365      -0.009
  NNH01-07             JUNCTION     0.240   40.315     0  09:23        2.13         362       0.004
  NNH01-07.1           JUNCTION     0.165   40.080     0  09:23        1.46         360      -0.007
  NNH01-09             JUNCTION     0.145   39.911     0  09:23        1.29         359       0.004
  NNH01-10             JUNCTION     0.647   38.924     0  09:22        5.72         350       0.003
  NNH01-11             JUNCTION     0.134   38.234     0  09:23        1.18         344       0.002
  NNH01-12             JUNCTION     0.307   38.127     0  09:21        2.71         343       0.014
  NNH01-13             JUNCTION     0.510   19.324     0  09:24        5.06         174      -0.016
  NNH01-14             JUNCTION     0.272   18.845     0  09:22        2.41         169       0.003
  NNH01-15             JUNCTION     1.575   18.636     0  09:20        13.6         166       0.002
  NNH01-16             JUNCTION     0.555   17.189     0  09:19        4.91         153       0.002
  NNH01-17             JUNCTION     0.768   16.197     0  09:19        6.61         144       0.000
  NNH01-18             JUNCTION     0.189   15.441     0  09:20        1.67         137      -0.001
  NNH01-19             JUNCTION     0.285   15.233     0  09:20        2.52         136       0.001
  NNH01-20             JUNCTION     0.198   13.304     0  09:20        1.95         118      -0.000
  NNH01-21             JUNCTION     0.302    8.891     0  09:30        2.68        77.9       0.001
  NNH01-22             JUNCTION     1.610    6.423     0  09:20        13.9        56.8      -0.106
  NNH01-23             JUNCTION     0.594    3.208     0  09:20        5.17        28.3      -0.000
  NNH01-24             JUNCTION     0.544    2.620     0  09:19        4.68        23.1      -0.047
  NNH01-25             JUNCTION     1.175    2.089     0  09:19        10.2        18.4       0.052
  NNH01-26             JUNCTION     0.027    0.922     0  09:19        0.25        8.19       0.004
  NNH01-27             JUNCTION     0.484    0.895     0  09:19        4.28        7.94      -0.001
  NNH01-28             JUNCTION     0.074    0.412     0  09:19        0.66        3.66      -0.001
  NNH01-29             JUNCTION     0.339    0.339     0  09:19           3           3      -0.001
  NNH02-01             JUNCTION     0.173    4.481     0  09:19        1.54        39.8       0.090
  NNH02-02             JUNCTION     0.480    0.480     0  09:19        4.25        4.25      -0.000
  NNH03-01             JUNCTION     0.080    2.152     0  09:19       0.704          19      -0.000
  NNH03-02             JUNCTION     0.071    2.073     0  09:19       0.633        18.3       0.000
  NNH03-03             JUNCTION     2.002    2.002     0  09:19        17.7        17.7      -0.000
  NNH04-01             JUNCTION     0.119    1.686     0  09:19        1.05          15       0.007
  NNH04-02             JUNCTION     0.586    1.569     0  09:19        5.19        13.9      -0.010
  NNH04-03             JUNCTION     0.126    0.984     0  09:19        1.12        8.73       0.003
  NNH04-04             JUNCTION     0.860    0.860     0  09:19        7.61        7.61      -0.001
  NNH05-01             JUNCTION     0.530    0.887     0  09:19        4.69        7.87       0.006
  NNH05-02             JUNCTION     0.122    0.357     0  09:19        1.08        3.18      -0.018
  NNH05-03             JUNCTION     0.237    0.237     0  09:19         2.1         2.1      -0.001
  NNH06-01             JUNCTION     0.032    0.032     0  09:19        0.28        0.28       0.026
  NNH07-01             JUNCTION     1.143   18.576     0  09:20        10.1         166      -0.001
  NNH07-02             JUNCTION     0.675   16.437     0  09:20        5.98         147      -0.000
  NNH07-03             JUNCTION     0.572   15.785     0  09:20        5.08         141      -0.001
  NNH07-04             JUNCTION     0.549   14.459     0  09:20        4.86         129       0.001
  NNH07-05             JUNCTION     0.493   14.684     0  09:20        4.36         124      -0.001
  NNH07-06             JUNCTION     1.423   13.431     0  09:20        12.6         120       0.001
  NNH07-07             JUNCTION     0.229   12.027     0  09:20        2.03         107      -0.000
  NNH07-08             JUNCTION     1.247   11.824     0  09:19          11         105      -0.000
  NNH07-09             JUNCTION     0.124   10.568     0  09:19         1.1        93.9      -0.000
  NNH07-10             JUNCTION     0.064    3.128     0  09:20       0.566          27       0.003
  NNH07-11             JUNCTION     0.266    2.985     0  09:19        2.35        26.5       0.014
  NNH07-12             JUNCTION     0.300    2.724     0  09:19        2.66        24.1       0.006
  NNH07-13             JUNCTION     0.637    2.426     0  09:19        5.63        21.5      -0.009
  NNH07-14             JUNCTION     1.789    1.789     0  09:19        15.8        15.8      -0.000
  NNH08-01             JUNCTION     0.130    1.051     0  09:19        1.18        9.34       0.027
  NNH08-02             JUNCTION     0.316    0.921     0  09:19         2.8        8.17      -0.000
  NNH08-03             JUNCTION     0.605    0.605     0  09:19        5.37        5.37      -0.001
  NNH09-01             JUNCTION     0.784    0.784     0  09:19        6.94        6.94      -0.000
  NNH10-01             JUNCTION     3.987    7.413     0  09:19        35.2        65.8       0.001
  NNH10-02             JUNCTION     1.051    2.167     0  09:19        9.31        19.2      -0.000
  NNH10-03             JUNCTION     0.896    1.121     0  09:19        7.93        9.93       0.009
  NNH10-04             JUNCTION     0.225    0.225     0  09:19           2           2      -0.051
  NNH11-01             JUNCTION     0.190    1.269     0  09:19        1.68        11.3      -0.002
  NNH11-02             JUNCTION     0.203    1.083     0  09:19         1.8         9.6       0.013
  NNH11-03             JUNCTION     0.206    0.882     0  09:19        1.81         7.8      -0.020
  NNH11-04             JUNCTION     0.676    0.676     0  09:19        5.99        5.99       0.006
  NNH12-01             JUNCTION     0.103    0.412     0  09:19       0.921        3.67       0.029
  NNH12-02             JUNCTION     0.310    0.310     0  09:19        2.75        2.75      -0.004
  NNH13-01             JUNCTION     0.019    0.019     0  09:19       0.176       0.176       0.261
  NNH14-01             JUNCTION     1.479    1.670     0  09:19        13.1        14.8      -0.039
  NNH14-02             JUNCTION     0.191    0.191     0  09:19        1.69        1.69       0.089
  NNH15-01             JUNCTION     0.011    4.402     0  09:17       0.104        38.4      -0.001
  NNH15-02             JUNCTION     0.125    4.321     0  09:19        1.11        38.3       0.004
  NNH15-03             JUNCTION     0.435    4.196     0  09:19        3.85        37.2      -0.016
  NNH15-04             JUNCTION     0.556    3.764     0  09:19        4.93        33.4       0.019
  NNH15-05             JUNCTION     0.214    3.211     0  09:19         1.9        28.4       0.001
  NNH15-06             JUNCTION     0.333    0.746     0  09:19        2.95         6.6      -0.015
  NNH15-07             JUNCTION     0.414    0.414     0  09:19        3.65        3.65       0.013
  NNH16-01             JUNCTION     2.255    2.255     0  09:19        19.9        19.9      -0.001
  NNH17-01             JUNCTION     1.245    2.075     0  09:19          11        18.4      -0.010
  NNH17-02             JUNCTION     0.832    0.832     0  09:19        7.37        7.37       0.025
  NNH18-01             JUNCTION     0.112    1.642     0  09:19       0.988        14.6       0.413
  NNH18-02             JUNCTION     0.110    1.532     0  09:19       0.982        13.7       0.079
  NNH18-03             JUNCTION     0.171    1.423     0  09:19        1.52        12.7      -0.004
  NNH18-04             JUNCTION     0.060    1.256     0  09:19       0.534        11.2      -0.003
  NNH18-05             JUNCTION     0.446    1.196     0  09:19        3.95        10.6       0.002
  NNH18-06             JUNCTION     0.646    0.754     0  09:19        5.71        6.67       0.011
  NNH18-07             JUNCTION     0.108    0.108     0  09:19       0.959       0.959      -0.054
  NSC01-01             JUNCTION     0.280   27.695     0  09:28        2.48         228       0.030
  NSC01-02             JUNCTION     0.172   24.023     0  09:23         1.5         215       0.002
  NSC01-03             JUNCTION     1.019   23.850     0  09:22           9         214       0.001
  NSC01-04             JUNCTION     0.395   22.825     0  09:22         3.5         205       0.001
  NSC01-05             JUNCTION     0.073   22.432     0  09:22       0.644         201       0.000
  NSC01-06             JUNCTION     0.428   22.360     0  09:21        3.79         201      -0.001
  NSC01-07             JUNCTION     0.327   35.085     0  09:21        2.82         311       0.001
  NSC01-07.1           JUNCTION     0.000   13.669     0  09:22           0         121       0.001
  NSC01-08             JUNCTION     0.320   13.659     0  09:21        2.83         121       0.000
  NSC01-09             JUNCTION     0.521   13.338     0  09:21        4.61         118       0.001
  NSC01-10             JUNCTION     1.697   12.824     0  09:21        14.8         114       0.000
  NSC01-11             JUNCTION     0.239   11.137     0  09:20        2.11        98.9       0.001
  NSC01-11.1           JUNCTION     0.000   11.137     0  09:21           0        98.9      -0.000
  NSC01-12             JUNCTION     1.000   10.904     0  09:20        8.86        96.8      -0.000
  NSC01-13             JUNCTION     0.099    9.911     0  09:20       0.877        87.9       0.002
  NSC01-14             JUNCTION     1.835    9.816     0  09:20        16.2          87      -0.000
  NSC01-15             JUNCTION     0.452    7.994     0  09:20           4        70.8       0.001
  NSC01-16             JUNCTION     1.644    7.545     0  09:19        14.5        66.8       0.006
  NSC01-17             JUNCTION     0.621    5.905     0  09:19         5.5        52.3       0.000
  NSC01-18             JUNCTION     0.096    5.290     0  09:19       0.854        46.8      -0.001
  NSC01-19             JUNCTION     0.819    5.199     0  09:19        7.25        45.9       0.001
  NSC01-20             JUNCTION     0.055    4.384     0  09:19       0.496        38.7       0.000
  NSC01-21             JUNCTION     3.570    4.331     0  09:19        31.1        38.2       0.000
  NSC01-22             JUNCTION     0.789    0.789     0  09:19        7.09        7.09      -0.001
  NSC02-01             JUNCTION     0.429    3.060     0  09:19        3.79        27.1      -0.024
  NSC02-02             JUNCTION     0.053    2.632     0  09:19       0.472        23.3       0.001
  NSC02-03             JUNCTION     0.193    2.583     0  09:19        1.71        22.8       0.021
  NSC02-04             JUNCTION     0.152    0.152     0  09:19        1.35        1.35      -0.057
  NSC03-01             JUNCTION     0.773    0.773     0  09:19        6.81        6.81      -0.008
  NSC04-01             JUNCTION     1.466    1.466     0  09:19          13          13       0.001
  NSC05-01             JUNCTION     0.391    2.850     0  09:19        3.46        25.4       0.045
  NSC05-02             JUNCTION     0.344    2.464     0  09:19        3.04        21.9      -0.000
  NSC05-03             JUNCTION     0.638    2.123     0  09:19        5.64        18.9       0.038
  NSC05-04             JUNCTION     0.429    1.487     0  09:19         3.8        13.2      -0.000
  NSC05-05             JUNCTION     0.136    1.062     0  09:19        1.21        9.45       0.000
  NSC05-06             JUNCTION     0.359    0.928     0  09:19        3.18        8.24       0.001
  NSC05-07             JUNCTION     0.258    0.571     0  09:19        2.29        5.06      -0.000
  NSC05-08             JUNCTION     0.314    0.314     0  09:19        2.78        2.78      -0.000
  NSC06-01             JUNCTION     0.938   21.132     0  09:20        8.27         187      -0.004
  NSC06-02             JUNCTION     1.832   17.692     0  09:20        16.1         156       0.001
  NSC06-03             JUNCTION     0.042   15.851     0  09:20       0.372         140       0.000
  NSC06-04             JUNCTION     0.301   15.812     0  09:20        2.67         140      -0.007
  NSC06-05             JUNCTION     4.455    4.455     0  09:19        39.3        39.3      -0.000
  NSC07-01             JUNCTION     0.068    2.523     0  09:19       0.602        22.3       0.069
  NSC07-02             JUNCTION     0.150    2.455     0  09:19        1.33        21.7       0.000
  NSC07-03             JUNCTION     0.280    1.700     0  09:19        2.48          15      -0.000
  NSC07-04             JUNCTION     1.420    1.420     0  09:19        12.6        12.6       0.000
  NSC08-01             JUNCTION     2.314   11.057     0  09:19        20.4        97.9       0.013
  NSC08-02             JUNCTION     1.241    8.757     0  09:19          11        77.4      -0.000
  NSC08-03             JUNCTION     7.519    7.519     0  09:19        66.5        66.5       0.000
  NSC09-01             JUNCTION     0.072    0.607     0  09:19       0.639        5.36       0.002
  NSC09-02             JUNCTION     0.535    0.535     0  09:19        4.72        4.72      -0.003
  NSC10-00             JUNCTION     0.262   35.120     0  09:29        2.31         306       0.008
  NSC10-01             JUNCTION     0.839   34.304     0  09:21        7.43         304       0.001
  NSC10-02             JUNCTION     0.204   33.485     0  09:21        1.81         297       0.000
  NSC10-03             JUNCTION     0.184   33.330     0  09:21        1.63         295      -0.001
  NSC10-04             JUNCTION     3.231   33.258     0  09:20        28.6         293      -0.001
  NSC10-05             JUNCTION     0.394   27.520     0  09:21        3.48         244       0.000
  NSC10-06             JUNCTION     1.816   27.133     0  09:20          16         240      -0.043
  NSC10-07             JUNCTION     0.558   15.713     0  09:20        4.94         139      -0.000
  NSC10-08             JUNCTION     0.382   15.162     0  09:20        3.37         134       0.003
  NSC10-09             JUNCTION     0.603   14.540     0  09:20        5.33         128       0.000
  NSC10-10             JUNCTION     2.063   13.937     0  09:20        18.2         123      -0.000
  NSC10-11             JUNCTION     0.687   11.870     0  09:20        6.09         105       0.000
  NSC10-12             JUNCTION     1.039   11.191     0  09:20        9.17        98.9       0.001
  NSC10-13             JUNCTION     0.576   10.150     0  09:19         5.1        89.7      -0.001
  NSC10-14             JUNCTION     0.373    9.574     0  09:19         3.3        84.6       0.001
  NSC10-15             JUNCTION     0.675    9.202     0  09:19        5.97        81.3       0.001
  NSC10-16             JUNCTION     0.418    8.533     0  09:19         3.7        75.4      -0.001
  NSC10-17             JUNCTION     8.112    8.112     0  09:19        71.7        71.7      -0.000
  NSC11-01             JUNCTION     1.107    2.354     0  09:19        9.79        20.9       0.027
  NSC11-02             JUNCTION     0.506    1.251     0  09:19        4.48        11.1       0.008
  NSC11-03             JUNCTION     0.259    0.746     0  09:19         2.3        6.63      -0.009
  NSC11-04             JUNCTION     0.213    0.488     0  09:19        1.89        4.33      -0.007
  NSC11-05             JUNCTION     0.275    0.275     0  09:19        2.44        2.44      -0.001
  NSC12-01             JUNCTION     0.474    9.624     0  09:19        4.19        85.3       0.112
  NSC12-02             JUNCTION     0.560    7.516     0  09:19        4.96        66.5      -0.004
  NSC12-03             JUNCTION     0.741    6.966     0  09:19        6.54        61.5      -0.114
  NSC12-04             JUNCTION     0.244    6.230     0  09:19        2.13          55       0.138
  NSC12-05             JUNCTION     5.989    5.989     0  09:19        52.9        52.9       0.000
  NSC13-01             JUNCTION     0.505    1.640     0  09:19        4.46        14.6       0.001
  NSC13-02             JUNCTION     0.892    1.142     0  09:19        7.89        10.1      -0.153
  NSC13-03             JUNCTION     0.251    0.251     0  09:19        2.23        2.23       0.307
  NSC14-01             JUNCTION     0.253    0.253     0  09:19        2.25        2.25      -0.168
  NSC15-00.1           JUNCTION     0.000    2.405     0  09:31           0        21.4       0.373
  NSC15-00.2           JUNCTION     0.000    9.499     0  09:25           0         139       0.047
  NSC15-00.3           JUNCTION     0.000    9.390     0  09:22           0         128       0.007
  NSC15-01             JUNCTION     1.731    9.400     0  09:21        15.3         128       0.010
  NSC15-02             JUNCTION     1.479    7.703     0  09:20        13.1         113       0.013
  NSC15-03             JUNCTION     0.948    6.237     0  09:20         8.4        99.4       0.021
  NSC15-04             JUNCTION     1.930    5.312     0  09:19        17.1          91       0.007
  NSC15-05             JUNCTION     1.023    3.488     0  09:18        9.06          74       0.006
  NSC15-06             JUNCTION     0.617   87.814     0  09:31        5.45         595       0.021
  NSC15-06.1           JUNCTION     0.000   70.024     0  09:32           0         582      -0.021
  NSC15-07             JUNCTION     0.252   66.863     0  09:22        2.24         582      -0.107
  NSC15-08             JUNCTION     0.912   66.402     0  09:31        8.05         603      -0.019
  NSC16-01             JUNCTION     0.810    0.810     0  09:19        7.17        7.17       0.136
  NSC16-02             JUNCTION     1.080    6.780     0  09:20        9.56        60.2       0.002
  NSC16-03             JUNCTION     1.256    5.717     0  09:19        11.1        50.6      -0.006
  NSC16-04             JUNCTION     0.057    0.203     0  09:19       0.508        1.82       0.177
  NSC16-05             JUNCTION     0.146    0.146     0  09:19        1.31        1.31      -0.001
  NSC17-01             JUNCTION     4.268    4.268     0  09:19        37.7        37.7       0.001
  NSC18-01             JUNCTION     0.053    0.348     0  10:25       0.468        2.75       0.220
  NSC18-02             JUNCTION     0.153    0.321     0  10:25        1.36        2.28       0.120
  NSC18-03             JUNCTION     0.102    0.154     0  09:55       0.906       0.914      -0.052
  NSC19-01             JUNCTION     0.109   30.527     0  09:23       0.964         289      -0.001
  NSC19-02             JUNCTION     0.045   30.452     0  09:23       0.399         261       0.000
  NSC19-03             JUNCTION     0.424   30.546     0  09:27        3.75         261       0.001
  NSC19-04             JUNCTION     0.098   29.687     0  09:19       0.871         257       0.002
  NSC19-05             JUNCTION     0.503   29.263     0  09:26        4.45         256       0.001
  NSC19-06             JUNCTION     0.891   28.935     0  09:22        7.89         252      -0.000
  NSC19-07             JUNCTION     0.864   28.024     0  09:22        7.65         244       0.001
  NSC19-08             JUNCTION     1.429   27.110     0  09:21        12.6         236       0.000
  NSC19-09             JUNCTION     1.202   25.639     0  09:21        10.6         224       0.070
  NSC19-10             JUNCTION     0.395    7.015     0  09:19         3.5          62       0.000
  NSC19-11             JUNCTION     3.628    6.626     0  09:19          32        58.5      -0.000
  NSC19-12             JUNCTION     3.000    3.000     0  09:19        26.6        26.6      -0.000
  NSC20-01             JUNCTION     1.590   17.492     0  09:21        14.1         151      -0.167
  NSC20-02             JUNCTION     0.880   15.987     0  09:21        7.78         137       0.001
  NSC20-03             JUNCTION     0.131   15.059     0  09:20        1.16         129       0.000
  NSC20-04             JUNCTION     0.439   14.854     0  09:20        3.89         128      -0.006
  NSC20-05             JUNCTION     0.163   12.553     0  09:20        1.45         106       0.000
  NSC20-06             JUNCTION     0.331   12.352     0  09:19        2.94         105       0.001
  NSC20-07             JUNCTION     0.500   12.196     0  09:21        4.41         102      -0.001
  NSC20-08             JUNCTION     0.174   13.007     0  09:27        1.54        97.3      -0.008
  NSC20-09             JUNCTION     0.997   10.985     0  09:19        8.78        95.7      -0.020
  NSC20-10             JUNCTION     5.985    5.985     0  09:19        52.8        52.8       0.000
  NSC21-01             JUNCTION     0.242    3.900     0  09:20        2.14        34.1       0.086
  NSC21-02             JUNCTION     0.567    1.960     0  09:19        5.02        17.4      -0.008
  NSC21-03             JUNCTION     0.423    1.395     0  09:19        3.75        12.4      -0.005
  NSC21-04             JUNCTION     0.119    0.973     0  09:19        1.06        8.65       0.003
  NSC21-05             JUNCTION     0.167    0.854     0  09:19         1.5        7.59      -0.000
  NSC21-06             JUNCTION     0.688    0.688     0  09:19        6.09        6.09      -0.000
  NSC22-01             JUNCTION     1.651    1.651     0  09:19        14.6        14.6       0.000
  NSC23-01             JUNCTION     0.124    2.007     0  09:19        1.11        17.8       0.062
  NSC23-02             JUNCTION     0.622    1.885     0  09:19        5.51        16.7       0.000
  NSC23-03             JUNCTION     0.318    1.264     0  09:19        2.82        11.2      -0.000
  NSC23-04             JUNCTION     0.947    0.947     0  09:19         8.4         8.4      -0.000
  NSR01-00             JUNCTION     0.047    0.229     0  01:09       0.422       0.501       0.000
  NSR01-01             JUNCTION     1.494    1.536     0  09:29          13        13.6       0.699
  NSR01-02             JUNCTION     1.849    3.374     0  09:19        16.3        29.7       0.202
  NSR01-03             JUNCTION     0.642   11.222     0  09:20        5.68        99.1      -0.013
  NSR01-05             JUNCTION     0.476    7.209     0  09:20        4.22        63.9       0.000
  NSR01-06             JUNCTION     0.372    6.739     0  09:19        3.29        59.7      -0.000
  NSR01-07             JUNCTION     1.174    6.362     0  09:19        10.4        56.4       0.001
  NSR01-08             JUNCTION     3.226    5.192     0  09:19        28.5          46      -0.001
  NSR01-09             JUNCTION     0.180    1.970     0  09:19         1.6        17.5       0.088
  NSR01-10             JUNCTION     0.050    1.793     0  09:19       0.447        15.9       0.010
  NSR01-11             JUNCTION     1.744    1.744     0  09:19        15.4        15.4      -0.002
  NSR02-02             JUNCTION     0.512   14.405     0  09:20        4.52         127       0.003
  NSR02-03             JUNCTION     0.333   13.893     0  09:20        2.95         123       0.020
  NSR02-04             JUNCTION     0.109    2.346     0  09:19       0.965        20.8       0.000
  NSR02-05             JUNCTION     2.239    2.239     0  09:19        19.8        19.8       0.000
  NTP00                JUNCTION     0.000   72.907     0  09:29           0         593       0.027
  NTP01                JUNCTION     0.000   71.041     0  09:27           0         599       0.468
  NYS01-02             JUNCTION     0.679   35.204     0  09:23        5.91         302      -0.006
  NYS01-02.1           JUNCTION     0.000   17.915     0  09:26           0         198       0.048
  NYS01-02.2           JUNCTION     0.000   19.536     0  09:24           0         188       0.056
  NYS01-02.3           JUNCTION     0.000   39.404     0  10:19           0         181       0.085
  NYS01-02.4           JUNCTION     0.000   31.914     0  08:33           0         228      -0.084
  NYS0102.5            JUNCTION     0.000   40.737     0  10:19           0         195       0.082
  NYS01-02.6           JUNCTION     0.000   30.892     0  10:18           0         122       0.078
  NYS01-02.7           JUNCTION     0.000   36.636     0  09:53           0         261      -0.063
  NYS01-02.8           JUNCTION     0.000   31.466     0  09:52           0         117       0.138
  NYS01-03             JUNCTION     0.025   27.431     0  09:25       0.224         214       0.010
  NYS01-03.1           JUNCTION     0.000   16.371     0  09:23           0         141       0.424
  NYS01-04             JUNCTION     2.401   34.668     0  09:23        20.9         298      -0.001
  NYS01-05             JUNCTION     0.728   31.722     0  09:22        6.41         277       0.002
  NYS01-06             JUNCTION     0.527   30.985     0  09:22        4.66         270      -0.001
  NYS01-07             JUNCTION     1.114   29.463     0  09:22         9.7         257       0.001
  NYS01-08             JUNCTION     0.177   35.541     0  09:21        1.57         316       0.028
  NYS01-09             JUNCTION     2.050   19.302     0  09:21        17.7         171       0.002
  NYS01-10             JUNCTION     0.449   17.289     0  09:21        3.97         153       0.001
  NYS01-11             JUNCTION     0.361   16.842     0  09:21        3.16         149       0.000
  NYS01-12             JUNCTION     0.489   16.486     0  09:20        4.33         146      -0.009
  NYS01-13             JUNCTION     0.255   14.440     0  09:20        2.26         127       0.001
  NYS01-14             JUNCTION     0.273    4.832     0  09:20        2.42        42.9       0.003
  NYS01-15             JUNCTION     0.533    4.567     0  09:19        4.72        40.5       0.000
  NYS01-16             JUNCTION     0.387    4.038     0  09:19        3.43        35.8      -0.000
  NYS01-17             JUNCTION     0.146    3.653     0  09:19        1.29        32.3      -0.002
  NYS01-18             JUNCTION     0.235    3.030     0  09:19        2.08        26.8       0.001
  NYS01-19             JUNCTION     1.426    1.426     0  09:29        12.5        12.5      -0.000
  NYS02-00             JUNCTION     0.172    4.286     0  09:19         1.5          39       0.150
  NYS02-01             JUNCTION     0.884    4.116     0  09:19        7.83        36.6       0.067
  NYS02-02             JUNCTION     0.087    2.155     0  09:19       0.775        19.1       0.006
  NYS02-03             JUNCTION     0.962    2.068     0  09:19        8.51        18.4      -0.007
  NYS02-04             JUNCTION     0.155    1.108     0  09:19        1.37        9.86       0.000
  NYS02-05             JUNCTION     0.868    0.958     0  09:19        7.68        8.49      -0.044
  NYS02-06             JUNCTION     0.090    0.090     0  09:19       0.804       0.804       0.004
  NYS03-01             JUNCTION     1.085    1.085     0  09:19         9.6         9.6      -0.001
  NYS05-00             JUNCTION     0.420    9.002     0  09:20        3.68         105      -0.167
  NYS05-02             JUNCTION     0.249    1.840     0  09:19        2.21        16.4       0.041
  NYS05-03             JUNCTION     0.078    1.593     0  09:19       0.695        14.2       0.003
  NYS05-04             JUNCTION     0.033    1.514     0  09:19       0.296        13.5      -0.023
  NYS05-05             JUNCTION     0.192    1.481     0  09:19         1.7        13.2       0.041
  NYS05-06             JUNCTION     0.353    1.292     0  09:19        3.13        11.5       0.002
  NYS05-07             JUNCTION     0.396    0.939     0  09:19        3.51        8.34      -0.004
  NYS05-08             JUNCTION     0.369    0.545     0  09:19        3.26        4.84       0.009
  NYS05-09             JUNCTION     0.089    0.177     0  09:19       0.791        1.57      -0.028
  NYS05-10             JUNCTION     0.044    0.088     0  09:19       0.394       0.783      -0.004
  NYS05-11             JUNCTION     0.044    0.044     0  09:19       0.389       0.389      -0.002
  NYS06-01             JUNCTION     0.028    0.028     0  09:19       0.249       0.249       0.993
  NYS07-01             JUNCTION     0.224    1.025     0  09:19        1.99         9.1       0.050
  NYS07-02             JUNCTION     0.803    0.803     0  09:19        7.11        7.11      -0.002
  NYS08-02             JUNCTION     2.084   13.180     0  09:21        18.4         117       0.002
  NYS08-03             JUNCTION     0.033   11.099     0  09:21       0.295        98.8       0.000
  NYS08-04             JUNCTION     0.043   11.079     0  09:20       0.376        98.5       0.001
  NYS08-05             JUNCTION     0.271   11.031     0  09:20         2.4        98.1       0.002
  NYS08-06             JUNCTION     0.422   10.762     0  09:20        3.73        95.7       0.001
  NYS08-07             JUNCTION     1.037   10.345     0  09:20        9.18          92       0.000
  NYS08-08             JUNCTION     1.409    9.318     0  09:20        12.5        82.8      -0.000
  NYS08-09             JUNCTION     0.962    7.923     0  09:19        8.52        70.3      -0.000
  NYS08-10             JUNCTION     0.350    6.966     0  09:19         3.1        61.8      -0.001
  NYS08-11             JUNCTION     2.475    4.315     0  09:19        21.9        38.2       0.053
  NYS08-12             JUNCTION     1.845    1.845     0  09:19        16.3        16.3      -0.000
  NYS09-01             JUNCTION     0.040    0.671     0  09:19       0.354        5.95       0.001
  NYS09-02             JUNCTION     0.632    0.632     0  09:19         5.6         5.6      -0.003
  NYS10-01             JUNCTION     0.567    1.639     0  09:19        5.02        14.5       0.009
  NYS10-02             JUNCTION     1.074    1.074     0  09:19        9.51        9.51       0.000
  NYS11-01             JUNCTION     0.726    1.581     0  09:19        6.42          14      -0.038
  NYS11-02             JUNCTION     0.126    0.857     0  09:19        1.12        7.61       0.011
  NYS11-03             JUNCTION     0.240    0.732     0  09:19        2.12        6.49      -0.001
  NYS11-04             JUNCTION     0.493    0.493     0  09:19        4.37        4.37      -0.000
  NYS12-01             JUNCTION     0.215    9.358     0  09:29        1.92        82.3       0.001
  NYS12-02             JUNCTION     5.966    9.165     0  09:29        51.7        80.4       0.000
  NYS12-03             JUNCTION     1.297    3.253     0  09:19        11.4        28.7       0.000
  NYS12-04             JUNCTION     1.232    1.960     0  09:19        10.8        17.3       0.000
  NYS12-05             JUNCTION     0.515    0.731     0  09:19        4.57        6.49      -0.000
  NYS12-06             JUNCTION     0.217    0.217     0  09:19        1.92        1.92      -0.001
  NYS13-01             JUNCTION     0.054    0.879     0  08:17        0.48        8.32       0.001
  NYS13-02             JUNCTION     0.030    0.227     0  09:23       0.264        2.07       0.065
  NYS13-03             JUNCTION     0.033    0.199     0  09:23       0.291        1.81      -0.017
  NYS13-04             JUNCTION     0.044    0.167     0  09:23       0.389        1.51       0.021
  NYS13-05             JUNCTION     0.027    0.126     0  09:21       0.235        1.12      -0.587
  NYS13-06             JUNCTION     0.029    0.099     0  09:20       0.257       0.892       0.840
  NYS13-07             JUNCTION     0.044    0.076     0  09:19       0.387       0.637       0.228
  NYS13-08             JUNCTION     0.028    0.028     0  09:19       0.249       0.249      -0.430
  NYS14-01             JUNCTION     0.147    0.525     0  09:19         1.3        4.69       0.074
  NYS14-02             JUNCTION     0.162    0.381     0  09:19        1.43        3.38      -0.319
  NYS14-03             JUNCTION     0.220    0.220     0  09:19        1.95        1.95       0.253
  NYS15-01             JUNCTION     0.022    2.131     0  09:19       0.197        18.7       0.013
  NYS15-02             JUNCTION     0.039    2.149     0  09:19       0.344        18.5       0.000
  NYS15-03             JUNCTION     0.483    2.057     0  09:20        4.26        18.2       0.007
  NYS16-01             JUNCTION     0.018    0.479     0  09:19        0.16        4.27       0.011
  NYS16-02             JUNCTION     0.071    0.461     0  09:19       0.633        4.11      -0.000
  NYS16-03             JUNCTION     0.119    0.391     0  09:19        1.06        3.47      -0.072
  NYS16-04             JUNCTION     0.273    0.273     0  09:19        2.41        2.41      -0.074
  NYS17-01             JUNCTION     1.378    1.378     0  09:19        12.2        12.2      -0.002
  NYS18-01             JUNCTION     0.527    1.571     0  09:19        4.67        13.9      -0.014
  NYS18-02             JUNCTION     1.046    1.046     0  09:19        9.24        9.24      -0.002
  NYS90                JUNCTION     0.000   33.756     0  09:26           0         317       0.066
  NYS92-01             JUNCTION     0.000   26.454     0  09:25           0         257       0.018
  NYS92-01.1           JUNCTION     0.000   20.888     0  09:26           0         217       0.047
  NYS95-00             JUNCTION     0.000   33.756     0  09:26           0         308      -0.057
  NYS95-01             JUNCTION     0.000   33.757     0  09:26           0         308      -0.026
  NYS96-1.2            JUNCTION     0.000   17.947     0  09:27           0         179       0.027
  NYS96-2.2            JUNCTION     0.000   15.823     0  09:26           0         130      -0.000
  NYS99-02             JUNCTION     0.000    0.507     0  01:32           0         1.1       0.007
  NYS99-03             JUNCTION     0.000    0.203     0  01:32           0       0.224       0.041
  NYS99-04             JUNCTION     0.000    0.000     0  00:00           0           0       0.000 ltr
  NYS99-05             JUNCTION     0.000    0.000     0  00:00           0           0       0.000 ltr
  NYS99-06             JUNCTION     0.000    0.467     0  08:00           0       0.906      -3.263
  ooooo                JUNCTION     0.000   76.643     0  09:30           0         530       0.178
  SDCM_001             JUNCTION     0.000   29.399     0  09:42           0         399      -0.004
  SDCM_003             JUNCTION     0.000   29.399     0  09:43           0         399       0.003
  SDCM_004             JUNCTION     0.000   29.399     0  09:43           0         399       0.027
  SDCM_006             JUNCTION    30.379   59.775     0  09:29         263         662       0.000
  SDCM_007             JUNCTION     0.000   59.766     0  09:29           0         662       0.001
  SDCM_008             JUNCTION     0.000   59.766     0  09:29           0         662      -0.000
  SDCM_009             JUNCTION     0.000   59.767     0  09:29           0         662       0.000
  SDCM_010             JUNCTION     3.453   63.019     0  09:29        30.6         692       0.000
  SDCM_011             JUNCTION     0.000   63.017     0  09:29           0         692       0.000
  SDCM_012             JUNCTION     0.000   63.013     0  09:29           0         692       0.001
  SDCM_013             JUNCTION     0.000   63.025     0  09:28           0         692      -0.000
  SDCM_014             JUNCTION     0.000   62.990     0  09:29           0         692       0.001
  SDCM_016             JUNCTION     0.000   62.974     0  09:29           0         692      -0.009
  SDCM_016_1           JUNCTION     6.142  239.611     0  08:49        54.1         966      -0.570
  SDCM_017             JUNCTION     0.000  299.410     0  08:47           0         962      -0.736
  SDCM_017_1           JUNCTION     0.000   78.881     0  09:42           0         750      -0.092
  SDCM_020             JUNCTION    33.179  101.519     0  09:29         286    1.03e+03      -0.005
  SDCM_020_2           JUNCTION     0.000  100.340     0  09:32           0    1.03e+03      -0.004
  SDCM_023             JUNCTION     0.000   99.809     0  09:29           0    1.03e+03      -0.005
  SDCM_024             JUNCTION     0.000  107.821     0  09:15           0    1.03e+03       0.001
  SDCM_025             JUNCTION     0.000  100.426     0  09:28           0    1.04e+03       0.074
  SDCM_026             JUNCTION    49.040  148.594     0  09:27         422    1.46e+03       0.033
  SDCM_026_1           JUNCTION     0.000  148.339     0  09:27           0    1.46e+03       0.074
  SDCM_027             JUNCTION     0.000  148.544     0  09:30           0    1.46e+03       0.084
  SDCM_028             JUNCTION     0.000  148.384     0  09:31           0    1.46e+03       0.186
  SDCM_031             JUNCTION     0.000  148.247     0  09:31           0    1.51e+03       0.214
  SDCM_032             JUNCTION    55.186  232.910     0  08:33         482    2.24e+03       0.162
  SDCM_033             JUNCTION     0.000  289.974     0  08:43           0    2.26e+03       0.195
  SDCM_034             JUNCTION     0.000  227.234     0  09:28           0    2.03e+03       0.275
  SDCM_035             JUNCTION     0.000  206.277     0  09:29           0    1.96e+03       0.399
  SDCM_036             JUNCTION     0.000  202.993     0  09:30           0    1.94e+03       0.425
  SDCM_037             JUNCTION     0.000  202.528     0  09:30           0    1.93e+03       0.595
  SDCM_038             JUNCTION     0.000  202.722     0  09:31           0    1.93e+03       0.585
  SDCM_039             JUNCTION    33.379  235.204     0  09:31         291    2.22e+03       0.242
  SDCM_039_1           JUNCTION     0.000  235.241     0  09:31           0     2.2e+03       0.174
  Temp                 JUNCTION     0.000  201.718     0  09:33           0    2.12e+03       0.380
  NBPC-00              OUTFALL      1.616  555.775     0  09:30        14.4       5e+03       0.000
  Str_BP               STORAGE      0.000   71.300     0  08:56           0         293      18.133
  Str_Sc               STORAGE      0.000   27.104     0  08:33           0         284       0.208
  Str_SR               STORAGE      0.000   14.405     0  09:20           0         127       0.057
  Str_SP               STORAGE      0.000   37.663     0  09:25           0         347       2.221
  
  
  **********************
  Node Surcharge Summary
  **********************
  
  Surcharging occurs when water rises above the top of the highest conduit.
  ---------------------------------------------------------------------
                                               Max. Height   Min. Depth
                                   Hours       Above Crown    Below Rim
  Node                 Type      Surcharged         Meters       Meters
  ---------------------------------------------------------------------
  MH2018               JUNCTION        3.25          0.300        0.000
  MH2020               JUNCTION        2.98          0.300        0.000
  NBC16-05             JUNCTION        0.37          0.177        1.603
  NBC16-06             JUNCTION        0.32          0.179        1.591
  NBP01-01             JUNCTION       30.02          1.672        2.458
  NBP01-03             JUNCTION       30.03          1.624        0.966
  NBP01-04             JUNCTION       30.04          2.786        3.874
  NBP01-05             JUNCTION       29.99          2.122        8.358
  NBP01-06             JUNCTION       29.82          0.340        0.000
  NBP01-07             JUNCTION       29.80          0.430        0.000
  NBP01-08             JUNCTION       29.09          0.589        1.341
  NBP01-09             JUNCTION        1.89          1.785        2.255
  NBP01-10             JUNCTION        1.16          1.492        4.658
  NBP01-11             JUNCTION       30.55          2.553        3.917
  NBP01-12             JUNCTION        2.46          1.760        0.000
  NBP01-13             JUNCTION        1.34          0.650        0.000
  NBP01-14             JUNCTION        1.51          1.583        0.257
  NBP01-14.1           JUNCTION        1.43          1.590        0.000
  NBP01-15             JUNCTION        1.41          1.694        0.246
  NBP01-16             JUNCTION        1.41          1.960        0.000
  NBP01-17             JUNCTION        1.39          1.982        0.078
  NBP01-18             JUNCTION        1.38          1.839        0.301
  NBP01-19             JUNCTION        1.39          1.027        2.603
  NBP01-20             JUNCTION        0.98          0.254        3.506
  NBP01-20.1           JUNCTION        1.40          1.000        3.490
  NBP01-20.2           JUNCTION        1.40          1.042        2.008
  NBP01-21             JUNCTION        1.35          0.945        0.925
  NBP01-22             JUNCTION        1.17          0.720        0.000
  NBP01-22.1           JUNCTION        1.15          0.550        0.000
  NBP01-23             JUNCTION        0.89          1.660        0.000
  NBP01-24             JUNCTION        0.04          0.024        2.886
  NBP02-01             JUNCTION       30.09          2.248        3.032
  NBP02-02             JUNCTION        1.98          1.270        0.000
  NBP02-03             JUNCTION        0.53          1.040        0.000
  NBP02-04             JUNCTION        0.37          1.380        0.000
  NBP03-01             JUNCTION       30.23          3.109        0.711
  NBP03-02             JUNCTION       30.22          3.163        0.087
  NBP03-03             JUNCTION       29.93          1.890        0.000
  NBP03-04             JUNCTION       28.57          1.550        0.000
  NBP04-01             JUNCTION        0.18          0.940        0.000
  NBP04-02             JUNCTION        0.01          0.167        0.733
  NBP06-01             JUNCTION        0.25          0.182        0.808
  NBP06-02             JUNCTION        0.70          0.295        0.805
  NBP11-01             JUNCTION        0.98          0.630        0.000
  NBP13-01             JUNCTION        1.21          0.760        0.000
  NBP13-01.1           JUNCTION        1.02          0.465        0.055
  NBP13-01.2           JUNCTION        1.07          0.730        0.000
  NBP13-02             JUNCTION        0.54          0.101        0.199
  NBP13-03             JUNCTION        0.63          0.187        0.323
  NBP13-04             JUNCTION        0.66          0.219        0.291
  NHM_016              JUNCTION        3.25          2.110        0.000
  NNH15-03             JUNCTION        0.23          1.180        0.000
  NSC15-06.1           JUNCTION        0.01          0.920        0.000
  NSC15-07             JUNCTION        0.01          0.331        0.269
  NSC15-08             JUNCTION        0.24          0.312        0.218
  NSC18-01             JUNCTION        2.83          1.350        0.000
  NSC18-02             JUNCTION        1.61          0.960        0.000
  NSC18-03             JUNCTION        0.88          0.900        0.000
  NSC19-01             JUNCTION        0.19          0.335        0.245
  NSC19-02             JUNCTION        0.01          0.239        0.211
  NSC19-03             JUNCTION        0.01          0.337        0.133
  NSC19-04             JUNCTION        0.05          0.234        0.266
  NSC19-05             JUNCTION        0.19          0.362        0.148
  NSR01-00             JUNCTION       37.63          1.088        3.492
  NSR01-01             JUNCTION        3.41          0.605        2.995
  NSR01-09             JUNCTION        1.41          0.266        0.584
  NYS05-05             JUNCTION        0.26          0.060        0.750
  NYS13-01             JUNCTION        1.06          0.303        1.087
  SDCM_016_1           JUNCTION        0.10          0.270        0.000
  SDCM_017_1           JUNCTION        0.72          0.740        0.000
  SDCM_020             JUNCTION        0.84          0.470        0.000
  SDCM_020_2           JUNCTION        0.36          0.420        0.000
  Str_BP               STORAGE        30.01          1.722        0.878
  Str_Sc               STORAGE         1.02          0.286        4.174
  Str_SP               STORAGE        21.49        328.202        0.000
  
  
  *********************
  Node Flooding Summary
  *********************
  
  Flooding refers to all water that overflows a node, whether it ponds or not.
  --------------------------------------------------------------------------
                                                             Total   Maximum
                                 Maximum   Time of Max       Flood    Ponded
                        Hours       Rate    Occurrence      Volume     Depth
  Node                 Flooded       CMS   days hr:min    10^6 ltr    Meters
  --------------------------------------------------------------------------
  MH2018                  2.39    52.064      0  09:31     182.681     0.000
  MH2020                  0.15     2.853      0  09:30       0.882     0.000
  NBP01-06                8.48   102.514      0  09:33     583.965     0.000
  NBP01-07                0.50     5.976      0  13:36       2.580     0.000
  NBP01-12                0.01     0.350      0  08:53       0.001     0.000
  NBP01-13                0.94     9.979      0  09:20      22.937     0.000
  NBP01-14.1              0.01     0.923      0  08:29       0.001     0.000
  NBP01-16                0.01     0.696      0  08:29       0.000     0.000
  NBP01-22                0.01     3.533      0  08:31       0.006     0.000
  NBP01-22.1              0.88     8.757      0  09:22      17.557     0.000
  NBP01-23                0.01     1.060      0  08:49       0.001     0.000
  NBP02-02                0.01     3.012      0  09:03       0.006     0.000
  NBP02-03                0.01     0.059      0  09:18       0.000     0.000
  NBP02-04                0.01     0.304      0  09:18       0.001     0.000
  NBP03-03                0.01     0.462      0  22:32       0.006     0.000
  NBP03-04                0.04     1.268      0  22:40       0.048     0.000
  NBP04-01                0.04    10.057      0  10:18       0.757     0.000
  NBP11-01                0.01     3.636      0  08:44       0.019     0.000
  NBP13-01                0.46     2.224      0  08:31       0.667     0.000
  NBP13-01.2              0.29     0.858      0  09:21       0.665     0.000
  NHM_016                 2.18    28.972      0  09:29     103.713     0.000
  NNH15-03                0.01     0.264      0  09:17       0.000     0.000
  NSC15-06.1              0.01     9.347      0  09:27       0.011     0.000
  NSC18-01                0.02     0.100      0  08:13       0.003     0.000
  NSC18-02                0.05     0.048      0  08:25       0.002     0.000
  NSC18-03                0.01     0.053      0  08:52       0.000     0.000
  SDCM_016_1              0.04   154.068      0  08:55       9.219     0.000
  SDCM_017_1              0.16    16.123      0  08:52       2.985     0.000
  SDCM_020                0.16     7.780      0  08:55       0.703     0.000
  SDCM_020_2              0.02    15.704      0  09:14       0.412     0.000
  
  
  **********************
  Storage Volume Summary
  **********************
  
  ------------------------------------------------------------------------------------------------
                         Average    Avg   Evap  Exfil     Maximum    Max    Time of Max    Maximum
                          Volume   Pcnt   Pcnt   Pcnt      Volume   Pcnt     Occurrence    Outflow
  Storage Unit           1000 m�   Full   Loss   Loss     1000 m�   Full    days hr:min        CMS
  ------------------------------------------------------------------------------------------------
  Str_BP                 156.863   59.4    0.0    0.0     208.932   79.1       0  09:26      9.241
  Str_Sc                   3.090   39.8    0.0    0.0       4.917   63.3       0  08:50     23.330
  Str_SR                   1.765   30.5    0.0    0.0       4.054   70.2       0  09:32     12.920
  Str_SP                  16.634   73.0    0.0    0.0      22.800  100.0       0  08:07     37.757
  
  
  ***********************
  Outfall Loading Summary
  ***********************
  
  -----------------------------------------------------------
                         Flow       Avg       Max       Total
                         Freq      Flow      Flow      Volume
  Outfall Node           Pcnt       CMS       CMS    10^6 ltr
  -----------------------------------------------------------
  NBPC-00               65.34    57.806   555.775    4999.166
  -----------------------------------------------------------
  System                65.34    57.806   555.775    4999.166
  
  
  ********************
  Link Flow Summary
  ********************
  
  -----------------------------------------------------------------------------
                                 Maximum  Time of Max   Maximum    Max/    Max/
                                  |Flow|   Occurrence   |Veloc|    Full    Full
  Link                 Type          CMS  days hr:min     m/sec    Flow   Depth
  -----------------------------------------------------------------------------
  LBP01-30             CONDUIT     0.300     0  09:19      0.90    0.03    0.15
  LBP01-29             CONDUIT     2.141     0  09:19      3.13    0.17    0.30
  LBP01-28             CONDUIT     3.767     0  09:20      2.49    0.22    0.31
  LBP01-27             CONDUIT     4.413     0  09:20      2.87    0.23    0.38
  LBP01-26             CONDUIT     5.742     0  09:24      2.03    0.73    0.80
  LBP01-25             CONDUIT     6.435     0  09:24      2.12    0.72    0.87
  216.1                CONDUIT    10.455     0  09:30      2.92    0.93    0.94
  p-01                 CONDUIT    16.816     0  09:23      3.33    1.01    0.96
  218.1                CONDUIT    10.234     0  09:31      3.09    0.89    1.00
  p-02                 CONDUIT    17.663     0  09:22      3.51    0.91    1.00
  220.1                CONDUIT    10.699     0  09:22      3.29    0.86    1.00
  p-03                 CONDUIT    18.117     0  09:22      3.70    0.86    1.00
  222.1                CONDUIT    17.394     0  08:47      2.78    0.56    1.00
  p-05                 CONDUIT    18.489     0  08:34      3.14    0.58    1.00
  226.1                CONDUIT    14.133     0  08:28      1.39    2.14    1.00
  L-05                 CONDUIT     7.123     0  08:22      1.48    2.43    1.00
  228.1                CONDUIT    14.063     0  08:29      1.44    1.60    1.00
  L-04                 CONDUIT     7.208     0  08:23      1.53    1.84    1.00
  230.1                CONDUIT    13.258     0  08:29      1.43    1.07    1.00
  L-03                 CONDUIT     7.074     0  08:23      1.52    1.28    1.00
  232.1                CONDUIT    13.715     0  08:29      1.49    1.30    1.00
  L-02                 CONDUIT     7.034     0  08:23      1.57    1.50    1.00
  234.1                CONDUIT    14.335     0  08:29      1.61    1.23    1.00
  L-01                 CONDUIT     6.823     0  08:22      1.69    1.32    1.00
  LBP01-13             CONDUIT    21.004     0  08:29      2.00    0.51    1.00
  LBP01-12             CONDUIT    27.180     0  08:49      2.40    1.06    1.00
  LBP01-11             CONDUIT    28.952     0  08:49      3.02    0.97    1.00
  LBP01-10             CONDUIT    29.896     0  08:49      3.11    2.44    1.00
  LBP01-09             CONDUIT    30.239     0  08:49      2.20    1.10    1.00
  LBP01-08             CONDUIT    34.924     0  08:50      2.69    1.37    1.00
  LBP01-07             CONDUIT    55.334     0  09:29      2.07    1.51    1.00
  LBP01-06             CONDUIT    53.381     0  09:36      2.17    1.29    1.00
  LBP01-05             CONDUIT    59.153     0  08:47      2.04    0.81    1.00
  LBP01-04             CONDUIT    60.134     0  08:46      1.72    0.69    1.00
  LBP01-03             CONDUIT    68.017     0  08:47      1.80    1.42    1.00
  LBP15-00             CONDUIT     0.780     0  09:25      1.06    0.25    0.50
  LBP02-03             CONDUIT     4.825     0  09:29      3.05    0.87    1.00
  LBP02-02             CONDUIT    12.102     0  09:02      2.50    0.42    1.00
  LBP02-01             CONDUIT    10.476     0  09:29      1.84    0.45    1.00
  LBP02-00             CONDUIT    12.479     0  09:29      2.08    0.62    1.00
  LBP03-03             CONDUIT     3.482     0  09:29      0.96    0.14    1.00
  LBP03-02             CONDUIT     3.986     0  09:29      2.57    0.70    1.00
  LBP03-01             CONDUIT     4.168     0  09:29      1.39    0.81    1.00
  LBP03-00             CONDUIT     4.513     0  09:29      1.50    0.84    1.00
  LBP05-02             CONDUIT     1.461     0  09:29      1.75    0.28    0.37
  LBP05-01             CONDUIT     1.989     0  09:29      1.69    0.46    0.62
  LBP05-00             CONDUIT     2.769     0  09:31      0.96    0.48    0.61
  LBP04-03             CONDUIT    12.817     0  09:31      2.36    2.41    0.68
  LBP04-02             CONDUIT    15.624     0  09:30      2.58    0.57    0.80
  LBP04-01             CONDUIT    29.409     0  09:40      3.85    0.57    0.88
  LBP04-00             CONDUIT    15.641     0  09:29      1.69    0.55    1.00
  LBP04-12             CONDUIT     2.056     0  09:29      1.61    0.64    0.43
  LBP04-11             CONDUIT     2.715     0  09:29      2.36    0.35    0.38
  LBP04-10             CONDUIT     3.823     0  09:30      2.02    0.59    0.63
  LBP04-09             CONDUIT     4.455     0  09:30      1.26    0.53    0.71
  LBP04-08             CONDUIT     5.132     0  09:31      1.46    1.14    0.71
  LBP04-07             CONDUIT     6.296     0  09:30      1.57    0.42    0.55
  LBP04-06             CONDUIT     8.397     0  09:29      1.56    0.50    0.71
  LBP04-05             CONDUIT     8.423     0  09:32      1.62    0.44    0.62
  LBP04-04             CONDUIT     8.785     0  09:31      1.50    0.46    0.67
  LBP06-11             CONDUIT     1.119     0  09:19      1.49    0.08    0.19
  LBP06-09             CONDUIT     2.768     0  09:22      1.00    0.20    0.17
  LBP06-07             CONDUIT     5.773     0  09:28      1.38    0.08    0.35
  LBP06-06             CONDUIT     8.485     0  09:27      1.64    0.19    0.39
  LBP06-05             CONDUIT     9.865     0  09:26      1.49    0.21    0.67
  LBP06-04.1           CONDUIT     8.334     0  09:07      1.72    0.33    0.83
  LBP06-04.2           CONDUIT     9.445     0  09:07      1.71    0.34    0.82
  LBP06-03.1           CONDUIT     9.679     0  09:07      1.91    0.96    0.89
  LBP06-03.2           CONDUIT     8.687     0  09:07      1.87    0.79    0.89
  LBP06-02             CONDUIT    19.233     0  09:07      1.90    0.29    0.95
  LBP06-01             CONDUIT    20.853     0  09:07      1.79    0.48    1.00
  LBP06-00.1           CONDUIT    10.065     0  09:29      1.12    0.42    1.00
  LBP06-00.2           CONDUIT    11.814     0  09:29      1.16    0.46    1.00
  LBP08-05             CONDUIT     0.716     0  09:19      1.23    0.09    0.19
  LBP08-02             CONDUIT     1.911     0  09:19      2.58    0.17    0.25
  LBP08-00             CONDUIT     5.550     0  09:03      0.98    0.06    0.48
  LBP07-01             CONDUIT     1.108     0  09:19      2.03    0.12    0.15
  LBP07-00             CONDUIT     1.243     0  09:20      1.44    0.08    0.14
  LBP09-01             CONDUIT     2.007     0  09:19      3.13    0.19    0.29
  LBP09-00             CONDUIT     4.207     0  09:19      3.55    0.26    0.66
  LBP10-00             CONDUIT     1.078     0  09:19      3.83    0.42    0.45
  LBP12-01             CONDUIT     1.130     0  09:19      3.20    0.15    0.25
  LBP12-00             CONDUIT     1.488     0  09:19      1.99    0.23    0.52
  LBP11-05.1           CONDUIT     2.778     0  09:20      1.82    0.61    0.66
  LBP11-04             CONDUIT     6.256     0  09:21      3.07    0.70    0.50
  LBP11-03             CONDUIT     7.876     0  09:22      4.59    0.46    0.42
  LBP11-02             CONDUIT     9.538     0  09:21      3.93    0.25    0.54
  LBP11-01             CONDUIT    12.490     0  08:44      3.17    0.37    0.89
  LBP11-00             CONDUIT    11.152     0  09:20      2.92    0.43    1.00
  LBP11-06             CONDUIT     0.974     0  09:21      0.97    0.16    0.45
  LBP13-13             CONDUIT     1.218     0  09:19      1.72    0.87    0.84
  LBP13-12             CONDUIT     1.578     0  09:19      2.34    1.39    0.80
  LBP13-11             CONDUIT     1.993     0  09:20      2.85    0.66    0.59
  LBP13-10             CONDUIT     3.355     0  09:20      2.75    0.60    0.54
  LBP13-09             CONDUIT     3.519     0  09:20      3.04    0.53    0.51
  LBP13-08             CONDUIT     4.126     0  09:21      3.52    0.49    0.52
  LBP13-07             CONDUIT     4.475     0  09:21      3.69    0.55    0.54
  LBP13-06             CONDUIT     5.082     0  09:21      2.22    0.30    0.57
  LBP13-05             CONDUIT     6.207     0  09:22      2.12    0.46    0.86
  LBP13-04             CONDUIT     7.591     0  09:21      2.11    0.52    0.96
  LBP13-03             CONDUIT     7.903     0  09:21      2.01    1.27    1.00
  LBP13-02             CONDUIT     9.010     0  09:21      2.66    1.36    1.00
  LBP13-01.2           CONDUIT     9.988     0  09:21      2.55    0.58    1.00
  LBP13-00             CONDUIT    10.345     0  09:02      2.36    0.69    1.00
  LBP14-00             CONDUIT     0.406     0  09:29      1.26    1.02    0.43
  403.1                CONDUIT    17.933     0  08:47      2.48    0.72    1.00
  p-06                 CONDUIT    18.569     0  08:47      2.91    0.72    1.00
  LBP08-01             CONDUIT     2.058     0  09:20      2.65    0.20    0.26
  LBP08-03             CONDUIT     0.006     0  09:40      0.05    0.00    0.28
  LBP06-08             CONDUIT     4.696     0  09:05      1.36    0.26    0.23
  SCpump_in            CONDUIT    27.104     0  08:33      2.54    0.67    1.00
  LNH01-28             CONDUIT     0.338     0  09:19      3.30    0.15    0.26
  LNH01-27             CONDUIT     0.412     0  09:19      3.50    0.09    0.21
  LNH01-26             CONDUIT     0.895     0  09:19      5.54    0.06    0.20
  LNH01-25             CONDUIT     0.922     0  09:19      3.43    0.11    0.18
  LNH01-24             CONDUIT     2.089     0  09:19      2.18    0.16    0.24
  LNH01-23             CONDUIT     2.619     0  09:20      2.75    0.19    0.24
  LNH01-22             CONDUIT     3.207     0  09:20      2.19    0.16    0.38
  LNH01-21             CONDUIT     6.686     0  09:30      4.23   18.63    0.40
  LNH01-20             CONDUIT     8.921     0  09:30      8.70    0.21    0.26
  LNH01-19             CONDUIT    13.303     0  09:20      5.44    0.18    0.35
  LNH01-18             CONDUIT    15.236     0  09:20      4.70    0.43    0.46
  LNH01-17             CONDUIT    15.446     0  09:19      4.71    0.46    0.47
  LNH01-16             CONDUIT    16.232     0  09:20      2.24    0.45    0.58
  LNH01-15             CONDUIT    17.087     0  09:20      2.01    0.52    0.68
  LNH01-14             CONDUIT    18.586     0  09:22      2.08    2.28    0.72
  LNH01-13             CONDUIT    18.836     0  09:23      2.25    1.57    0.67
  LNH01-12             CONDUIT    19.346     0  09:24      2.63    0.62    0.65
  543.1                CONDUIT    26.969     0  09:23      3.05    0.42    0.63
  q-01                 CONDUIT    11.189     0  09:21      2.30    0.39    0.63
  545.1                CONDUIT    26.602     0  09:22      2.94    1.56    0.65
  q-02                 CONDUIT    11.654     0  09:22      2.34    1.55    0.65
  547.1                CONDUIT    27.196     0  09:24      3.37    1.39    0.58
  q-03                 CONDUIT    11.721     0  09:22      2.64    1.35    0.58
  549.1                CONDUIT    28.171     0  09:23      2.97    0.68    0.54
  q-04                 CONDUIT    11.747     0  09:23      2.82    0.68    0.54
  553.1                CONDUIT    28.146     0  09:23      4.92    1.75    0.40
  q-06                 CONDUIT    12.128     0  09:23      3.96    1.75    0.40
  LNH01-05.1           CONDUIT     1.748     0  09:34      0.95    0.04    0.30
  LNH01-04             CONDUIT     3.758     0  09:34      1.25    0.12    0.26
  LNH01-03             CONDUIT     4.072     0  09:34      1.20    0.09    0.30
  LNH01-02             CONDUIT     4.234     0  09:34      1.03    0.11    0.40
  LNH01-01             CONDUIT     8.586     0  09:32      1.35    0.20    0.41
  LNH02-01             CONDUIT     0.480     0  09:19      4.79    0.31    0.38
  LNH02-00             CONDUIT     4.483     0  09:19      4.08    0.48    0.50
  LNH03-02             CONDUIT     2.002     0  09:19      3.62    0.57    0.55
  LNH03-01             CONDUIT     2.073     0  09:19      1.88    0.46    0.49
  LNH03-00             CONDUIT     2.153     0  09:20      1.96    0.52    0.49
  LNH04-03             CONDUIT     0.858     0  09:19      4.87    0.67    0.60
  LNH04-02             CONDUIT     0.984     0  09:19      3.92    0.48    0.50
  LNH04-01             CONDUIT     1.568     0  09:19      3.64    0.70    0.64
  LNH04-00             CONDUIT     1.685     0  09:19      3.76    0.78    0.66
  LNH05-02             CONDUIT     0.236     0  09:19      3.54    0.18    0.29
  LNH05-01             CONDUIT     0.357     0  09:19      1.98    0.15    0.39
  LNH05-00             CONDUIT     0.886     0  09:19      3.38    0.53    0.52
  LNH06-00             CONDUIT     0.031     0  09:19      1.35    0.03    0.56
  LNH07-13             CONDUIT     1.790     0  09:19      3.52    0.70    0.62
  LNH07-12             CONDUIT     2.425     0  09:19      3.80    0.52    0.55
  LNH07-11             CONDUIT     2.723     0  09:19      3.95    0.65    0.59
  LNH07-10             CONDUIT     3.064     0  09:20      4.37    1.05    0.60
  LNH07-09             CONDUIT     3.036     0  09:21      3.65    0.33    0.38
  LNH07-08             CONDUIT    10.579     0  09:19      4.05    0.52    0.63
  LNH07-07             CONDUIT    11.802     0  09:20      2.93    0.36    0.76
  LNH07-06             CONDUIT    12.018     0  09:20      2.36    0.68    0.94
  LNH07-05             CONDUIT    14.200     0  09:20      5.55    1.17    0.64
  LNH07-04             CONDUIT    13.918     0  09:20      6.94    0.31    0.34
  LNH07-03             CONDUIT    14.463     0  09:20      7.64    0.27    0.32
  LNH07-02             CONDUIT    15.781     0  09:20      7.22    0.38    0.43
  LNH07-01             CONDUIT    16.433     0  09:21      5.27    0.25    0.42
  LNH07-00             CONDUIT    18.584     0  09:21      3.76    0.45    0.66
  LNH11-03             CONDUIT     0.676     0  09:19      2.84    0.11    0.23
  LNH11-02             CONDUIT     0.881     0  09:19      2.49    0.24    0.35
  LNH11-01             CONDUIT     1.081     0  09:19      2.83    0.29    0.37
  LNH11-00             CONDUIT     1.269     0  09:20      2.92    0.35    0.41
  LNH10-00             CONDUIT     7.413     0  09:19      4.98    0.45    0.50
  LNH10-03             CONDUIT     0.225     0  09:19      1.12    0.03    0.23
  LNH10-02             CONDUIT     1.119     0  09:19      3.17    0.26    0.35
  LNH10-01             CONDUIT     2.168     0  09:19      5.37    0.32    0.39
  LNH08-02             CONDUIT     0.605     0  09:19      2.63    0.24    0.33
  LNH08-01             CONDUIT     0.921     0  09:19      7.19    0.06    0.17
  LNH08-00             CONDUIT     1.050     0  09:19      6.05    0.08    0.37
  LNH09-00             CONDUIT     0.784     0  09:19      5.43    0.34    0.40
  LNH12-01             CONDUIT     0.310     0  09:19      3.52    0.07    0.23
  LNH12-00             CONDUIT     0.412     0  09:19      3.45    0.18    0.35
  LNH13-00             CONDUIT     0.019     0  09:19      1.23    0.01    0.25
  LNH14-01             CONDUIT     0.191     0  09:19      1.84    0.06    0.31
  LNH14-00             CONDUIT     1.668     0  09:19      5.32    0.37    0.42
  LNH15-06             CONDUIT     0.413     0  09:19      2.88    0.05    0.19
  LNH15-05             CONDUIT     0.744     0  09:19      1.92    0.10    0.38
  LNH15-04             CONDUIT     3.211     0  09:19      5.10    0.58    0.54
  LNH15-03             CONDUIT     3.764     0  09:19      3.94    0.64    0.79
  LNH15-02             CONDUIT     4.196     0  09:19      3.07    1.27    0.95
  LNH15-01             CONDUIT     4.390     0  09:17      4.64    0.51    0.70
  LNH15-00             CONDUIT     4.333     0  09:20      3.72    0.93    0.81
  LNH16-00             CONDUIT     2.255     0  09:19      3.53    0.59    0.55
  LNH18-06             CONDUIT     0.108     0  09:19      0.89    0.02    0.16
  LNH18-05             CONDUIT     0.752     0  09:19      4.37    0.10    0.21
  LNH18-04             CONDUIT     1.196     0  09:19      4.62    0.17    0.28
  LNH18-03             CONDUIT     1.255     0  09:19      4.46    0.19    0.30
  LNH18-02             CONDUIT     1.423     0  09:19      4.16    0.19    0.34
  LNH18-01             CONDUIT     1.531     0  09:19      2.45    0.29    0.54
  LNH18-00             CONDUIT     1.637     0  09:20      1.71    0.96    0.79
  LNH17-01             CONDUIT     0.830     0  09:19      2.98    0.54    0.55
  LNH17-00             CONDUIT     2.073     0  09:20      2.66    0.76    0.65
  LBC01-1821           CONDUIT     9.241     0  09:21      2.53    0.15    0.27
  LBC01-1822           CONDUIT    28.019     0  08:32      2.18    0.24    0.34
  LBC01-1823           CONDUIT     4.627     0  08:36      2.00    0.31    0.31
  LBC01-16             CONDUIT    73.398     0  08:40      2.44    0.33    0.43
  LBPC-42.1            CONDUIT    69.017     0  08:39      2.25    0.33    0.45
  LBPC-42.2            CONDUIT     0.245     0  09:24      0.30    0.01    0.06
  LBPC-42.3            CONDUIT     4.958     0  08:32      1.54    0.70    0.68
  LBPC-41.1            CONDUIT    69.761     0  09:21      2.22    0.30    0.47
  LBPC-41.2            CONDUIT     0.426     0  09:25      0.36    0.02    0.09
  LBPC-41.3            CONDUIT     4.819     0  08:33      1.48    0.61    0.70
  LBPC-40.1            CONDUIT    69.682     0  09:22      2.14    0.32    0.48
  LBPC-40.2            CONDUIT     0.651     0  09:24      0.41    0.04    0.12
  LBPC-40.3            CONDUIT     4.677     0  08:33      1.40    0.62    0.73
  LBPC-39.21           CONDUIT    76.678     0  09:22      2.29    0.43    0.49
  LBPC-39.22           CONDUIT     0.304     0  09:25      0.40    0.03    0.12
  LBPC-39.11           CONDUIT    77.032     0  09:23      2.32    0.47    0.50
  LBPC-39.12           CONDUIT     0.324     0  09:28      0.31    0.01    0.08
  LBPC-38.21           CONDUIT    77.654     0  09:23      2.37    0.43    0.50
  LBPC-38.22           CONDUIT     0.230     0  09:28      0.29    0.02    0.06
  LBPC-38.11           CONDUIT    77.917     0  09:23      2.42    0.50    0.50
  LBPC-38.12           CONDUIT     0.260     0  09:28      0.31    0.02    0.06
  LBPC-37.31           CONDUIT    78.418     0  09:23      2.50    0.46    0.50
  LBPC-37.32           CONDUIT     0.275     0  09:29      0.31    0.02    0.07
  LBPC-37.21           CONDUIT    78.662     0  09:22      2.56    0.51    0.50
  LBPC-37.22           CONDUIT     0.298     0  09:29      0.32    0.02    0.07
  LBPC-37.11           CONDUIT    79.153     0  09:22      2.60    0.36    0.50
  LBPC-37.12           CONDUIT     0.294     0  09:29      0.31    0.02    0.07
  LBPC-36.1            CONDUIT    79.561     0  09:22      2.43    0.21    0.54
  LBPC-36.2            CONDUIT     0.209     0  09:22      0.15    0.01    0.14
  LBPC-35.31           CONDUIT    79.719     0  09:22      2.27    3.60    0.57
  LBPC-35.32           CONDUIT     1.753     0  09:28      0.54    1.11    0.27
  LBPC-35.11           CONDUIT    83.067     0  09:21      0.72    1.91    0.57
  LBPC-35.12           CONDUIT     0.565     0  09:28      0.18    0.55    0.26
  LBPC-34.1            CONDUIT    86.577     0  09:21      2.18    0.29    0.59
  LBPC-34.2            CONDUIT     1.665     0  09:30      0.54    0.06    0.24
  LBPC-325             CONDUIT   227.184     0  09:25      3.83    0.26    0.77
  LBC04-01             CONDUIT     1.660     0  09:19      5.29    0.67    0.60
  LBC04-00             CONDUIT     3.017     0  09:19      8.69    0.42    0.45
  LBC03-04             CONDUIT     0.288     0  09:19      2.81    0.08    0.22
  LBC03-03             CONDUIT     0.524     0  09:19      3.96    0.11    0.23
  LBC03-02             CONDUIT     0.592     0  09:19      3.49    0.12    0.27
  LBC03-01             CONDUIT     1.000     0  09:19      4.97    0.20    0.30
  LBC03-00             CONDUIT     1.047     0  09:19      4.98    0.20    0.62
  LBC02-00             CONDUIT     1.991     0  09:19      3.39    0.81    0.83
  LBC09-00             CONDUIT     1.200     0  09:19      4.55    0.28    0.72
  LBC10-00             CONDUIT     0.319     0  09:19      3.21    0.31    0.47
  LBC11-02             CONDUIT     0.880     0  09:29      2.19    0.12    0.42
  LBC11-00             CONDUIT     4.464     0  09:29      6.42    0.91    0.91
  LSR01-10             CONDUIT     1.743     0  09:19      3.58    0.42    0.65
  LSR01-09             CONDUIT     1.792     0  09:19      1.95    0.50    0.83
  LSR01-08             CONDUIT     1.970     0  09:19      2.15    0.93    0.83
  LSR01-07             CONDUIT     5.193     0  09:19      7.35    0.56    0.54
  LSR01-06             CONDUIT     6.369     0  09:19      3.05    0.48    0.56
  LSR01-05             CONDUIT     6.738     0  09:20      2.95    0.69    0.61
  LSR01-03             CONDUIT     7.213     0  09:20      3.75    0.52    0.51
  LSR01-02             CONDUIT     3.371     0  09:20      1.71    0.33    0.62
  LSR01-01             CONDUIT     1.536     0  09:29      0.59    0.19    1.00
  LSR01-00             CONDUIT     0.217     0  01:09      0.18    0.02    1.00
  LSR02-04             CONDUIT     2.238     0  09:19      2.30    0.70    0.65
  LSR02-03             CONDUIT     2.344     0  09:20      2.62    0.77    0.60
  LSR02-02             CONDUIT    13.897     0  09:20      3.16    3.69    0.59
  InStr_Sr             CONDUIT    14.405     0  09:20      3.78    1.18    0.51
  LSR03-00             CONDUIT    11.224     0  09:20      2.20    0.91    0.63
  LBC01-2001           CONDUIT    23.921     0  09:30      2.11    0.92    0.57
  LBC01-2002           CONDUIT    30.525     0  09:30      2.74    0.52    0.56
  LBC01-19.1           CONDUIT    23.790     0  08:33      2.05    0.41    0.46
  LBC01-19.2           CONDUIT    10.110     0  08:33      1.99    0.42    0.46
  LBC01-19.3           CONDUIT     6.380     0  08:33      1.79    0.37    0.45
  LBC12-00             CONDUIT     0.402     0  09:19      6.05    0.18    0.29
  LBP01-01             CONDUIT    68.249     0  08:56      1.80    1.55    1.00
  LBP01-00             CONDUIT    71.300     0  08:56      2.08    1.81    1.00
  LYS01-18             CONDUIT     1.426     0  09:29      1.84    0.14    0.30
  LYS01-17             CONDUIT     3.031     0  09:19      2.97    0.35    0.39
  LYS01-16             CONDUIT     3.652     0  09:19      3.85    0.36    0.36
  LYS01-15             CONDUIT     4.037     0  09:20      2.42    0.28    0.64
  LYS01-14             CONDUIT     4.564     0  09:20      1.97    1.87    0.89
  LYS01-13             CONDUIT     4.832     0  09:21      2.52    1.39    0.74
  LYS01-12             CONDUIT    14.442     0  09:20      4.81    0.45    0.48
  LYS01-11             CONDUIT    16.482     0  09:21      5.91    0.49    0.45
  LYS01-10             CONDUIT    16.844     0  09:21      4.50    0.34    0.60
  LYS01-09             CONDUIT    17.276     0  09:21      2.13    0.82    0.81
  LYS01-08             CONDUIT    19.292     0  09:22      2.47   19.15    0.78
  LYS01-07.1           CONDUIT     9.854     0  09:21      1.91    0.89    0.74
  LYS01-07.2           CONDUIT    18.504     0  09:22      2.80    0.93    0.74
  LYS01-06.1           CONDUIT    10.197     0  09:22      2.10    1.48    0.69
  LYS01-06.2           CONDUIT    19.269     0  09:22      3.08    1.57    0.69
  LYS01-05.1           CONDUIT    10.248     0  09:22      2.33    0.95    0.63
  LYS01-05.2           CONDUIT    20.752     0  09:23      3.67    1.08    0.63
  LYS01-04.1           CONDUIT    11.927     0  09:23      3.02    0.70    0.56
  LYS01-04.2           CONDUIT    20.349     0  09:23      4.01    0.67    0.56
  LYS01-03.1           CONDUIT    16.371     0  09:23      3.54    0.61    0.53
  LYS01-02             CONDUIT    27.385     0  09:26      3.15    0.33    0.54
  LYS02-05             CONDUIT     0.090     0  09:19      1.08    0.04    0.29
  LYS02-04             CONDUIT     0.954     0  09:19      4.19    0.44    0.46
  LYS02-03             CONDUIT     1.108     0  09:19      4.00    0.55    0.55
  LYS02-02             CONDUIT     2.069     0  09:19      2.64    1.02    0.65
  LYS02-01             CONDUIT     2.156     0  09:19      3.03    0.67    0.60
  LYS02-00             CONDUIT     4.115     0  09:19      3.68   46.54    0.98
  LYS03-00             CONDUIT     1.084     0  09:19      2.78    0.65    0.59
  LYS05-10             CONDUIT     0.044     0  09:19      0.66    0.15    0.19
  LYS05-09             CONDUIT     0.088     0  09:19      1.26    0.08    0.20
  LYS05-08             CONDUIT     0.177     0  09:19      1.60    0.10    0.27
  LYS05-07             CONDUIT     0.545     0  09:19      3.71    0.24    0.33
  LYS05-06             CONDUIT     0.939     0  09:19      3.35    0.54    0.54
  LYS05-05             CONDUIT     1.291     0  09:19      3.06    0.61    0.78
  LYS05-04             CONDUIT     1.481     0  09:19      2.46    2.26    0.90
  LYS05-03             CONDUIT     1.515     0  09:19      2.77    3.93    0.56
  LYS05-02             CONDUIT     1.593     0  09:19      3.00    0.39    0.55
  LYS05-00             CONDUIT     1.835     0  09:19      2.58    0.66    0.68
  LYS06-00             CONDUIT     0.029     0  09:21      0.59    0.02    0.34
  LYS07-01             CONDUIT     0.802     0  09:19      2.50    0.69    0.61
  LYS07-00             CONDUIT     1.024     0  09:19      1.99    0.24    0.56
  LYS08-11             CONDUIT     1.842     0  09:19      2.16    0.31    0.59
  LYS08-10             CONDUIT     4.314     0  09:19      4.50    0.73    0.67
  LYS08-09             CONDUIT     6.965     0  09:19      4.27    0.60    0.54
  LYS08-08             CONDUIT     7.924     0  09:20      5.11    0.52    0.52
  LYS08-07             CONDUIT     9.318     0  09:20      4.34    0.28    0.54
  LYS08-06             CONDUIT    10.349     0  09:20      3.45    0.84    0.75
  LYS08-05             CONDUIT    10.766     0  09:20      4.27    3.51    0.74
  LYS08-04             CONDUIT    11.037     0  09:20      4.52    0.51    0.53
  LYS08-03             CONDUIT    11.068     0  09:21      4.06    0.58    0.55
  LYS08-02             CONDUIT    11.097     0  09:21      4.03    0.49    0.57
  LYS08-00             CONDUIT    13.179     0  09:21      4.44    0.38    0.67
  LYS09-01             CONDUIT     0.631     0  09:19      1.73    1.16    0.68
  LYS09-00             CONDUIT     0.671     0  09:19      1.98    0.76    0.64
  LYS10-01             CONDUIT     1.073     0  09:19      5.10    0.38    0.44
  LYS10-00             CONDUIT     1.637     0  09:19      5.43    0.60    0.60
  LYS11-03             CONDUIT     0.493     0  09:19      5.02    0.07    0.18
  LYS11-02             CONDUIT     0.732     0  09:19      4.39    0.05    0.15
  LYS12-05             CONDUIT     0.217     0  09:19      2.38    0.09    0.20
  LYS12-04             CONDUIT     0.730     0  09:19      1.64    0.07    0.21
  LYS12-03             CONDUIT     1.957     0  09:19      2.57    0.21    0.35
  LYS12-02             CONDUIT     3.251     0  09:19      2.40    0.40    0.63
  LYS12-01             CONDUIT     9.164     0  09:29      4.63    1.00    0.82
  LYS12-00             CONDUIT     9.360     0  09:20      3.12    1.80    0.75
  LYS13-07             CONDUIT     0.032     0  09:19      0.39    0.03    0.16
  LYS13-06             CONDUIT     0.070     0  09:20      0.52    0.12    0.23
  LYS13-05             CONDUIT     0.099     0  09:21      0.69    0.12    0.24
  LYS13-04             CONDUIT     0.125     0  09:23      0.89    0.15    0.23
  LYS13-03             CONDUIT     0.167     0  09:23      2.16    0.05    0.16
  LYS13-02             CONDUIT     0.198     0  09:23      2.13    0.06    0.18
  LYS13-01             CONDUIT     0.227     0  09:24      0.85    0.10    0.60
  LYS13-00.1           CONDUIT     0.838     0  08:17      1.19    0.28    1.00
  LYS13-00.2           CONDUIT     0.435     0  08:16      1.19    0.16    1.00
  LYS14-02             CONDUIT     0.219     0  09:19      1.66    0.28    0.48
  LYS14-01             CONDUIT     0.380     0  09:19      2.05    0.71    0.62
  LYS14-00             CONDUIT     0.525     0  09:19      3.07    0.41    0.75
  LYS18-01             CONDUIT     1.046     0  09:19      2.25    0.84    0.69
  LYS18-00             CONDUIT     1.575     0  09:20      1.98    0.77    0.66
  LYS15-02             CONDUIT     2.110     0  09:19      2.83    0.84    0.63
  LYS15-01             CONDUIT     2.109     0  09:19      3.46    0.65    0.53
  LYS15-00             CONDUIT     2.123     0  09:20      3.27    0.46    0.73
  LYS16-03             CONDUIT     0.272     0  09:19      2.06    0.16    0.31
  LYS16-02             CONDUIT     0.391     0  09:19      2.24    0.22    0.32
  LYS16-01             CONDUIT     0.461     0  09:19      2.59    0.23    0.32
  LYS16-00             CONDUIT     0.479     0  09:19      2.68    0.21    0.33
  LYS17-00             CONDUIT     1.375     0  09:20      2.53    1.01    0.80
  LYS95-00             CONDUIT    33.756     0  09:26      3.61    0.62    0.67
  LYS95-01             CONDUIT    33.757     0  09:26      4.56    0.49    0.53
  LYS96-2.2            CONDUIT    15.823     0  09:26      2.56    0.41    0.52
  LYS92-01             CONDUIT     8.330     0  10:21      2.23    0.28    0.69
  LYS92-00             CONDUIT    20.888     0  09:26      2.05    0.89    0.84
  LYS93-00             CONDUIT     8.730     0  09:25      1.89    0.32    0.72
  LYS94-00             CONDUIT     0.467     0  08:00      0.53    0.06    0.67
  LYS99-00             CONDUIT     4.226     0  09:29      1.54    0.56    0.59
  LYS99-01             CONDUIT     0.507     0  01:32      0.53    0.04    0.54
  LYS11-01             CONDUIT     0.857     0  09:19      2.69    0.06    0.24
  LYS11-00             CONDUIT     1.580     0  09:19      3.10    0.21    0.40
  LYS05-001            CONDUIT     6.774     0  09:21      1.63    0.45    0.63
  LSC01-21             CONDUIT     0.789     0  09:19      1.76    0.06    0.24
  LSC01-20             CONDUIT     4.329     0  09:19      3.92    0.21    0.22
  LSC01-19             CONDUIT     4.381     0  09:19      4.65    0.11    0.19
  LSC01-18             CONDUIT     5.195     0  09:19      4.49    0.14    0.23
  LSC01-17             CONDUIT     5.290     0  09:19      2.89    0.14    0.37
  LSC01-16             CONDUIT     5.905     0  09:19      2.09    0.35    0.56
  LSC01-15             CONDUIT     7.546     0  09:20      2.64   18.50    0.57
  LSC01-14             CONDUIT     7.994     0  09:20      5.11    0.15    0.21
  LSC01-13             CONDUIT     9.815     0  09:20      4.94    0.14    0.27
  LSC01-12             CONDUIT     9.914     0  09:20      4.05    0.27    0.33
  LSC01-11             CONDUIT    10.903     0  09:20      4.58    0.28    0.32
  LSC01-10             CONDUIT    11.137     0  09:21      2.72    0.19    0.33
  LSC01-09             CONDUIT    12.825     0  09:21      2.67    0.59    0.64
  LSC01-08             CONDUIT    13.341     0  09:21      3.36    0.69    0.66
  LSC01-07.1           CONDUIT    13.669     0  09:22      3.73    1.05    0.61
  LSC01-06             CONDUIT    16.103     0  09:22      3.62    0.47    0.54
  LSC01-05             CONDUIT    22.360     0  09:22      3.00    0.32    0.61
  LSC01-04             CONDUIT    22.434     0  09:22      2.92    0.82    0.63
  LSC01-03             CONDUIT    22.838     0  09:22      3.02    0.68    0.62
  LSC01-02             CONDUIT    23.855     0  09:23      3.27    0.98    0.60
  LSC01-01             CONDUIT    24.029     0  09:23      3.52    0.78    0.56
  LSC01-00             CONDUIT     3.681     0  09:28      0.96    0.10    0.43
  LSC02-03             CONDUIT     0.152     0  09:19      0.49    0.08    0.60
  LSC02-02             CONDUIT     2.580     0  09:19      2.85   22.64    0.75
  LSC02-01             CONDUIT     2.632     0  09:19      3.68    0.79    0.60
  LSC02-00             CONDUIT     3.059     0  09:19      3.31    0.56    0.77
  LSC03-00             CONDUIT     0.773     0  09:19      1.69    0.26    0.68
  LSC04-00             CONDUIT     1.466     0  09:19      2.69    0.65    0.80
  LSC05-07             CONDUIT     0.314     0  09:19      1.98    0.04    0.11
  LSC05-06             CONDUIT     0.570     0  09:19      1.65    0.08    0.24
  LSC05-05             CONDUIT     0.927     0  09:19      2.01    0.24    0.26
  LSC05-04             CONDUIT     1.061     0  09:19      2.49    0.18    0.24
  LSC05-03             CONDUIT     1.487     0  09:19      1.95    0.26    0.42
  LSC05-02             CONDUIT     2.124     0  09:19      2.67    0.36    0.44
  LSC05-01             CONDUIT     2.462     0  09:19      3.02    0.48    0.45
  LSC05-00             CONDUIT     2.849     0  09:19      3.58    0.38    0.50
  LSC06-04             CONDUIT     4.453     0  09:20      1.53    0.18    0.59
  LSC06-03             CONDUIT    15.810     0  09:20      5.09    0.75    0.62
  LSC06-02             CONDUIT    15.861     0  09:20      5.04    0.59    0.63
  LSC06-01             CONDUIT    17.682     0  09:20      5.23    0.78    0.68
  LSC06-00             CONDUIT    21.119     0  09:21      3.29    0.81    0.64
  LSC08-02             CONDUIT     7.516     0  09:19      4.88    0.47    0.51
  LSC08-01             CONDUIT     8.747     0  09:19      4.47    0.57    0.65
  LSC08-00             CONDUIT    11.062     0  09:20      4.79    0.86    0.77
  LSC07-03             CONDUIT     1.421     0  09:19      2.38    0.81    0.50
  LSC07-02             CONDUIT     1.699     0  09:19      3.19    0.37    0.44
  LSC07-01             CONDUIT     2.456     0  09:19      2.21    0.22    0.34
  LSC07-00             CONDUIT     2.519     0  09:20      1.87    0.25    0.48
  LSC09-01             CONDUIT     0.535     0  09:19      1.63    0.39    0.51
  LSC09-00             CONDUIT     0.607     0  09:19      1.77    0.69    0.53
  LSC10-16             CONDUIT     8.116     0  09:19      7.75    0.72    0.58
  LSC10-15             CONDUIT     8.529     0  09:19      8.83    0.50    0.54
  LSC10-14             CONDUIT     9.203     0  09:19      6.56    0.71    0.62
  LSC10-13             CONDUIT     9.577     0  09:19      7.38    0.62    0.58
  LSC10-12             CONDUIT    10.153     0  09:20      6.00    0.59    0.56
  LSC10-11             CONDUIT    11.190     0  09:20      6.54    0.39    0.43
  LSC10-10             CONDUIT    11.874     0  09:20      5.04    0.40    0.47
  LSC10-09             CONDUIT    13.941     0  09:20      5.06    0.49    0.55
  LSC10-08             CONDUIT    14.538     0  09:20      4.99    0.64    0.58
  LSC10-07             CONDUIT    15.161     0  09:20      5.38    0.59    0.56
  LSC10-06             CONDUIT    15.710     0  09:21      5.83    0.59    0.54
  LSC10-05             CONDUIT    27.128     0  09:21      5.19    0.51    0.58
  LSC10-04             CONDUIT    27.521     0  09:21      3.87    0.57    0.79
  LSC10-03             CONDUIT    33.151     0  09:21      3.55    0.80    0.76
  LSC10-02             CONDUIT    33.289     0  09:21      3.30    0.48    0.82
  LSC10-01             CONDUIT    33.482     0  09:21      3.17    1.08    0.87
  LSC10-00             CONDUIT    34.868     0  09:29      3.45    1.03    0.87
  LSC11-04             CONDUIT     0.275     0  09:19      3.22    0.06    0.17
  LSC11-03             CONDUIT     0.487     0  09:19      2.93    0.11    0.26
  LSC11-02             CONDUIT     0.746     0  09:19      4.36    0.19    0.27
  LSC11-01             CONDUIT     1.248     0  09:19      1.91    0.12    0.38
  LSC11-00             CONDUIT     2.594     0  09:01      1.95    0.31    0.78
  LSC12-04             CONDUIT     5.988     0  09:19      5.03    0.40    0.40
  LSC12-03.1           CONDUIT     2.543     0  09:19      5.45    0.60    0.57
  LSC12-03.2           CONDUIT     3.684     0  09:19      5.92    0.29    0.38
  LSC12-02.1           CONDUIT     2.806     0  09:19      5.67    0.68    0.60
  LSC12-02.2           CONDUIT     4.159     0  09:19      6.26    0.34    0.40
  LSC12-01.1           CONDUIT     2.985     0  09:19      5.67    0.75    0.64
  LSC12-01.2           CONDUIT     4.534     0  09:19      6.36    0.39    0.42
  LSC12-00             CONDUIT     9.621     0  09:20      4.73    0.25    0.41
  LSC13-02             CONDUIT     0.250     0  09:19      1.39    0.07    0.36
  LSC13-01             CONDUIT     1.137     0  09:19      2.27    0.69    0.61
  LSC13-00             CONDUIT     1.638     0  09:20      2.57    0.42    0.44
  LSC14-00             CONDUIT     0.253     0  09:19      2.13    0.04    0.54
  LSC15-08.1           CONDUIT    15.642     0  08:36      2.79    0.55    1.00
  LSC15-08.2           CONDUIT    25.029     0  09:28      2.56    0.56    0.95
  LSC15-07.1           CONDUIT    24.415     0  09:22      4.05    1.77    1.00
  LSC15-07.2           CONDUIT    41.911     0  09:22      3.75    2.14    1.00
  LSC15-05             CONDUIT     2.526     0  09:30      2.26    2.42    1.00
  LSC15-04             CONDUIT     3.386     0  09:22      1.39    0.05    0.11
  LSC15-03             CONDUIT     5.295     0  09:20      1.30    0.05    0.15
  LSC15-02             CONDUIT     6.238     0  09:21      1.54    0.20    0.18
  LSC15-01             CONDUIT     7.688     0  09:21      2.13    0.07    0.13
  LSC15-00.3           CONDUIT     9.390     0  09:22      1.76    0.08    0.21
  LSC16-04             CONDUIT     0.146     0  09:19      2.59    0.03    0.12
  LSC16-03             CONDUIT     0.203     0  09:19      2.41    0.04    0.36
  LSC16-02             CONDUIT     5.710     0  09:20      2.96    0.31    0.48
  LSC16-01             CONDUIT     6.780     0  09:20      3.00    2.29    0.57
  LSC16-00             CONDUIT     0.810     0  09:19      1.84    0.05    0.17
  LSC17-00             CONDUIT     4.262     0  09:19      3.96    0.47    0.48
  LSC18-02             CONDUIT     0.238     0  10:25      0.86    0.22    1.00
  LSC18-01             CONDUIT     0.320     0  10:25      1.13    0.32    1.00
  LSC18-00             CONDUIT     0.348     0  10:25      0.94    0.54    1.00
  LSC19-11             CONDUIT     2.997     0  09:19      3.90    0.20    0.34
  LSC19-10             CONDUIT     6.623     0  09:19      5.94    0.40    0.50
  LSC19-09             CONDUIT     7.017     0  09:19      5.51    0.59    0.57
  LSC19-08             CONDUIT    25.700     0  09:21      5.35    0.55    0.60
  LSC19-07             CONDUIT    27.169     0  09:22      5.36    0.70    0.64
  LSC19-06             CONDUIT    28.069     0  09:22      4.00    0.54    0.75
  LSC19-05             CONDUIT    28.778     0  09:26      3.28    0.61    0.95
  1248.1               CONDUIT    20.809     0  09:19      2.20   18.94    1.00
  a-01                 CONDUIT     8.810     0  09:26      1.87   18.60    1.00
  1250.1               CONDUIT    21.217     0  09:27      2.27    2.67    1.00
  a-02                 CONDUIT     8.914     0  09:27      1.95    2.60    1.00
  1252.1               CONDUIT    21.571     0  09:23      2.33    1.37    1.00
  a-03                 CONDUIT     8.965     0  09:29      1.97    1.32    1.00
  1254.1               CONDUIT    25.508     0  09:21      2.71    0.66    1.00
  a-04                 CONDUIT     8.151     0  09:31      1.65    0.52    1.00
  1255.1               CONDUIT    28.519     0  09:14      3.06    0.63    1.00
  a-05                 CONDUIT     8.659     0  09:29      1.73    0.48    1.00
  LSC21-05             CONDUIT     0.688     0  09:19      5.10    0.15    0.26
  LSC21-04             CONDUIT     0.854     0  09:19      5.07    0.21    0.31
  LSC21-03             CONDUIT     0.972     0  09:19      4.61    0.21    0.31
  LSC21-02             CONDUIT     1.394     0  09:19      3.63    0.36    0.50
  LSC21-01             CONDUIT     1.979     0  09:19      3.00    0.57    0.79
  LSC21-00             CONDUIT     4.029     0  09:19      2.32    0.66    0.81
  LSC20-08             CONDUIT    12.841     0  09:27      4.49    1.17    0.51
  LSC20-07             CONDUIT    11.698     0  09:21      6.15    0.33    0.34
  LSC20-06             CONDUIT    12.028     0  09:19      4.82    0.25    0.42
  LSC20-05             CONDUIT    12.394     0  09:20      4.16    0.48    0.60
  LSC20-04             CONDUIT    12.438     0  09:20      4.81    0.73    0.52
  LSC20-00             CONDUIT    17.497     0  09:21      4.39    0.42    0.50
  LSC20-03             CONDUIT    14.932     0  09:20      4.98    0.32    0.37
  LSC20-02             CONDUIT    15.112     0  09:21      4.73    0.33    0.40
  LSC20-01             CONDUIT    15.911     0  09:21      4.54    0.38    0.44
  LSC20-09             CONDUIT     6.123     0  09:20      2.11    1.16    0.73
  LSC22-00             CONDUIT     1.734     0  09:22      1.39    0.81    0.90
  LSC23-03             CONDUIT     0.946     0  09:19      3.31    0.05    0.13
  LSC23-02             CONDUIT     1.263     0  09:19      3.36    0.09    0.17
  LSC23-01             CONDUIT     1.884     0  09:19      3.67    0.12    0.23
  LSC23-00             CONDUIT     2.005     0  09:19      2.87    0.21    0.32
  LBC13-04             CONDUIT     0.644     0  09:30      0.95    0.29    0.58
  LBC13-03             CONDUIT     0.739     0  09:29      1.35    0.14    0.32
  LBC14-05             CONDUIT     0.385     0  09:29      1.03    0.19    0.23
  LBC14-04             CONDUIT     0.834     0  09:31      0.95    0.14    0.32
  LBC14-03             CONDUIT     1.968     0  09:31      1.66    0.57    0.41
  LBC14-02             CONDUIT     2.131     0  09:30      1.90    0.32    0.40
  LBC14-01             CONDUIT     3.263     0  09:29      2.71    0.39    0.42
  LBC14-00             CONDUIT     3.841     0  09:29      2.23    0.15    0.62
  LBC16-06             CONDUIT     1.503     0  09:29      0.77    0.28    0.89
  LBC16-05             CONDUIT     2.690     0  09:29      1.20    1.01    1.00
  LBC16-04             CONDUIT     2.814     0  09:29      1.25    1.69    1.00
  LBC16-03             CONDUIT     4.426     0  09:29      2.02    2.09    0.76
  LBC16-02             CONDUIT     5.442     0  09:29      3.09    0.60    0.61
  LBC16-00             CONDUIT     6.211     0  09:29      3.51    0.65    0.61
  LBC17-00             CONDUIT     0.658     0  09:19      2.87    0.29    0.53
  LBC18-00             CONDUIT     1.007     0  09:20      2.63    0.48    0.49
  LBC13-02             CONDUIT     0.994     0  09:30      1.13    0.40    0.45
  LBC13-01             CONDUIT     1.081     0  09:30      1.46    0.42    0.45
  LBC13-00             CONDUIT     1.478     0  09:29      1.91    0.11    0.79
  LBC16-000            CONDUIT     7.479     0  09:29      7.65    0.10    0.72
  LBC15-01             CONDUIT     0.845     0  09:29      1.96    1.09    0.64
  LBC15-00             CONDUIT     1.018     0  09:29      2.03    1.04    0.61
  LBPC-31              CONDUIT   188.096     0  09:21      1.71    7.38    0.56
  LBPC-30              CONDUIT   131.363     0  09:14      1.22    0.59    0.51
  LBPC-29              CONDUIT   121.620     0  09:14      1.14    4.64    0.51
  LBPC-28              CONDUIT   120.099     0  09:14      1.20    0.66    0.55
  LBPC-27              CONDUIT   119.908     0  09:14      1.42    1.13    0.58
  LBPC-26              CONDUIT   188.391     0  09:28      2.10    0.89    0.51
  LBPC-25              CHANNEL   188.210     0  09:28      2.85    0.17    0.49
  LBPC-24              CHANNEL   188.087     0  09:28      8.41    0.21    0.49
  LBPC-23              CHANNEL   187.820     0  09:29      2.21    0.10    0.49
  LBPC-22              CHANNEL   187.625     0  09:29     10.72    0.35    0.53
  LBPC-21              CHANNEL   187.563     0  09:31      1.83    0.18    0.61
  LBPC-20              CHANNEL   200.462     0  09:31      1.86    0.25    0.52
  LBPC-19              CHANNEL   200.408     0  09:30      2.14    0.20    0.42
  LBPC-18              CHANNEL   200.427     0  09:33      1.94    0.06    0.38
  LBPC-17              CHANNEL   201.292     0  09:33      1.90    0.23    0.50
  LBPC-16              CHANNEL   201.413     0  09:33      1.84    0.17    0.50
  LBPC-15              CHANNEL   201.927     0  09:35      1.81    0.29    0.52
  LBPC-14              CHANNEL   203.593     0  09:35      1.65    0.13    0.52
  LBPC-13              CHANNEL   204.204     0  09:34      1.54    0.10    0.49
  LBPC-12              CHANNEL   204.505     0  09:34      1.32    0.17    0.51
  LBPC-11              CHANNEL   208.718     0  09:36      1.60    0.16    0.51
  LBPC-10              CHANNEL   209.139     0  09:35      1.41    0.13    0.51
  LBPC-08              CHANNEL   506.038     0  09:32      2.74    1.05    0.52
  LBPC-07              CHANNEL   510.092     0  09:32      2.75    0.17    0.50
  LBPC-06              CHANNEL   510.326     0  09:32      2.75    4.02    0.42
  LBPC-05              CHANNEL   517.513     0  09:32      2.66    0.30    0.41
  LBPC-04              CHANNEL   517.596     0  09:32      2.26    0.11    0.44
  LBPC-03              CHANNEL   517.676     0  09:32      2.49    0.04    0.42
  LBPC-02              CHANNEL   517.761     0  09:32      1.36    0.08    0.49
  LBPC-01              CHANNEL   517.857     0  09:32      1.13    0.04    0.44
  LBPC-00              CHANNEL   554.183     0  09:30      0.70    0.02    0.50
  LBPC-09              CHANNEL   209.709     0  09:36      1.03    0.08    0.49
  LBPC-32              CONDUIT   393.738     0  09:24      3.94    0.22    0.53
  LBPC-33.1            CONDUIT    99.191     0  09:22      2.62    8.17    0.65
  LBPC-33.2            CONDUIT     3.114     0  09:29      0.74    0.58    0.38
  LBC01-17             CONDUIT    65.302     0  08:32      2.54    0.12    0.39
  LBC01-1801           CONDUIT    10.043     0  09:21      2.29    0.20    0.46
  LBC01-1802           CONDUIT    26.864     0  08:41      2.28    0.19    0.46
  LBC01-1803           CONDUIT     5.540     0  08:31      2.13    0.20    0.46
  LBC01-1811           CONDUIT    10.730     0  08:35      2.95    0.19    0.34
  LBC01-1812           CONDUIT    30.642     0  08:35      2.93    0.19    0.34
  LBC01-2011           CONDUIT    23.282     0  09:30      1.90    0.67    0.60
  LBC01-2012           CONDUIT    24.165     0  09:29      2.17    0.58    0.53
  LYS90                CONDUIT     3.791     0  08:16      1.90    0.13    0.69
  LYS91-01             CONDUIT    24.803     0  09:27      3.11    0.39    0.66
  LYS01-03             CONDUIT     9.758     0  09:29      2.42    0.22    0.46
  LYS01-03.2           CONDUIT    17.782     0  09:23      4.01    0.55    0.51
  LH7                  CONDUIT     3.062     0  09:24      0.86    0.62    0.95
  LYS99-02             CONDUIT     0.203     0  01:32      0.38    0.02    0.48
  LYS99-03             CONDUIT     0.000     0  00:00      0.00    0.00    0.46
  LYS99-04             CONDUIT     0.000     0  00:00      0.00    0.00    0.00
  LYS99-05             CONDUIT     0.000     0  00:00      0.00    0.00    0.34
  LNH01-00             CONDUIT     9.164     0  09:31      1.09    0.28    0.56
  LNH01-00.1           CONDUIT     9.096     0  09:31      1.36    0.44    0.58
  LNH01-00.2           CONDUIT     9.079     0  09:31      1.27    0.44    0.57
  LNH01-05             CONDUIT     1.761     0  09:34      1.22    0.04    0.27
  LNH01-05.2           CONDUIT     1.773     0  09:34      1.09    0.04    0.28
  1485.1               CONDUIT    29.075     0  09:23      3.98    1.30    0.51
  q-05                 CONDUIT    11.009     0  09:23      2.81    1.15    0.51
  LSC15-0001           CONDUIT     0.908     0  09:31      0.92    0.05    0.35
  LSC15-0002           CONDUIT     1.666     0  09:31      0.92    0.05    0.35
  LSC15-00.1           CONDUIT     2.405     0  09:31      0.97    0.10    0.30
  LSC15-00.2           CONDUIT     9.499     0  09:25      1.21    0.10    0.30
  LH1-02.1             CONDUIT     8.558     0  09:21      2.31    0.26    0.35
  LH1-01               CONDUIT     8.551     0  09:21      1.36    0.10    0.24
  LH1-00               CONDUIT     8.544     0  09:22      2.33    0.20    0.39
  LSC01-07             CONDUIT    13.675     0  09:22      3.15    1.14    0.53
  LSC01-10.1           CONDUIT    11.137     0  09:21      3.04    0.19    0.49
  LBP01-14             CONDUIT    20.610     0  08:29      2.65    0.55    1.00
  LBP01-20             CONDUIT    25.871     0  10:19      2.51    9.12    1.00
  1508.1               CONDUIT    17.825     0  08:47      1.96    2.36    1.00
  p-07                 CONDUIT    18.672     0  08:47      2.35    2.36    1.00
  1510.1               CONDUIT    10.604     0  08:38      2.90    0.89    1.00
  p-04                 CONDUIT    14.150     0  08:47      3.34    0.80    1.00
  LBP11-05             CONDUIT     2.779     0  09:21      1.76    0.68    0.70
  LBP13-01             CONDUIT     9.131     0  09:32      2.65    0.55    1.00
  LBP13-01.1           CONDUIT     9.131     0  09:32      2.58    2.00    1.00
  NHL_015              CONDUIT    29.774     0  08:26     10.30    1.93    1.00
  SDCL_010             CONDUIT    63.017     0  09:29      8.20    0.37    0.37
  SDCL_009             CONDUIT    59.764     0  09:29     10.73    0.72    0.53
  SDCL_008             CONDUIT    59.767     0  09:29      5.87    0.46    0.61
  SDCL_007             CONDUIT    59.766     0  09:29      7.18    0.47    0.50
  SDCL_039             CONDUIT   235.241     0  09:31      2.85    1.80    0.77
  SDCL_031             CONDUIT   174.441     0  08:47      2.89    0.33    0.78
  SDCL_034             CONDUIT   206.277     0  09:29      2.88    0.76    0.75
  SDCL_027             CONDUIT   148.384     0  09:31      2.69    0.57    0.88
  SDCL_033             CONDUIT   227.234     0  09:28      3.28    0.58    0.85
  SDCL_032             CONDUIT   289.974     0  08:43      5.07    0.47    0.89
  SDCL_038             CONDUIT   202.800     0  09:31      2.48    0.40    0.73
  SDCL_037             CONDUIT   202.722     0  09:31      2.60    0.40    0.73
  SDCL_036             CONDUIT   202.528     0  09:30      2.74    0.50    0.72
  SDCL_035             CONDUIT   202.993     0  09:30      2.81    0.61    0.74
  SDCL_003             CHANNEL    29.399     0  09:43      2.03    0.04    0.25
  NHL_032              CHANNEL    29.399     0  09:42      2.08    0.17    0.40
  SDCL_025             CONDUIT   100.519     0  09:33      1.86    0.71    0.82
  SDCL_024             CONDUIT   100.426     0  09:28      1.76    0.34    0.84
  SDCL_023             CONDUIT   107.821     0  09:15      2.29    0.29    0.80
  SDCL_026             CONDUIT   148.339     0  09:27      2.47    0.45    0.83
  SDCL_026_1           CONDUIT   148.544     0  09:30      1.97    0.35    0.75
  SDCL_017             CONDUIT    78.881     0  09:42      1.17    0.23    0.99
  SDCL_013             CONDUIT    62.990     0  09:29      1.50    0.27    0.93
  SDCL_011             CONDUIT    63.013     0  09:29      6.67    0.34    0.47
  SDCL_016             CONDUIT    92.749     0  08:52      2.91    0.24    0.84
  SDCL_012             CONDUIT    63.025     0  09:28      2.47    0.23    0.72
  SDCL_016_1           CONDUIT   299.410     0  08:47      6.39    0.69    0.96
  NHL_006              CONDUIT    29.420     0  09:43      5.51    1.00    0.93
  NHL_029              CHANNEL    29.401     0  09:42      3.76    0.41    0.67
  NHL_020              CONDUIT    29.399     0  09:42     11.91    0.86    0.62
  SDCL_001             CHANNEL    29.399     0  09:43      3.93    0.02    0.14
  SDCL_006             CONDUIT    59.766     0  09:29     11.88    0.73    0.56
  SDCL_004             CONDUIT    29.399     0  09:43      7.11    0.36    0.53
  SDCL_014             CONDUIT    62.974     0  09:29     10.57    0.87    0.73
  SDCL_018             CONDUIT    69.480     0  09:34      4.47    1.05    1.00
  SDCL_020             CONDUIT   100.340     0  09:32      6.30    1.30    1.00
  SDCL_021             CONDUIT    99.809     0  09:29      7.09    1.66    0.92
  SDCL_028             CONDUIT   148.247     0  09:31      6.89    1.12    0.79
  SDCL_040             CONDUIT   235.320     0  09:31      5.95    1.51    0.77
  LH7.1                CONDUIT     6.608     0  09:27      2.08    1.08    0.86
  LYS90.1              CONDUIT    14.358     0  09:26      1.26    0.31    0.81
  LYS92-00.1           CONDUIT    19.399     0  09:26      2.13    0.39    0.75
  LYS90.2              CONDUIT    16.429     0  09:26      1.53    0.75    0.77
  LYS90.3              CONDUIT    13.979     0  09:24      1.32    0.67    0.76
  LYS92-01.1           CONDUIT    17.727     0  09:24      1.76    0.79    0.83
  LYS90.4              CONDUIT     7.808     0  09:23      1.45    1.65    0.77
  LYS91-01.2           CONDUIT    16.210     0  09:23      1.78    1.60    0.75
  LYS92-01.2           CONDUIT     7.820     0  09:23      1.45    1.65    0.77
  L1976                CONDUIT     3.551     0  09:27      2.18    0.03    1.00
  L1978                CONDUIT     2.963     1  00:43      1.97    0.42    1.00
  L1979                CONDUIT     3.070     0  09:24      0.38    0.01    1.00
  L1981                CONDUIT     5.561     0  09:25      0.69    0.78    1.00
  L1982                CONDUIT    33.843     0  10:19      4.49    0.15    1.00
  L1983                CONDUIT    35.761     0  09:48      4.70    0.16    1.00
  L1984                CONDUIT    30.892     0  10:18      4.01    0.14    1.00
  L1985                CONDUIT    29.142     0  09:52      2.13    0.06    1.00
  LYS96-1.2            CONDUIT    17.947     0  09:27      2.37    0.50    0.55
  LYS96-1              CONDUIT    17.996     0  09:30      2.28    0.48    0.58
  LYS96-2              CONDUIT    15.842     0  09:27      2.60    0.77    0.52
  TP00                 CONDUIT    66.270     0  09:29      4.02    1.87    0.56
  TP01                 CONDUIT    71.041     0  09:27      2.68    1.64    0.58
  TP03                 CONDUIT    70.926     0  09:27      2.46    0.69    1.00
  TP02                 CONDUIT    70.760     0  09:27      4.15    1.64    0.52
  L1997                CONDUIT    37.663     0  09:25      5.56    1.07    0.93
  L1999                CONDUIT    18.991     0  09:22      4.24    0.68    0.77
  L2004                CONDUIT    27.120     0  09:30      2.58    0.26    0.74
  L2005                CONDUIT    27.690     0  09:29      3.67    0.48    0.50
  L2007                CONDUIT    20.576     0  08:28      1.11    7.13    1.00
  L2008                CONDUIT     7.182     0  09:22      2.68    0.81    0.72
  L2009                CONDUIT    27.683     0  09:29      2.87    0.48    0.64
  L2010                CONDUIT    27.695     0  09:30      2.09    0.48    0.89
  L2011                CONDUIT    24.497     0  09:36      1.63    1.00    1.00
  LSC15-0611           CONDUIT    23.829     0  09:30      4.26    3.25    1.00
  LSC15-0612           CONDUIT    49.425     0  09:35      5.01    3.73    1.00
  1674.1               CONDUIT    77.876     0  09:31      6.37    2.70    0.67
  aaaaa                CONDUIT    11.382     0  09:33      6.87    4.02    0.67
  wwwww                CONDUIT    76.643     0  09:30      5.99    0.24    0.31
  1                    CONDUIT     9.053     0  09:31      1.28    0.33    0.46
  PumpBP               PUMP        0.000     0  00:00              0.00
  PumpSC               PUMP       23.330     0  08:31              1.00
  PumpSR               PUMP       12.920     0  01:36              1.00
  PumpSP               PUMP       32.700     0  08:07              1.00
  
  
  ***************************
  Flow Classification Summary
  ***************************
  
  -------------------------------------------------------------------------------------
                      Adjusted    ---------- Fraction of Time in Flow Class ---------- 
                       /Actual         Up    Down  Sub   Sup   Up    Down  Norm  Inlet 
  Conduit               Length    Dry  Dry   Dry   Crit  Crit  Crit  Crit  Ltd   Ctrl  
  -------------------------------------------------------------------------------------
  LBP01-30                1.00   0.02  0.04  0.00  0.94  0.00  0.00  0.00  0.98  0.00
  LBP01-29                1.00   0.02  0.00  0.00  0.69  0.29  0.00  0.00  0.95  0.00
  LBP01-28                1.00   0.02  0.00  0.00  0.81  0.17  0.00  0.00  0.39  0.00
  LBP01-27                1.00   0.02  0.00  0.00  0.01  0.02  0.00  0.95  0.00  0.00
  LBP01-26                1.00   0.02  0.00  0.00  0.98  0.00  0.00  0.00  0.11  0.00
  LBP01-25                1.00   0.02  0.00  0.00  0.40  0.00  0.00  0.58  0.01  0.00
  216.1                   1.00   0.02  0.00  0.00  0.96  0.02  0.00  0.00  0.00  0.00
  p-01                    1.00   0.02  0.00  0.00  0.95  0.03  0.00  0.00  0.00  0.00
  218.1                   1.00   0.02  0.00  0.00  0.91  0.07  0.00  0.00  0.06  0.00
  p-02                    1.00   0.02  0.00  0.00  0.84  0.14  0.00  0.00  0.14  0.00
  220.1                   1.00   0.02  0.00  0.00  0.04  0.00  0.00  0.94  0.00  0.00
  p-03                    1.00   0.02  0.00  0.00  0.04  0.00  0.00  0.94  0.00  0.00
  222.1                   1.00   0.02  0.01  0.00  0.92  0.05  0.00  0.00  0.23  0.00
  p-05                    1.00   0.02  0.01  0.00  0.91  0.06  0.00  0.00  0.24  0.00
  226.1                   1.00   0.02  0.00  0.00  0.98  0.00  0.00  0.00  0.00  0.00
  L-05                    1.00   0.02  0.00  0.00  0.98  0.00  0.00  0.00  0.00  0.00
  228.1                   1.00   0.02  0.00  0.00  0.98  0.00  0.00  0.00  0.00  0.00
  L-04                    1.00   0.02  0.00  0.00  0.98  0.00  0.00  0.00  0.00  0.00
  230.1                   1.00   0.02  0.00  0.00  0.98  0.00  0.00  0.00  0.00  0.00
  L-03                    1.00   0.02  0.00  0.00  0.98  0.00  0.00  0.00  0.00  0.00
  232.1                   1.00   0.02  0.00  0.00  0.98  0.00  0.00  0.00  0.00  0.00
  L-02                    1.00   0.02  0.00  0.00  0.98  0.00  0.00  0.00  0.00  0.00
  234.1                   1.00   0.02  0.00  0.00  0.98  0.00  0.00  0.00  0.00  0.00
  L-01                    1.00   0.02  0.00  0.00  0.98  0.00  0.00  0.00  0.00  0.00
  LBP01-13                1.00   0.02  0.00  0.00  0.98  0.00  0.00  0.00  0.08  0.00
  LBP01-12                1.00   0.02  0.00  0.00  0.98  0.00  0.00  0.00  0.00  0.00
  LBP01-11                1.00   0.02  0.00  0.00  0.98  0.00  0.00  0.00  0.09  0.00
  LBP01-10                1.00   0.02  0.00  0.00  0.98  0.00  0.00  0.00  0.00  0.00
  LBP01-09                1.00   0.02  0.01  0.00  0.97  0.00  0.00  0.00  0.00  0.00
  LBP01-08                1.00   0.02  0.00  0.00  0.98  0.00  0.00  0.00  0.00  0.00
  LBP01-07                1.00   0.02  0.00  0.00  0.98  0.00  0.00  0.00  0.00  0.00
  LBP01-06                1.00   0.02  0.00  0.00  0.98  0.00  0.00  0.00  0.00  0.00
  LBP01-05                1.00   0.02  0.00  0.00  0.98  0.00  0.00  0.00  0.02  0.00
  LBP01-04                1.00   0.02  0.00  0.00  0.98  0.00  0.00  0.00  0.00  0.00
  LBP01-03                1.00   0.02  0.00  0.00  0.98  0.00  0.00  0.00  0.00  0.00
  LBP15-00                1.00   0.02  0.00  0.00  0.04  0.00  0.00  0.94  0.00  0.00
  LBP02-03                1.00   0.02  0.00  0.00  0.90  0.09  0.00  0.00  0.00  0.00
  LBP02-02                1.00   0.02  0.00  0.00  0.95  0.03  0.00  0.00  0.12  0.00
  LBP02-01                1.00   0.02  0.00  0.00  0.97  0.01  0.00  0.00  0.13  0.00
  LBP02-00                1.00   0.02  0.00  0.00  0.95  0.00  0.00  0.03  0.12  0.00
  LBP03-03                1.00   0.02  0.04  0.00  0.95  0.00  0.00  0.00  0.14  0.00
  LBP03-02                1.00   0.02  0.01  0.00  0.86  0.12  0.00  0.00  0.01  0.00
  LBP03-01                1.00   0.02  0.00  0.00  0.98  0.00  0.00  0.00  0.04  0.00
  LBP03-00                1.00   0.02  0.00  0.00  0.85  0.00  0.00  0.13  0.01  0.00
  LBP05-02                1.00   0.02  0.00  0.00  0.73  0.00  0.00  0.25  0.55  0.00
  LBP05-01                1.00   0.02  0.00  0.00  0.88  0.00  0.00  0.10  0.03  0.00
  LBP05-00                1.00   0.02  0.00  0.00  0.78  0.00  0.00  0.20  0.00  0.00
  LBP04-03                1.00   0.02  0.00  0.00  0.98  0.00  0.00  0.00  0.00  0.00
  LBP04-02                1.00   0.02  0.00  0.00  0.95  0.03  0.00  0.00  0.00  0.00
  LBP04-01                1.00   0.02  0.00  0.00  0.93  0.05  0.00  0.00  0.17  0.00
  LBP04-00                1.00   0.02  0.00  0.00  0.79  0.00  0.00  0.19  0.00  0.00
  LBP04-12                1.00   0.02  0.00  0.00  0.98  0.00  0.00  0.00  0.36  0.00
  LBP04-11                1.00   0.02  0.00  0.00  0.00  0.00  0.00  0.98  0.00  0.00
  LBP04-10                1.00   0.02  0.00  0.00  0.76  0.00  0.00  0.22  0.49  0.00
  LBP04-09                1.00   0.02  0.00  0.00  0.98  0.00  0.00  0.00  0.02  0.00
  LBP04-08                1.00   0.02  0.00  0.00  0.98  0.00  0.00  0.00  0.00  0.00
  LBP04-07                1.00   0.02  0.00  0.00  0.98  0.00  0.00  0.00  0.00  0.00
  LBP04-06                1.00   0.02  0.00  0.00  0.98  0.00  0.00  0.00  0.00  0.00
  LBP04-05                1.00   0.02  0.00  0.00  0.98  0.00  0.00  0.00  0.00  0.00
  LBP04-04                1.00   0.02  0.00  0.00  0.98  0.00  0.00  0.00  0.03  0.00
  LBP06-11                1.00   0.02  0.01  0.00  0.94  0.04  0.00  0.00  0.93  0.00
  LBP06-09                1.00   0.02  0.00  0.00  0.01  0.00  0.00  0.97  0.00  0.00
  LBP06-07                1.00   0.02  0.00  0.00  0.98  0.00  0.00  0.00  0.89  0.00
  LBP06-06                1.00   0.02  0.00  0.00  0.98  0.00  0.00  0.00  0.00  0.00
  LBP06-05                1.00   0.02  0.00  0.00  0.97  0.00  0.00  0.01  0.00  0.00
  LBP06-04.1              1.00   0.02  0.01  0.00  0.97  0.00  0.00  0.00  0.03  0.00
  LBP06-04.2              1.00   0.03  0.00  0.00  0.96  0.00  0.00  0.01  0.00  0.00
  LBP06-03.1              1.00   0.02  0.00  0.00  0.98  0.00  0.00  0.00  0.00  0.00
  LBP06-03.2              1.00   0.02  0.01  0.00  0.97  0.00  0.00  0.00  0.00  0.00
  LBP06-02                1.00   0.02  0.00  0.00  0.98  0.00  0.00  0.00  0.06  0.00
  LBP06-01                1.00   0.02  0.00  0.00  0.80  0.00  0.00  0.18  0.00  0.00
  LBP06-00.1              1.00   0.02  0.14  0.00  0.84  0.00  0.00  0.00  0.13  0.00
  LBP06-00.2              1.00   0.02  0.00  0.00  0.98  0.00  0.00  0.00  0.01  0.00
  LBP08-05                1.00   0.04  0.17  0.00  0.79  0.00  0.00  0.00  0.72  0.00
  LBP08-02                1.00   0.02  0.02  0.00  0.71  0.25  0.00  0.00  0.85  0.00
  LBP08-00                1.00   0.02  0.00  0.00  0.98  0.00  0.00  0.00  0.21  0.00
  LBP07-01                1.00   0.02  0.09  0.00  0.73  0.16  0.00  0.00  0.58  0.00
  LBP07-00                1.00   0.02  0.00  0.00  0.00  0.00  0.00  0.98  0.00  0.00
  LBP09-01                1.00   0.02  0.03  0.00  0.66  0.28  0.00  0.00  0.94  0.00
  LBP09-00                1.00   0.02  0.00  0.00  0.79  0.01  0.00  0.18  0.80  0.00
  LBP10-00                1.00   0.02  0.00  0.00  0.00  0.00  0.00  0.98  0.00  0.00
  LBP12-01                1.00   0.02  0.22  0.00  0.45  0.31  0.00  0.00  0.92  0.00
  LBP12-00                1.00   0.02  0.00  0.00  0.08  0.11  0.00  0.79  0.19  0.00
  LBP11-05.1              1.00   0.02  0.00  0.00  0.97  0.01  0.00  0.00  0.00  0.00
  LBP11-04                1.00   0.02  0.00  0.00  0.92  0.06  0.00  0.00  0.00  0.00
  LBP11-03                1.00   0.02  0.00  0.00  0.63  0.35  0.00  0.00  0.09  0.00
  LBP11-02                1.00   0.02  0.00  0.00  0.66  0.32  0.00  0.00  0.52  0.00
  LBP11-01                1.00   0.02  0.00  0.00  0.89  0.09  0.00  0.00  0.86  0.00
  LBP11-00                1.00   0.02  0.00  0.00  0.79  0.00  0.00  0.19  0.00  0.00
  LBP11-06                1.00   0.02  0.11  0.00  0.87  0.00  0.00  0.00  0.86  0.00
  LBP13-13                1.00   0.02  0.56  0.00  0.42  0.00  0.00  0.00  0.65  0.00
  LBP13-12                1.00   0.02  0.00  0.00  0.00  0.00  0.00  0.98  0.00  0.00
  LBP13-11                1.00   0.02  0.00  0.00  0.00  0.00  0.00  0.98  0.00  0.00
  LBP13-10                1.00   0.07  0.08  0.00  0.68  0.16  0.00  0.00  0.22  0.00
  LBP13-09                1.00   0.02  0.06  0.00  0.68  0.24  0.00  0.00  0.16  0.00
  LBP13-08                1.00   0.02  0.00  0.00  0.68  0.30  0.00  0.00  0.70  0.00
  LBP13-07                1.00   0.02  0.00  0.00  0.00  0.00  0.00  0.98  0.00  0.00
  LBP13-06                1.00   0.02  0.00  0.00  0.98  0.00  0.00  0.00  0.35  0.00
  LBP13-05                1.00   0.02  0.00  0.00  0.98  0.00  0.00  0.00  0.01  0.00
  LBP13-04                1.00   0.02  0.00  0.00  0.97  0.01  0.00  0.00  0.04  0.00
  LBP13-03                1.00   0.02  0.00  0.00  0.98  0.00  0.00  0.00  0.12  0.00
  LBP13-02                1.00   0.02  0.00  0.00  0.03  0.00  0.00  0.95  0.00  0.00
  LBP13-01.2              1.00   0.02  0.00  0.00  0.98  0.00  0.00  0.00  0.77  0.00
  LBP13-00                1.00   0.02  0.00  0.00  0.98  0.00  0.00  0.00  0.76  0.00
  LBP14-00                1.00   0.02  0.00  0.00  0.00  0.00  0.00  0.98  0.00  0.00
  403.1                   1.00   0.02  0.00  0.00  0.81  0.00  0.00  0.17  0.00  0.00
  p-06                    1.00   0.02  0.00  0.00  0.81  0.00  0.00  0.17  0.01  0.00
  LBP08-01                1.00   0.02  0.00  0.00  0.00  0.00  0.00  0.98  0.00  0.00
  LBP08-03                1.00   0.02  0.89  0.00  0.09  0.00  0.00  0.00  0.74  0.00
  LBP06-08                1.00   0.02  0.00  0.00  0.98  0.00  0.00  0.00  0.00  0.00
  SCpump_in               1.00   0.03  0.00  0.00  0.76  0.00  0.13  0.08  0.00  0.00
  LNH01-28                1.00   0.02  0.00  0.00  0.00  0.00  0.00  0.98  0.00  0.00
  LNH01-27                1.00   0.02  0.00  0.00  0.00  0.00  0.00  0.98  0.00  0.00
  LNH01-26                1.00   0.02  0.61  0.00  0.18  0.19  0.00  0.00  0.98  0.00
  LNH01-25                1.00   0.18  0.00  0.00  0.00  0.00  0.00  0.82  0.00  0.00
  LNH01-24                1.00   0.10  0.00  0.00  0.05  0.11  0.00  0.74  0.04  0.00
  LNH01-23                1.00   0.02  0.07  0.00  0.67  0.24  0.00  0.00  0.28  0.00
  LNH01-22                1.00   0.02  0.00  0.00  0.98  0.00  0.00  0.00  0.98  0.00
  LNH01-21                1.00   0.02  0.00  0.00  0.83  0.15  0.00  0.00  0.00  0.00
  LNH01-20                1.00   0.02  0.00  0.00  0.02  0.96  0.00  0.00  0.19  0.00
  LNH01-19                1.00   0.02  0.00  0.00  0.28  0.70  0.00  0.00  0.98  0.00
  LNH01-18                1.00   0.02  0.00  0.00  0.62  0.36  0.00  0.00  0.27  0.00
  LNH01-17                1.00   0.02  0.00  0.00  0.00  0.00  0.00  0.98  0.00  0.00
  LNH01-16                1.00   0.02  0.00  0.00  0.98  0.00  0.00  0.00  0.00  0.00
  LNH01-15                1.00   0.02  0.00  0.00  0.98  0.00  0.00  0.00  0.29  0.00
  LNH01-14                1.00   0.02  0.00  0.00  0.98  0.00  0.00  0.00  0.00  0.00
  LNH01-13                1.00   0.02  0.00  0.00  0.98  0.00  0.00  0.00  0.00  0.00
  LNH01-12                1.00   0.02  0.00  0.00  0.06  0.00  0.00  0.92  0.00  0.00
  543.1                   1.00   0.02  0.00  0.00  0.97  0.01  0.00  0.00  0.49  0.00
  q-01                    1.00   0.02  0.00  0.00  0.97  0.01  0.00  0.00  0.47  0.00
  545.1                   1.00   0.02  0.00  0.00  0.98  0.00  0.00  0.00  0.00  0.00
  q-02                    1.00   0.02  0.00  0.00  0.98  0.00  0.00  0.00  0.00  0.00
  547.1                   1.00   0.02  0.00  0.00  0.98  0.00  0.00  0.00  0.00  0.00
  q-03                    1.00   0.02  0.00  0.00  0.98  0.00  0.00  0.00  0.00  0.00
  549.1                   1.00   0.02  0.00  0.00  0.63  0.00  0.00  0.36  0.00  0.00
  q-04                    1.00   0.02  0.00  0.00  0.63  0.00  0.00  0.36  0.00  0.00
  553.1                   1.00   0.02  0.00  0.00  0.85  0.13  0.00  0.00  0.00  0.00
  q-06                    1.00   0.02  0.00  0.00  0.90  0.09  0.00  0.00  0.00  0.00
  LNH01-05.1              1.00   0.02  0.18  0.00  0.80  0.00  0.00  0.00  0.78  0.00
  LNH01-04                1.00   0.02  0.19  0.00  0.79  0.00  0.00  0.00  0.57  0.00
  LNH01-03                1.00   0.02  0.00  0.00  0.98  0.00  0.00  0.00  0.00  0.00
  LNH01-02                1.00   0.02  0.00  0.00  0.98  0.00  0.00  0.00  0.22  0.00
  LNH01-01                1.00   0.02  0.00  0.00  0.98  0.00  0.00  0.00  0.17  0.00
  LNH02-01                1.00   0.02  0.00  0.00  0.00  0.00  0.00  0.98  0.00  0.00
  LNH02-00                1.00   0.02  0.00  0.00  0.00  0.05  0.00  0.94  0.03  0.00
  LNH03-02                1.00   0.16  0.00  0.00  0.00  0.00  0.00  0.84  0.00  0.00
  LNH03-01                1.00   0.06  0.00  0.00  0.93  0.00  0.00  0.00  0.06  0.00
  LNH03-00                1.00   0.02  0.05  0.00  0.93  0.00  0.00  0.00  0.15  0.00
  LNH04-03                1.00   0.02  0.00  0.00  0.00  0.00  0.00  0.98  0.00  0.00
  LNH04-02                1.00   0.02  0.00  0.00  0.00  0.01  0.00  0.97  0.01  0.00
  LNH04-01                1.00   0.02  0.56  0.00  0.10  0.31  0.00  0.00  0.89  0.00
  LNH04-00                1.00   0.02  0.00  0.00  0.00  0.00  0.00  0.98  0.00  0.00
  LNH05-02                1.00   0.02  0.00  0.00  0.00  0.00  0.00  0.98  0.00  0.00
  LNH05-01                1.00   0.02  0.60  0.00  0.13  0.25  0.00  0.00  0.97  0.00
  LNH05-00                1.00   0.02  0.00  0.00  0.00  0.00  0.00  0.98  0.00  0.00
  LNH06-00                1.00   0.02  0.00  0.00  0.08  0.00  0.00  0.90  0.08  0.00
  LNH07-13                1.00   0.02  0.00  0.00  0.00  0.00  0.00  0.98  0.00  0.00
  LNH07-12                1.00   0.02  0.57  0.00  0.10  0.31  0.00  0.00  0.91  0.00
  LNH07-11                1.00   0.02  0.00  0.00  0.00  0.00  0.00  0.98  0.00  0.00
  LNH07-10                1.00   0.02  0.41  0.00  0.33  0.24  0.00  0.00  0.83  0.00
  LNH07-09                1.00   0.14  0.00  0.00  0.00  0.00  0.00  0.86  0.00  0.00
  LNH07-08                1.00   0.09  0.05  0.00  0.48  0.38  0.00  0.00  0.33  0.00
  LNH07-07                1.00   0.04  0.06  0.00  0.64  0.27  0.00  0.00  0.79  0.00
  LNH07-06                1.00   0.02  0.02  0.00  0.96  0.00  0.00  0.00  0.58  0.00
  LNH07-05                1.00   0.02  0.00  0.00  0.64  0.35  0.00  0.00  0.16  0.00
  LNH07-04                1.00   0.02  0.00  0.00  0.37  0.61  0.00  0.00  0.44  0.00
  LNH07-03                1.00   0.02  0.00  0.00  0.30  0.69  0.00  0.00  0.84  0.00
  LNH07-02                1.00   0.02  0.00  0.00  0.30  0.69  0.00  0.00  0.90  0.00
  LNH07-01                1.00   0.02  0.00  0.00  0.54  0.44  0.00  0.00  0.98  0.00
  LNH07-00                1.00   0.02  0.00  0.00  0.74  0.24  0.00  0.00  0.77  0.00
  LNH11-03                1.00   0.40  0.00  0.00  0.00  0.06  0.00  0.54  0.06  0.00
  LNH11-02                1.00   0.02  0.35  0.00  0.37  0.26  0.00  0.00  0.82  0.00
  LNH11-01                1.00   0.02  0.00  0.00  0.00  0.00  0.00  0.98  0.00  0.00
  LNH11-00                1.00   0.02  0.00  0.00  0.00  0.00  0.00  0.98  0.00  0.00
  LNH10-00                1.00   0.14  0.20  0.00  0.34  0.32  0.00  0.00  0.81  0.00
  LNH10-03                1.00   0.02  0.62  0.00  0.35  0.01  0.00  0.00  0.98  0.00
  LNH10-02                1.00   0.02  0.00  0.00  0.00  0.00  0.00  0.98  0.00  0.00
  LNH10-01                1.00   0.02  0.00  0.00  0.00  0.00  0.00  0.98  0.00  0.00
  LNH08-02                1.00   0.02  0.00  0.00  0.00  0.00  0.00  0.98  0.00  0.00
  LNH08-01                1.00   0.03  0.00  0.00  0.00  0.00  0.00  0.97  0.00  0.00
  LNH08-00                1.00   0.02  0.00  0.00  0.00  0.04  0.00  0.94  0.04  0.00
  LNH09-00                1.00   0.02  0.00  0.00  0.00  0.00  0.00  0.98  0.00  0.00
  LNH12-01                1.00   0.02  0.66  0.00  0.03  0.29  0.00  0.00  0.98  0.00
  LNH12-00                1.00   0.02  0.00  0.00  0.00  0.01  0.00  0.97  0.01  0.00
  LNH13-00                1.00   0.02  0.00  0.00  0.04  0.00  0.00  0.94  0.04  0.00
  LNH14-01                1.00   0.02  0.00  0.00  0.02  0.17  0.00  0.79  0.28  0.00
  LNH14-00                1.00   0.02  0.00  0.00  0.00  0.00  0.00  0.98  0.00  0.00
  LNH15-06                1.00   0.02  0.60  0.00  0.07  0.31  0.00  0.00  0.98  0.00
  LNH15-05                1.00   0.02  0.00  0.00  0.02  0.33  0.00  0.63  0.32  0.00
  LNH15-04                1.00   0.02  0.00  0.00  0.00  0.00  0.00  0.98  0.00  0.00
  LNH15-03                1.00   0.02  0.00  0.00  0.00  0.14  0.00  0.85  0.13  0.00
  LNH15-02                1.00   0.02  0.00  0.00  0.00  0.00  0.00  0.98  0.00  0.00
  LNH15-01                1.00   0.02  0.00  0.00  0.00  0.21  0.00  0.78  0.11  0.00
  LNH15-00                1.00   0.02  0.00  0.00  0.00  0.00  0.00  0.98  0.00  0.00
  LNH16-00                1.00   0.02  0.00  0.00  0.00  0.00  0.00  0.98  0.00  0.00
  LNH18-06                1.00   0.02  0.56  0.00  0.43  0.00  0.00  0.00  0.98  0.00
  LNH18-05                1.00   0.02  0.00  0.00  0.00  0.00  0.00  0.98  0.00  0.00
  LNH18-04                1.00   0.02  0.00  0.00  0.00  0.01  0.00  0.98  0.00  0.00
  LNH18-03                1.00   0.02  0.00  0.00  0.00  0.00  0.00  0.98  0.00  0.00
  LNH18-02                1.00   0.02  0.42  0.00  0.32  0.24  0.00  0.00  0.98  0.00
  LNH18-01                1.00   0.02  0.00  0.00  0.00  0.16  0.00  0.81  0.16  0.00
  LNH18-00                1.00   0.02  0.00  0.00  0.21  0.00  0.00  0.78  0.00  0.00
  LNH17-01                1.00   0.02  0.00  0.00  0.00  0.02  0.00  0.96  0.02  0.00
  LNH17-00                1.00   0.02  0.00  0.00  0.00  0.00  0.00  0.98  0.00  0.00
  LBC01-1821              1.00   0.04  0.81  0.00  0.16  0.00  0.00  0.00  0.85  0.00
  LBC01-1822              1.00   0.02  0.02  0.00  0.96  0.00  0.00  0.00  0.00  0.00
  LBC01-1823              1.00   0.03  0.00  0.00  0.96  0.00  0.00  0.00  0.00  0.00
  LBC01-16                1.00   0.02  0.00  0.00  0.30  0.00  0.00  0.68  0.00  0.00
  LBPC-42.1               1.00   0.02  0.00  0.00  0.98  0.00  0.00  0.00  0.00  0.00
  LBPC-42.2               1.00   0.97  0.01  0.00  0.02  0.00  0.00  0.00  0.75  0.00
  LBPC-42.3               1.00   0.02  0.00  0.00  0.98  0.00  0.00  0.00  0.00  0.00
  LBPC-41.1               1.00   0.02  0.00  0.00  0.98  0.00  0.00  0.00  0.00  0.00
  LBPC-41.2               1.00   0.97  0.00  0.00  0.03  0.00  0.00  0.00  0.75  0.00
  LBPC-41.3               1.00   0.02  0.00  0.00  0.98  0.00  0.00  0.00  0.00  0.00
  LBPC-40.1               1.00   0.02  0.00  0.00  0.98  0.00  0.00  0.00  0.00  0.00
  LBPC-40.2               1.00   0.96  0.01  0.00  0.03  0.00  0.00  0.00  0.74  0.00
  LBPC-40.3               1.00   0.02  0.00  0.00  0.98  0.00  0.00  0.00  0.00  0.00
  LBPC-39.21              1.00   0.02  0.00  0.00  0.98  0.00  0.00  0.00  0.00  0.00
  LBPC-39.22              1.00   0.96  0.01  0.00  0.03  0.00  0.00  0.00  0.00  0.00
  LBPC-39.11              1.00   0.02  0.00  0.00  0.98  0.00  0.00  0.00  0.00  0.00
  LBPC-39.12              1.00   0.97  0.01  0.00  0.02  0.00  0.01  0.00  0.00  0.00
  LBPC-38.21              1.00   0.02  0.00  0.00  0.98  0.00  0.00  0.00  0.00  0.00
  LBPC-38.22              1.00   0.98  0.00  0.00  0.02  0.00  0.00  0.00  0.75  0.00
  LBPC-38.11              1.00   0.02  0.00  0.00  0.98  0.00  0.00  0.00  0.00  0.00
  LBPC-38.12              1.00   0.98  0.00  0.00  0.02  0.00  0.00  0.00  0.00  0.00
  LBPC-37.31              1.00   0.02  0.00  0.00  0.98  0.00  0.00  0.00  0.00  0.00
  LBPC-37.32              1.00   0.98  0.00  0.00  0.02  0.00  0.00  0.00  0.75  0.00
  LBPC-37.21              1.00   0.02  0.00  0.00  0.98  0.00  0.00  0.00  0.00  0.00
  LBPC-37.22              1.00   0.98  0.00  0.00  0.02  0.00  0.00  0.00  0.00  0.00
  LBPC-37.11              1.00   0.02  0.00  0.00  0.98  0.00  0.00  0.00  0.00  0.00
  LBPC-37.12              1.00   0.98  0.00  0.00  0.02  0.00  0.00  0.00  0.75  0.00
  LBPC-36.1               1.00   0.02  0.00  0.00  0.98  0.00  0.00  0.00  0.20  0.00
  LBPC-36.2               1.00   0.96  0.02  0.00  0.02  0.00  0.00  0.00  0.75  0.00
  LBPC-35.31              1.00   0.02  0.00  0.00  0.98  0.00  0.00  0.00  0.00  0.00
  LBPC-35.32              1.00   0.96  0.00  0.00  0.04  0.00  0.00  0.00  0.00  0.00
  LBPC-35.11              1.00   0.02  0.00  0.00  0.98  0.00  0.00  0.00  0.00  0.00
  LBPC-35.12              1.00   0.96  0.00  0.00  0.04  0.00  0.00  0.00  0.00  0.00
  LBPC-34.1               1.00   0.02  0.00  0.00  0.98  0.00  0.00  0.00  0.01  0.00
  LBPC-34.2               1.00   0.94  0.02  0.00  0.04  0.00  0.00  0.00  0.01  0.00
  LBPC-325                1.00   0.02  0.01  0.00  0.79  0.18  0.00  0.00  0.02  0.00
  LBC04-01                1.00   0.02  0.56  0.00  0.15  0.27  0.00  0.00  0.96  0.00
  LBC04-00                1.00   0.02  0.00  0.00  0.00  0.00  0.00  0.98  0.00  0.00
  LBC03-04                1.00   0.02  0.62  0.00  0.07  0.29  0.00  0.00  0.98  0.00
  LBC03-03                1.00   0.02  0.00  0.00  0.00  0.00  0.00  0.98  0.00  0.00
  LBC03-02                1.00   0.02  0.60  0.00  0.04  0.34  0.00  0.00  0.98  0.00
  LBC03-01                1.00   0.02  0.00  0.00  0.00  0.00  0.00  0.98  0.00  0.00
  LBC03-00                1.00   0.02  0.00  0.00  0.03  0.03  0.00  0.92  0.06  0.00
  LBC02-00                1.00   0.02  0.00  0.00  0.02  0.03  0.00  0.94  0.04  0.00
  LBC09-00                1.00   0.02  0.43  0.00  0.53  0.02  0.00  0.00  0.95  0.00
  LBC10-00                1.00   0.02  0.00  0.00  0.00  0.02  0.00  0.97  0.00  0.00
  LBC11-02                1.00   0.02  0.00  0.00  0.00  0.13  0.00  0.85  0.13  0.00
  LBC11-00                1.00   0.02  0.41  0.00  0.27  0.09  0.00  0.20  0.76  0.00
  LSR01-10                1.00   0.02  0.51  0.00  0.29  0.18  0.00  0.00  0.98  0.00
  LSR01-09                1.00   0.02  0.20  0.00  0.78  0.00  0.00  0.00  0.95  0.00
  LSR01-08                1.00   0.02  0.01  0.00  0.00  0.00  0.98  0.00  0.00  0.00
  LSR01-07                1.00   0.08  0.00  0.00  0.00  0.00  0.00  0.92  0.00  0.00
  LSR01-06                1.00   0.02  0.00  0.00  0.78  0.20  0.00  0.00  0.80  0.00
  LSR01-05                1.00   0.02  0.00  0.00  0.00  0.00  0.00  0.98  0.00  0.00
  LSR01-03                1.00   0.02  0.00  0.00  0.00  0.00  0.00  0.98  0.00  0.00
  LSR01-02                1.00   0.02  0.01  0.00  0.00  0.00  0.97  0.00  0.00  0.00
  LSR01-01                1.00   0.02  0.00  0.00  0.98  0.00  0.00  0.00  0.00  0.00
  LSR01-00                1.00   0.02  0.00  0.00  0.98  0.00  0.00  0.00  0.01  0.00
  LSR02-04                1.00   0.02  0.12  0.00  0.84  0.03  0.00  0.00  0.63  0.00
  LSR02-03                1.00   0.02  0.00  0.00  0.00  0.00  0.00  0.98  0.00  0.00
  LSR02-02                1.00   0.02  0.00  0.00  0.98  0.00  0.00  0.00  0.00  0.00
  InStr_Sr                1.00   0.02  0.00  0.00  0.11  0.00  0.00  0.86  0.00  0.00
  LSR03-00                1.00   0.02  0.00  0.00  0.24  0.00  0.00  0.74  0.00  0.00
  LBC01-2001              1.00   0.02  0.00  0.00  0.98  0.00  0.00  0.00  0.00  0.00
  LBC01-2002              1.00   0.03  0.59  0.00  0.38  0.00  0.00  0.00  0.58  0.00
  LBC01-19.1              1.00   0.02  0.00  0.00  0.97  0.00  0.00  0.01  0.00  0.00
  LBC01-19.2              1.00   0.02  0.00  0.00  0.97  0.00  0.00  0.01  0.00  0.00
  LBC01-19.3              1.00   0.03  0.00  0.00  0.97  0.00  0.00  0.00  0.00  0.00
  LBC12-00                1.00   0.02  0.00  0.00  0.00  0.00  0.00  0.98  0.00  0.00
  LBP01-01                1.00   0.02  0.00  0.00  0.98  0.00  0.00  0.00  0.00  0.00
  LBP01-00                1.00   0.02  0.00  0.00  0.95  0.00  0.00  0.03  0.00  0.00
  LYS01-18                1.00   0.18  0.10  0.00  0.70  0.02  0.00  0.00  0.94  0.00
  LYS01-17                1.00   0.18  0.01  0.00  0.57  0.24  0.00  0.00  0.17  0.00
  LYS01-16                1.00   0.13  0.05  0.00  0.49  0.33  0.00  0.00  0.28  0.00
  LYS01-15                1.00   0.02  0.11  0.00  0.84  0.04  0.00  0.00  0.98  0.00
  LYS01-14                1.00   0.02  0.00  0.00  0.98  0.00  0.00  0.00  0.21  0.00
  LYS01-13                1.00   0.02  0.00  0.00  0.00  0.00  0.00  0.98  0.00  0.00
  LYS01-12                1.00   0.02  0.00  0.00  0.64  0.34  0.00  0.00  0.37  0.00
  LYS01-11                1.00   0.02  0.00  0.00  0.33  0.65  0.00  0.00  0.07  0.00
  LYS01-10                1.00   0.02  0.00  0.00  0.30  0.68  0.00  0.00  0.92  0.00
  LYS01-09                1.00   0.02  0.00  0.00  0.98  0.00  0.00  0.00  0.27  0.00
  LYS01-08                1.00   0.02  0.00  0.00  0.98  0.00  0.00  0.00  0.00  0.00
  LYS01-07.1              1.00   0.02  0.00  0.00  0.98  0.00  0.00  0.00  0.00  0.00
  LYS01-07.2              1.00   0.02  0.00  0.00  0.98  0.00  0.00  0.00  0.00  0.00
  LYS01-06.1              1.00   0.02  0.00  0.00  0.98  0.00  0.00  0.00  0.00  0.00
  LYS01-06.2              1.00   0.02  0.00  0.00  0.98  0.00  0.00  0.00  0.00  0.00
  LYS01-05.1              1.00   0.02  0.00  0.00  0.98  0.00  0.00  0.00  0.00  0.00
  LYS01-05.2              1.00   0.02  0.00  0.00  0.98  0.00  0.00  0.00  0.00  0.00
  LYS01-04.1              1.00   0.02  0.00  0.00  0.98  0.00  0.00  0.00  0.00  0.00
  LYS01-04.2              1.00   0.02  0.00  0.00  0.83  0.15  0.00  0.00  0.02  0.00
  LYS01-03.1              1.00   0.02  0.00  0.00  0.00  0.00  0.00  0.98  0.00  0.00
  LYS01-02                1.00   0.02  0.00  0.00  0.04  0.03  0.00  0.91  0.00  0.00
  LYS02-05                1.00   0.02  0.00  0.00  0.19  0.04  0.00  0.75  0.28  0.00
  LYS02-04                1.00   0.02  0.00  0.00  0.00  0.00  0.00  0.98  0.00  0.00
  LYS02-03                1.00   0.02  0.00  0.00  0.00  0.01  0.00  0.97  0.01  0.00
  LYS02-02                1.00   0.02  0.53  0.00  0.27  0.18  0.00  0.00  0.37  0.00
  LYS02-01                1.00   0.02  0.00  0.00  0.00  0.00  0.00  0.98  0.00  0.00
  LYS02-00                1.00   0.02  0.00  0.00  0.07  0.00  0.00  0.91  0.00  0.00
  LYS03-00                1.00   0.02  0.00  0.00  0.00  0.00  0.00  0.98  0.00  0.00
  LYS05-10                1.00   0.02  0.00  0.00  0.00  0.00  0.00  0.98  0.00  0.00
  LYS05-09                1.00   0.02  0.00  0.00  0.00  0.00  0.00  0.98  0.00  0.00
  LYS05-08                1.00   0.02  0.13  0.00  0.63  0.23  0.00  0.00  0.85  0.00
  LYS05-07                1.00   0.02  0.00  0.00  0.00  0.00  0.00  0.98  0.00  0.00
  LYS05-06                1.00   0.02  0.17  0.00  0.47  0.35  0.00  0.00  0.76  0.00
  LYS05-05                1.00   0.02  0.00  0.00  0.00  0.25  0.00  0.73  0.25  0.00
  LYS05-04                1.00   0.02  0.00  0.00  0.02  0.00  0.00  0.96  0.00  0.00
  LYS05-03                1.00   0.02  0.00  0.00  0.84  0.14  0.00  0.00  0.00  0.00
  LYS05-02                1.00   0.02  0.00  0.00  0.70  0.28  0.00  0.00  0.97  0.00
  LYS05-00                1.00   0.02  0.00  0.00  0.02  0.01  0.00  0.96  0.00  0.00
  LYS06-00                1.00   0.02  0.00  0.00  0.05  0.00  0.00  0.93  0.02  0.00
  LYS07-01                1.00   0.02  0.00  0.00  0.00  0.00  0.00  0.98  0.00  0.00
  LYS07-00                1.00   0.02  0.00  0.00  0.06  0.01  0.00  0.91  0.07  0.00
  LYS08-11                1.00   0.02  0.12  0.00  0.86  0.00  0.00  0.00  0.98  0.00
  LYS08-10                1.00   0.02  0.00  0.00  0.00  0.00  0.00  0.98  0.00  0.00
  LYS08-09                1.00   0.02  0.00  0.00  0.68  0.31  0.00  0.00  0.84  0.00
  LYS08-08                1.00   0.02  0.00  0.00  0.00  0.00  0.00  0.98  0.00  0.00
  LYS08-07                1.00   0.02  0.00  0.00  0.64  0.34  0.00  0.00  0.97  0.00
  LYS08-06                1.00   0.02  0.00  0.00  0.98  0.00  0.00  0.00  0.69  0.00
  LYS08-05                1.00   0.02  0.00  0.00  0.84  0.14  0.00  0.00  0.00  0.00
  LYS08-04                1.00   0.02  0.00  0.00  0.67  0.31  0.00  0.00  0.45  0.00
  LYS08-03                1.00   0.02  0.00  0.00  0.70  0.28  0.00  0.00  0.16  0.00
  LYS08-02                1.00   0.02  0.00  0.00  0.45  0.52  0.00  0.00  0.14  0.00
  LYS08-00                1.00   0.02  0.00  0.00  0.00  0.09  0.00  0.89  0.00  0.00
  LYS09-01                1.00   0.02  0.00  0.00  0.00  0.00  0.00  0.98  0.00  0.00
  LYS09-00                1.00   0.02  0.00  0.00  0.01  0.00  0.00  0.98  0.00  0.00
  LYS10-01                1.00   0.02  0.00  0.00  0.00  0.02  0.00  0.96  0.02  0.00
  LYS10-00                1.00   0.02  0.00  0.00  0.00  0.02  0.00  0.96  0.02  0.00
  LYS11-03                1.00   0.02  0.00  0.00  0.00  0.00  0.00  0.98  0.00  0.00
  LYS11-02                1.00   0.02  0.00  0.00  0.00  0.00  0.00  0.98  0.00  0.00
  LYS12-05                1.00   0.02  0.00  0.00  0.00  0.00  0.00  0.98  0.00  0.00
  LYS12-04                1.00   0.06  0.16  0.00  0.61  0.17  0.00  0.00  0.92  0.00
  LYS12-03                1.00   0.02  0.05  0.00  0.69  0.25  0.00  0.00  0.94  0.00
  LYS12-02                1.00   0.02  0.00  0.00  0.90  0.08  0.00  0.00  0.96  0.00
  LYS12-01                1.00   0.02  0.00  0.00  0.00  0.00  0.00  0.98  0.00  0.00
  LYS12-00                1.00   0.02  0.00  0.00  0.00  0.00  0.00  0.98  0.00  0.00
  LYS13-07                1.00   0.22  0.32  0.00  0.46  0.00  0.00  0.00  0.71  0.00
  LYS13-06                1.00   0.21  0.01  0.00  0.40  0.00  0.00  0.38  0.04  0.00
  LYS13-05                1.00   0.02  0.00  0.00  0.32  0.00  0.00  0.66  0.00  0.00
  LYS13-04                1.00   0.02  0.00  0.00  0.01  0.00  0.00  0.98  0.00  0.00
  LYS13-03                1.00   0.02  0.06  0.00  0.48  0.43  0.00  0.00  0.98  0.00
  LYS13-02                1.00   0.02  0.00  0.00  0.00  0.10  0.00  0.88  0.09  0.00
  LYS13-01                1.00   0.02  0.00  0.00  0.93  0.06  0.00  0.00  0.81  0.00
  LYS13-00.1              1.00   0.71  0.00  0.00  0.15  0.00  0.00  0.14  0.04  0.00
  LYS13-00.2              1.00   0.02  0.00  0.00  0.14  0.00  0.00  0.84  0.02  0.00
  LYS14-02                1.00   0.02  0.00  0.00  0.00  0.20  0.00  0.78  0.19  0.00
  LYS14-01                1.00   0.02  0.00  0.00  0.00  0.00  0.00  0.98  0.00  0.00
  LYS14-00                1.00   0.09  0.00  0.00  0.17  0.13  0.00  0.61  0.37  0.00
  LYS18-01                1.00   0.02  0.00  0.00  0.00  0.00  0.00  0.98  0.00  0.00
  LYS18-00                1.00   0.02  0.46  0.00  0.52  0.00  0.00  0.00  0.01  0.00
  LYS15-02                1.00   0.02  0.00  0.00  0.74  0.24  0.00  0.00  0.12  0.00
  LYS15-01                1.00   0.02  0.46  0.00  0.21  0.32  0.00  0.00  0.34  0.00
  LYS15-00                1.00   0.02  0.00  0.00  0.03  0.04  0.00  0.92  0.05  0.00
  LYS16-03                1.00   0.02  0.00  0.00  0.00  0.25  0.00  0.73  0.19  0.00
  LYS16-02                1.00   0.02  0.00  0.00  0.00  0.00  0.00  0.98  0.00  0.00
  LYS16-01                1.00   0.02  0.00  0.00  0.00  0.00  0.00  0.98  0.00  0.00
  LYS16-00                1.00   0.02  0.00  0.00  0.00  0.02  0.00  0.96  0.02  0.00
  LYS17-00                1.00   0.02  0.00  0.00  0.00  0.00  0.00  0.98  0.00  0.00
  LYS95-00                1.00   0.03  0.00  0.00  0.97  0.00  0.00  0.00  0.00  0.00
  LYS95-01                1.00   0.03  0.54  0.00  0.01  0.05  0.37  0.00  0.00  0.00
  LYS96-2.2               1.00   0.04  0.79  0.00  0.17  0.00  0.00  0.00  0.80  0.00
  LYS92-01                1.00   0.02  0.00  0.00  0.97  0.01  0.00  0.00  0.88  0.00
  LYS92-00                1.00   0.02  0.00  0.00  0.98  0.00  0.00  0.00  0.00  0.00
  LYS93-00                1.00   0.02  0.00  0.00  0.13  0.00  0.00  0.86  0.00  0.00
  LYS94-00                1.00   0.03  0.00  0.00  0.20  0.00  0.77  0.00  0.00  0.00
  LYS99-00                1.00   0.02  0.00  0.00  0.94  0.00  0.00  0.04  0.00  0.00
  LYS99-01                1.00   0.02  0.01  0.00  0.97  0.00  0.00  0.00  0.72  0.00
  LYS11-01                1.00   0.62  0.02  0.00  0.02  0.29  0.00  0.05  0.92  0.00
  LYS11-00                1.00   0.02  0.00  0.00  0.00  0.04  0.00  0.94  0.04  0.00
  LYS05-001               1.00   0.02  0.00  0.00  0.12  0.00  0.00  0.86  0.00  0.00
  LSC01-21                1.00   0.25  0.26  0.00  0.36  0.13  0.00  0.00  0.95  0.00
  LSC01-20                1.00   0.18  0.08  0.00  0.42  0.33  0.00  0.00  0.71  0.00
  LSC01-19                1.00   0.06  0.11  0.00  0.47  0.36  0.00  0.00  0.92  0.00
  LSC01-18                1.00   0.05  0.01  0.00  0.47  0.46  0.00  0.00  0.86  0.00
  LSC01-17                1.00   0.02  0.03  0.00  0.64  0.31  0.00  0.00  0.91  0.00
  LSC01-16                1.00   0.02  0.00  0.00  0.98  0.00  0.00  0.00  0.84  0.00
  LSC01-15                1.00   0.02  0.00  0.00  0.00  0.00  0.00  0.98  0.00  0.00
  LSC01-14                1.00   0.02  0.00  0.00  0.20  0.78  0.00  0.00  0.12  0.00
  LSC01-13                1.00   0.02  0.00  0.00  0.44  0.54  0.00  0.00  0.96  0.00
  LSC01-12                1.00   0.02  0.00  0.00  0.69  0.29  0.00  0.00  0.22  0.00
  LSC01-11                1.00   0.02  0.00  0.00  0.35  0.63  0.00  0.00  0.10  0.00
  LSC01-10                1.00   0.02  0.00  0.00  0.68  0.30  0.00  0.00  0.18  0.00
  LSC01-09                1.00   0.02  0.00  0.00  0.98  0.00  0.00  0.00  0.00  0.00
  LSC01-08                1.00   0.02  0.00  0.00  0.97  0.01  0.00  0.00  0.05  0.00
  LSC01-07.1              1.00   0.02  0.00  0.00  0.98  0.00  0.00  0.00  0.09  0.00
  LSC01-06                1.00   0.02  0.00  0.00  0.68  0.30  0.00  0.00  0.08  0.00
  LSC01-05                1.00   0.02  0.00  0.00  0.97  0.01  0.00  0.00  0.53  0.00
  LSC01-04                1.00   0.02  0.00  0.00  0.98  0.00  0.00  0.00  0.00  0.00
  LSC01-03                1.00   0.02  0.00  0.00  0.98  0.00  0.00  0.00  0.00  0.00
  LSC01-02                1.00   0.02  0.00  0.00  0.98  0.00  0.00  0.00  0.00  0.00
  LSC01-01                1.00   0.02  0.00  0.00  0.00  0.00  0.00  0.98  0.00  0.00
  LSC01-00                1.00   0.91  0.00  0.00  0.08  0.00  0.00  0.01  0.00  0.00
  LSC02-03                1.00   0.02  0.40  0.00  0.58  0.00  0.00  0.00  0.98  0.00
  LSC02-02                1.00   0.02  0.00  0.00  0.86  0.11  0.00  0.00  0.00  0.00
  LSC02-01                1.00   0.02  0.00  0.00  0.54  0.44  0.00  0.00  0.16  0.00
  LSC02-00                1.00   0.02  0.00  0.00  0.17  0.82  0.00  0.00  0.36  0.00
  LSC03-00                1.00   0.02  0.36  0.00  0.62  0.00  0.00  0.00  0.98  0.00
  LSC04-00                1.00   0.02  0.49  0.00  0.46  0.02  0.00  0.01  0.96  0.00
  LSC05-07                1.00   0.19  0.24  0.00  0.29  0.28  0.00  0.00  0.96  0.00
  LSC05-06                1.00   0.03  0.16  0.00  0.80  0.01  0.00  0.00  0.98  0.00
  LSC05-05                1.00   0.02  0.01  0.00  0.83  0.14  0.00  0.00  0.33  0.00
  LSC05-04                1.00   0.02  0.00  0.00  0.00  0.00  0.00  0.98  0.00  0.00
  LSC05-03                1.00   0.02  0.00  0.00  0.98  0.00  0.00  0.00  0.98  0.00
  LSC05-02                1.00   0.02  0.00  0.00  0.76  0.22  0.00  0.00  0.31  0.00
  LSC05-01                1.00   0.02  0.00  0.00  0.71  0.27  0.00  0.00  0.09  0.00
  LSC05-00                1.00   0.02  0.00  0.00  0.00  0.04  0.00  0.94  0.01  0.00
  LSC06-04                1.00   0.02  0.42  0.00  0.54  0.02  0.00  0.00  0.87  0.00
  LSC06-03                1.00   0.02  0.00  0.00  0.66  0.32  0.00  0.00  0.20  0.00
  LSC06-02                1.00   0.02  0.00  0.00  0.67  0.31  0.00  0.00  0.86  0.00
  LSC06-01                1.00   0.02  0.00  0.00  0.62  0.36  0.00  0.00  0.26  0.00
  LSC06-00                1.00   0.02  0.00  0.00  0.93  0.05  0.00  0.00  0.21  0.00
  LSC08-02                1.00   0.02  0.21  0.00  0.45  0.32  0.00  0.00  0.88  0.00
  LSC08-01                1.00   0.02  0.00  0.00  0.68  0.30  0.00  0.00  0.92  0.00
  LSC08-00                1.00   0.02  0.00  0.00  0.00  0.03  0.00  0.95  0.01  0.00
  LSC07-03                1.00   0.14  0.11  0.00  0.60  0.14  0.00  0.00  0.18  0.00
  LSC07-02                1.00   0.05  0.10  0.00  0.56  0.30  0.00  0.00  0.91  0.00
  LSC07-01                1.00   0.02  0.03  0.00  0.91  0.04  0.00  0.00  0.94  0.00
  LSC07-00                1.00   0.02  0.00  0.00  0.05  0.02  0.00  0.91  0.07  0.00
  LSC09-01                1.00   0.02  0.56  0.00  0.42  0.00  0.00  0.00  0.89  0.00
  LSC09-00                1.00   0.02  0.00  0.00  0.00  0.00  0.00  0.98  0.00  0.00
  LSC10-16                1.00   0.16  0.29  0.00  0.22  0.34  0.00  0.00  0.66  0.00
  LSC10-15                1.00   0.16  0.00  0.00  0.00  0.03  0.00  0.81  0.03  0.00
  LSC10-14                1.00   0.05  0.07  0.00  0.49  0.39  0.00  0.00  0.68  0.00
  LSC10-13                1.00   0.02  0.03  0.00  0.51  0.44  0.00  0.00  0.80  0.00
  LSC10-12                1.00   0.02  0.00  0.00  0.00  0.00  0.00  0.98  0.00  0.00
  LSC10-11                1.00   0.02  0.00  0.00  0.39  0.59  0.00  0.00  0.66  0.00
  LSC10-10                1.00   0.02  0.00  0.00  0.59  0.39  0.00  0.00  0.51  0.00
  LSC10-09                1.00   0.02  0.00  0.00  0.62  0.36  0.00  0.00  0.73  0.00
  LSC10-08                1.00   0.02  0.00  0.00  0.66  0.32  0.00  0.00  0.26  0.00
  LSC10-07                1.00   0.02  0.00  0.00  0.58  0.40  0.00  0.00  0.32  0.00
  LSC10-06                1.00   0.02  0.00  0.00  0.73  0.25  0.00  0.00  0.92  0.00
  LSC10-05                1.00   0.02  0.00  0.00  0.62  0.36  0.00  0.00  0.62  0.00
  LSC10-04                1.00   0.02  0.00  0.00  0.75  0.24  0.00  0.00  0.88  0.00
  LSC10-03                1.00   0.02  0.00  0.00  0.75  0.23  0.00  0.00  0.09  0.00
  LSC10-02                1.00   0.02  0.00  0.00  0.88  0.10  0.00  0.00  0.41  0.00
  LSC10-01                1.00   0.02  0.00  0.00  0.98  0.00  0.00  0.00  0.03  0.00
  LSC10-00                1.00   0.02  0.00  0.00  0.79  0.20  0.00  0.00  0.00  0.00
  LSC11-04                1.00   0.02  0.00  0.00  0.00  0.00  0.00  0.98  0.00  0.00
  LSC11-03                1.00   0.65  0.02  0.00  0.05  0.28  0.00  0.00  0.98  0.00
  LSC11-02                1.00   0.04  0.62  0.00  0.04  0.30  0.00  0.00  0.69  0.00
  LSC11-01                1.00   0.02  0.02  0.00  0.78  0.18  0.00  0.00  0.92  0.00
  LSC11-00                1.00   0.02  0.00  0.00  0.09  0.01  0.00  0.89  0.07  0.00
  LSC12-04                1.00   0.02  0.34  0.00  0.37  0.26  0.00  0.00  0.91  0.00
  LSC12-03.1              1.00   0.02  0.00  0.00  0.00  0.18  0.00  0.80  0.16  0.00
  LSC12-03.2              1.00   0.02  0.00  0.00  0.00  0.21  0.00  0.78  0.16  0.00
  LSC12-02.1              1.00   0.02  0.00  0.00  0.00  0.00  0.00  0.98  0.00  0.00
  LSC12-02.2              1.00   0.02  0.00  0.00  0.00  0.00  0.00  0.98  0.00  0.00
  LSC12-01.1              1.00   0.02  0.33  0.00  0.16  0.50  0.00  0.00  0.50  0.00
  LSC12-01.2              1.00   0.02  0.33  0.00  0.15  0.50  0.00  0.00  0.50  0.00
  LSC12-00                1.00   0.02  0.00  0.00  0.67  0.27  0.00  0.04  0.93  0.00
  LSC13-02                1.00   0.02  0.00  0.00  0.12  0.06  0.00  0.81  0.17  0.00
  LSC13-01                1.00   0.02  0.00  0.00  0.00  0.00  0.00  0.98  0.00  0.00
  LSC13-00                1.00   0.02  0.00  0.00  0.00  0.00  0.00  0.98  0.00  0.00
  LSC14-00                1.00   0.02  0.63  0.00  0.25  0.09  0.00  0.00  0.91  0.00
  LSC15-08.1              1.00   0.02  0.00  0.00  0.47  0.00  0.00  0.51  0.32  0.00
  LSC15-08.2              1.00   0.02  0.00  0.00  0.47  0.00  0.00  0.51  0.32  0.00
  LSC15-07.1              1.00   0.80  0.01  0.00  0.14  0.00  0.00  0.05  0.79  0.00
  LSC15-07.2              1.00   0.02  0.01  0.00  0.97  0.00  0.00  0.00  0.00  0.00
  LSC15-05                1.00   0.02  0.00  0.00  0.84  0.14  0.00  0.00  0.00  0.00
  LSC15-04                1.00   0.02  0.00  0.00  0.98  0.00  0.00  0.00  0.00  0.00
  LSC15-03                1.00   0.02  0.00  0.00  0.98  0.00  0.00  0.00  0.61  0.00
  LSC15-02                1.00   0.02  0.00  0.00  0.98  0.00  0.00  0.00  0.00  0.00
  LSC15-01                1.00   0.02  0.00  0.00  0.74  0.24  0.00  0.00  0.28  0.00
  LSC15-00.3              1.00   0.02  0.00  0.00  0.89  0.09  0.00  0.00  0.24  0.00
  LSC16-04                1.00   0.02  0.00  0.00  0.00  0.00  0.00  0.98  0.00  0.00
  LSC16-03                1.00   0.02  0.00  0.00  0.09  0.03  0.00  0.86  0.12  0.00
  LSC16-02                1.00   0.02  0.00  0.00  0.98  0.00  0.00  0.00  0.95  0.00
  LSC16-01                1.00   0.02  0.00  0.00  0.00  0.00  0.00  0.98  0.00  0.00
  LSC16-00                1.00   0.02  0.00  0.00  0.04  0.02  0.00  0.93  0.04  0.00
  LSC17-00                1.00   0.02  0.00  0.00  0.68  0.30  0.00  0.00  0.82  0.00
  LSC18-02                1.00   0.02  0.57  0.00  0.41  0.00  0.00  0.00  0.93  0.00
  LSC18-01                1.00   0.02  0.00  0.00  0.16  0.02  0.00  0.80  0.08  0.00
  LSC18-00                1.00   0.02  0.00  0.00  0.22  0.00  0.00  0.76  0.01  0.00
  LSC19-11                1.00   0.15  0.07  0.00  0.48  0.29  0.00  0.00  0.94  0.00
  LSC19-10                1.00   0.02  0.13  0.00  0.49  0.35  0.00  0.00  0.93  0.00
  LSC19-09                1.00   0.02  0.00  0.00  0.00  0.00  0.00  0.98  0.00  0.00
  LSC19-08                1.00   0.02  0.00  0.00  0.56  0.43  0.00  0.00  0.68  0.00
  LSC19-07                1.00   0.02  0.00  0.00  0.00  0.00  0.00  0.98  0.00  0.00
  LSC19-06                1.00   0.02  0.00  0.00  0.68  0.30  0.00  0.00  0.24  0.00
  LSC19-05                1.00   0.02  0.00  0.00  0.98  0.00  0.00  0.00  0.84  0.00
  1248.1                  1.00   0.02  0.00  0.00  0.98  0.00  0.00  0.00  0.00  0.00
  a-01                    1.00   0.02  0.00  0.00  0.98  0.00  0.00  0.00  0.00  0.00
  1250.1                  1.00   0.02  0.00  0.00  0.98  0.00  0.00  0.00  0.00  0.00
  a-02                    1.00   0.02  0.00  0.00  0.98  0.00  0.00  0.00  0.00  0.00
  1252.1                  1.00   0.02  0.00  0.00  0.98  0.00  0.00  0.00  0.00  0.00
  a-03                    1.00   0.02  0.00  0.00  0.98  0.00  0.00  0.00  0.00  0.00
  1254.1                  1.00   0.02  0.00  0.00  0.97  0.01  0.00  0.00  0.03  0.00
  a-04                    1.00   0.02  0.00  0.00  0.97  0.01  0.00  0.00  0.00  0.00
  1255.1                  1.00   0.02  0.00  0.00  0.98  0.00  0.00  0.00  0.80  0.00
  a-05                    1.00   0.02  0.00  0.00  0.98  0.00  0.00  0.00  0.77  0.00
  LSC21-05                1.00   0.02  0.00  0.00  0.00  0.00  0.00  0.98  0.00  0.00
  LSC21-04                1.00   0.02  0.00  0.00  0.00  0.00  0.00  0.98  0.00  0.00
  LSC21-03                1.00   0.02  0.00  0.00  0.00  0.01  0.00  0.97  0.01  0.00
  LSC21-02                1.00   0.60  0.01  0.00  0.06  0.32  0.00  0.00  0.97  0.00
  LSC21-01                1.00   0.02  0.59  0.00  0.08  0.31  0.00  0.00  0.82  0.00
  LSC21-00                1.00   0.02  0.00  0.00  0.23  0.01  0.00  0.75  0.05  0.00
  LSC20-08                1.00   0.02  0.00  0.00  0.80  0.18  0.00  0.00  0.00  0.00
  LSC20-07                1.00   0.02  0.00  0.00  0.32  0.66  0.00  0.00  0.01  0.00
  LSC20-06                1.00   0.02  0.00  0.00  0.55  0.44  0.00  0.00  0.98  0.00
  LSC20-05                1.00   0.02  0.00  0.00  0.70  0.28  0.00  0.00  0.85  0.00
  LSC20-04                1.00   0.02  0.00  0.00  0.64  0.34  0.00  0.00  0.11  0.00
  LSC20-00                1.00   0.02  0.00  0.00  0.00  0.12  0.00  0.86  0.04  0.00
  LSC20-03                1.00   0.02  0.00  0.00  0.55  0.43  0.00  0.00  0.41  0.00
  LSC20-02                1.00   0.02  0.00  0.00  0.61  0.37  0.00  0.00  0.41  0.00
  LSC20-01                1.00   0.02  0.00  0.00  0.65  0.34  0.00  0.00  0.38  0.00
  LSC20-09                1.00   0.02  0.00  0.00  0.98  0.00  0.00  0.00  0.23  0.00
  LSC22-00                1.00   0.02  0.06  0.00  0.92  0.00  0.00  0.00  0.43  0.00
  LSC23-03                1.00   0.19  0.23  0.00  0.31  0.27  0.00  0.00  0.94  0.00
  LSC23-02                1.00   0.15  0.04  0.00  0.53  0.28  0.00  0.00  0.93  0.00
  LSC23-01                1.00   0.02  0.13  0.00  0.56  0.29  0.00  0.00  0.93  0.00
  LSC23-00                1.00   0.02  0.00  0.00  0.00  0.07  0.00  0.91  0.07  0.00
  LBC13-04                1.00   0.02  0.01  0.00  0.00  0.00  0.97  0.00  0.00  0.00
  LBC13-03                1.00   0.02  0.75  0.00  0.23  0.00  0.00  0.00  0.97  0.00
  LBC14-05                1.00   0.02  0.06  0.00  0.92  0.00  0.00  0.00  0.10  0.00
  LBC14-04                1.00   0.02  0.00  0.00  0.98  0.00  0.00  0.00  0.40  0.00
  LBC14-03                1.00   0.02  0.00  0.00  0.98  0.00  0.00  0.00  0.00  0.00
  LBC14-02                1.00   0.02  0.00  0.00  0.98  0.00  0.00  0.00  0.03  0.00
  LBC14-01                1.00   0.02  0.00  0.00  0.00  0.00  0.00  0.98  0.00  0.00
  LBC14-00                1.00   0.02  0.00  0.00  0.97  0.00  0.00  0.01  0.96  0.00
  LBC16-06                1.00   0.04  0.07  0.00  0.89  0.00  0.00  0.00  0.46  0.00
  LBC16-05                1.00   0.02  0.02  0.00  0.96  0.00  0.00  0.00  0.05  0.00
  LBC16-04                1.00   0.02  0.00  0.00  0.98  0.00  0.00  0.00  0.17  0.00
  LBC16-03                1.00   0.02  0.00  0.00  0.98  0.00  0.00  0.00  0.00  0.00
  LBC16-02                1.00   0.02  0.00  0.00  0.74  0.24  0.00  0.00  0.03  0.00
  LBC16-00                1.00   0.02  0.00  0.00  0.66  0.01  0.00  0.31  0.66  0.00
  LBC17-00                1.00   0.02  0.00  0.00  0.01  0.04  0.00  0.93  0.05  0.00
  LBC18-00                1.00   0.02  0.00  0.00  0.00  0.00  0.00  0.98  0.00  0.00
  LBC13-02                1.00   0.02  0.00  0.00  0.98  0.00  0.00  0.00  0.37  0.00
  LBC13-01                1.00   0.02  0.00  0.00  0.03  0.00  0.00  0.95  0.00  0.00
  LBC13-00                1.00   0.02  0.00  0.00  0.93  0.00  0.00  0.05  0.85  0.00
  LBC16-000               1.00   0.02  0.00  0.00  0.96  0.01  0.00  0.02  0.22  0.00
  LBC15-01                1.00   0.02  0.00  0.00  0.00  0.00  0.00  0.98  0.00  0.00
  LBC15-00                1.00   0.02  0.00  0.00  0.00  0.00  0.00  0.98  0.00  0.00
  LBPC-31                 1.00   0.02  0.00  0.00  0.98  0.00  0.00  0.00  0.00  0.00
  LBPC-30                 1.00   0.03  0.00  0.00  0.97  0.00  0.00  0.00  0.00  0.00
  LBPC-29                 1.00   0.03  0.00  0.00  0.97  0.00  0.00  0.00  0.00  0.00
  LBPC-28                 1.00   0.03  0.00  0.00  0.96  0.00  0.00  0.00  0.00  0.00
  LBPC-27                 1.00   0.02  0.01  0.00  0.97  0.00  0.00  0.00  0.00  0.00
  LBPC-26                 1.00   0.02  0.00  0.00  0.98  0.00  0.00  0.00  0.00  0.00
  LBPC-25                 1.00   0.03  0.00  0.00  0.97  0.00  0.00  0.00  0.01  0.00
  LBPC-24                 1.00   0.04  0.00  0.00  0.96  0.01  0.00  0.00  0.00  0.00
  LBPC-23                 1.00   0.04  0.00  0.00  0.96  0.00  0.00  0.00  0.02  0.00
  LBPC-22                 1.00   0.04  0.00  0.00  0.96  0.00  0.00  0.00  0.00  0.00
  LBPC-21                 1.00   0.04  0.00  0.00  0.96  0.00  0.00  0.00  0.00  0.00
  LBPC-20                 1.00   0.04  0.00  0.00  0.96  0.00  0.00  0.00  0.00  0.00
  LBPC-19                 1.00   0.04  0.00  0.00  0.96  0.00  0.00  0.00  0.00  0.00
  LBPC-18                 1.00   0.02  0.02  0.00  0.96  0.00  0.00  0.00  0.00  0.00
  LBPC-17                 1.00   0.02  0.00  0.00  0.98  0.00  0.00  0.00  0.00  0.00
  LBPC-16                 1.00   0.02  0.00  0.00  0.98  0.00  0.00  0.00  0.00  0.00
  LBPC-15                 1.00   0.02  0.00  0.00  0.98  0.00  0.00  0.00  0.00  0.00
  LBPC-14                 1.00   0.02  0.00  0.00  0.98  0.00  0.00  0.00  0.00  0.00
  LBPC-13                 1.00   0.02  0.00  0.00  0.98  0.00  0.00  0.00  0.00  0.00
  LBPC-12                 1.00   0.02  0.01  0.00  0.98  0.00  0.00  0.00  0.00  0.00
  LBPC-11                 1.00   0.02  0.00  0.00  0.98  0.00  0.00  0.00  0.00  0.00
  LBPC-10                 1.00   0.02  0.01  0.00  0.97  0.00  0.00  0.00  0.00  0.00
  LBPC-08                 1.00   0.02  0.00  0.00  0.97  0.00  0.00  0.01  0.00  0.00
  LBPC-07                 1.00   0.02  0.00  0.00  0.98  0.00  0.00  0.00  0.00  0.00
  LBPC-06                 1.00   0.02  0.00  0.00  0.98  0.00  0.00  0.00  0.00  0.00
  LBPC-05                 1.00   0.02  0.00  0.00  0.98  0.00  0.00  0.00  0.00  0.00
  LBPC-04                 1.00   0.02  0.00  0.00  0.98  0.00  0.00  0.00  0.00  0.00
  LBPC-03                 1.00   0.03  0.00  0.00  0.97  0.00  0.00  0.00  0.00  0.00
  LBPC-02                 1.00   0.03  0.00  0.00  0.97  0.00  0.00  0.00  0.00  0.00
  LBPC-01                 1.00   0.02  0.01  0.00  0.97  0.00  0.00  0.00  0.00  0.00
  LBPC-00                 1.00   0.00  0.00  0.00  1.00  0.00  0.00  0.00  0.00  0.00
  LBPC-09                 1.00   0.03  0.00  0.00  0.97  0.00  0.00  0.00  0.00  0.00
  LBPC-32                 1.00   0.02  0.00  0.00  0.98  0.00  0.00  0.00  0.18  0.00
  LBPC-33.1               1.00   0.02  0.00  0.00  0.98  0.00  0.00  0.00  0.00  0.00
  LBPC-33.2               1.00   0.94  0.00  0.00  0.04  0.00  0.02  0.01  0.00  0.00
  LBC01-17                1.00   0.02  0.02  0.00  0.96  0.00  0.00  0.00  0.45  0.00
  LBC01-1801              1.00   0.04  0.00  0.00  0.96  0.00  0.00  0.00  0.00  0.00
  LBC01-1802              1.00   0.04  0.00  0.00  0.96  0.00  0.00  0.00  0.00  0.00
  LBC01-1803              1.00   0.04  0.00  0.00  0.96  0.00  0.00  0.00  0.00  0.00
  LBC01-1811              1.00   0.04  0.00  0.00  0.87  0.10  0.00  0.00  0.04  0.00
  LBC01-1812              1.00   0.04  0.00  0.00  0.87  0.10  0.00  0.00  0.04  0.00
  LBC01-2011              1.00   0.02  0.00  0.00  0.98  0.00  0.00  0.00  0.00  0.00
  LBC01-2012              1.00   0.62  0.05  0.00  0.33  0.00  0.00  0.00  0.47  0.00
  LYS90                   1.00   0.02  0.00  0.00  0.97  0.01  0.00  0.00  0.88  0.00
  LYS91-01                1.00   0.62  0.26  0.00  0.13  0.00  0.00  0.00  0.89  0.00
  LYS01-03                1.00   0.02  0.82  0.00  0.10  0.00  0.06  0.00  0.00  0.00
  LYS01-03.2              1.00   0.02  0.00  0.00  0.59  0.40  0.00  0.00  0.18  0.00
  LH7                     1.00   0.03  0.46  0.00  0.50  0.00  0.00  0.00  0.51  0.00
  LYS99-02                1.00   0.03  0.34  0.00  0.63  0.00  0.00  0.00  0.75  0.00
  LYS99-03                1.00   0.37  0.63  0.00  0.00  0.00  0.00  0.00  0.00  0.00
  LYS99-04                1.00   1.00  0.00  0.00  0.00  0.00  0.00  0.00  0.00  0.00
  LYS99-05                1.00   0.03  0.97  0.00  0.00  0.00  0.00  0.00  0.00  0.00
  LNH01-00                1.00   0.03  0.00  0.00  0.96  0.00  0.00  0.01  0.35  0.00
  LNH01-00.1              1.00   0.02  0.00  0.00  0.97  0.01  0.00  0.00  0.00  0.00
  LNH01-00.2              1.00   0.02  0.00  0.00  0.98  0.00  0.00  0.00  0.00  0.00
  LNH01-05                1.00   0.19  0.01  0.00  0.79  0.00  0.00  0.00  0.05  0.00
  LNH01-05.2              1.00   0.02  0.19  0.00  0.79  0.00  0.00  0.00  0.83  0.00
  1485.1                  1.00   0.02  0.00  0.00  0.98  0.00  0.00  0.00  0.02  0.00
  q-05                    1.00   0.02  0.00  0.00  0.98  0.00  0.00  0.00  0.02  0.00
  LSC15-0001              1.00   0.03  0.07  0.00  0.90  0.00  0.00  0.00  0.70  0.00
  LSC15-0002              1.00   0.03  0.07  0.00  0.90  0.00  0.00  0.00  0.70  0.00
  LSC15-00.1              1.00   0.10  0.64  0.00  0.26  0.00  0.00  0.00  0.71  0.00
  LSC15-00.2              1.00   0.02  0.00  0.00  0.98  0.00  0.00  0.00  0.35  0.00
  LH1-02.1                1.00   0.03  0.00  0.00  0.97  0.00  0.00  0.00  0.08  0.00
  LH1-01                  1.00   0.03  0.00  0.00  0.97  0.00  0.00  0.00  0.06  0.00
  LH1-00                  1.00   0.03  0.00  0.00  0.17  0.00  0.00  0.80  0.00  0.00
  LSC01-07                1.00   0.02  0.00  0.00  0.98  0.00  0.00  0.00  0.00  0.00
  LSC01-10.1              1.00   0.02  0.00  0.00  0.78  0.20  0.00  0.00  0.88  0.00
  LBP01-14                1.00   0.02  0.00  0.00  0.90  0.08  0.00  0.00  0.05  0.00
  LBP01-20                1.00   0.02  0.00  0.00  0.98  0.00  0.00  0.00  0.00  0.00
  1508.1                  1.00   0.02  0.00  0.00  0.98  0.00  0.00  0.00  0.00  0.00
  p-07                    1.00   0.02  0.00  0.00  0.98  0.00  0.00  0.00  0.00  0.00
  1510.1                  1.00   0.02  0.00  0.00  0.72  0.00  0.00  0.27  0.24  0.00
  p-04                    1.00   0.02  0.00  0.00  0.70  0.00  0.00  0.28  0.25  0.00
  LBP11-05                1.00   0.02  0.00  0.00  0.98  0.00  0.00  0.00  0.04  0.00
  LBP13-01                1.00   0.02  0.00  0.00  0.97  0.01  0.00  0.00  0.10  0.00
  LBP13-01.1              1.00   0.02  0.00  0.00  0.62  0.36  0.00  0.00  0.00  0.00
  NHL_015                 1.00   0.23  0.00  0.00  0.06  0.00  0.00  0.71  0.00  0.00
  SDCL_010                1.00   0.02  0.00  0.00  0.21  0.77  0.00  0.00  0.25  0.00
  SDCL_009                1.00   0.02  0.00  0.00  0.04  0.94  0.00  0.00  0.14  0.00
  SDCL_008                1.00   0.02  0.00  0.00  0.57  0.41  0.00  0.00  0.88  0.00
  SDCL_007                1.00   0.02  0.00  0.00  0.24  0.74  0.00  0.00  0.54  0.00
  SDCL_039                1.00   0.02  0.00  0.00  0.98  0.00  0.00  0.00  0.00  0.00
  SDCL_031                1.00   0.02  0.01  0.00  0.94  0.03  0.00  0.00  0.12  0.00
  SDCL_034                1.00   0.02  0.00  0.00  0.98  0.00  0.00  0.00  0.00  0.00
  SDCL_027                1.00   0.02  0.00  0.00  0.98  0.00  0.00  0.00  0.03  0.00
  SDCL_033                1.00   0.02  0.00  0.00  0.98  0.00  0.00  0.00  0.00  0.00
  SDCL_032                1.00   0.02  0.00  0.00  0.96  0.03  0.00  0.00  0.03  0.00
  SDCL_038                1.00   0.02  0.01  0.00  0.97  0.00  0.00  0.00  0.00  0.00
  SDCL_037                1.00   0.03  0.00  0.00  0.97  0.00  0.00  0.00  0.00  0.00
  SDCL_036                1.00   0.03  0.00  0.00  0.97  0.00  0.00  0.00  0.00  0.00
  SDCL_035                1.00   0.02  0.00  0.00  0.98  0.00  0.00  0.00  0.00  0.00
  SDCL_003                1.00   0.03  0.00  0.00  0.97  0.00  0.00  0.00  0.97  0.00
  NHL_032                 1.00   0.02  0.00  0.00  0.98  0.00  0.00  0.00  0.00  0.00
  SDCL_025                1.00   0.02  0.00  0.00  0.98  0.00  0.00  0.00  0.00  0.00
  SDCL_024                1.00   0.02  0.00  0.00  0.98  0.00  0.00  0.00  0.22  0.00
  SDCL_023                1.00   0.02  0.00  0.00  0.96  0.02  0.00  0.00  0.00  0.00
  SDCL_026                1.00   0.02  0.00  0.00  0.98  0.00  0.00  0.00  0.00  0.00
  SDCL_026_1              1.00   0.02  0.00  0.00  0.98  0.00  0.00  0.00  0.00  0.00
  SDCL_017                1.00   0.02  0.00  0.00  0.97  0.01  0.00  0.00  0.63  0.00
  SDCL_013                1.00   0.02  0.00  0.00  0.97  0.00  0.00  0.00  0.82  0.00
  SDCL_011                1.00   0.02  0.00  0.00  0.07  0.91  0.00  0.00  0.06  0.00
  SDCL_016                1.00   0.02  0.01  0.00  0.66  0.31  0.00  0.00  0.16  0.00
  SDCL_012                1.00   0.02  0.00  0.00  0.74  0.24  0.00  0.00  0.25  0.00
  SDCL_016_1              1.00   0.02  0.00  0.00  0.70  0.21  0.00  0.07  0.19  0.00
  NHL_006                 1.00   0.02  0.10  0.00  0.49  0.00  0.00  0.39  0.56  0.00
  NHL_029                 1.00   0.02  0.00  0.00  0.79  0.19  0.00  0.00  0.92  0.00
  NHL_020                 1.00   0.02  0.00  0.00  0.64  0.33  0.00  0.00  0.86  0.00
  SDCL_001                1.00   0.02  0.00  0.00  0.12  0.86  0.00  0.00  0.00  0.00
  SDCL_006                1.00   0.02  0.00  0.00  0.00  0.98  0.00  0.00  0.07  0.00
  SDCL_004                1.00   0.02  0.01  0.00  0.29  0.68  0.00  0.00  0.95  0.00
  SDCL_014                1.00   0.02  0.00  0.00  0.00  0.98  0.00  0.00  0.09  0.00
  SDCL_018                1.00   0.02  0.00  0.00  0.95  0.03  0.00  0.00  0.08  0.00
  SDCL_020                1.00   0.02  0.00  0.00  0.88  0.11  0.00  0.00  0.30  0.00
  SDCL_021                1.00   0.02  0.00  0.00  0.50  0.48  0.00  0.00  0.00  0.00
  SDCL_028                1.00   0.02  0.00  0.00  0.83  0.15  0.00  0.00  0.02  0.00
  SDCL_040                1.00   0.02  0.00  0.00  0.98  0.00  0.00  0.00  0.00  0.00
  LH7.1                   1.00   0.03  0.00  0.00  0.97  0.00  0.00  0.00  0.16  0.00
  LYS90.1                 1.00   0.02  0.00  0.00  0.98  0.00  0.00  0.00  0.00  0.00
  LYS92-00.1              1.00   0.02  0.00  0.00  0.98  0.00  0.00  0.00  0.00  0.00
  LYS90.2                 1.00   0.02  0.00  0.00  0.98  0.00  0.00  0.00  0.00  0.00
  LYS90.3                 1.00   0.02  0.01  0.00  0.97  0.00  0.00  0.00  0.00  0.00
  LYS92-01.1              1.00   0.02  0.01  0.00  0.97  0.00  0.00  0.00  0.00  0.00
  LYS90.4                 1.00   0.02  0.01  0.00  0.97  0.00  0.00  0.00  0.00  0.00
  LYS91-01.2              1.00   0.62  0.04  0.00  0.34  0.00  0.00  0.00  0.01  0.00
  LYS92-01.2              1.00   0.02  0.01  0.00  0.97  0.00  0.00  0.00  0.00  0.00
  L1976                   1.00   0.02  0.01  0.00  0.97  0.00  0.00  0.00  0.00  0.00
  L1978                   1.00   0.02  0.00  0.00  0.98  0.00  0.00  0.00  0.00  0.00
  L1979                   1.00   0.02  0.48  0.00  0.50  0.00  0.00  0.00  0.52  0.00
  L1981                   1.00   0.02  0.00  0.00  0.98  0.00  0.00  0.00  0.00  0.00
  L1982                   1.00   0.03  0.63  0.00  0.33  0.01  0.00  0.00  0.72  0.00
  L1983                   1.00   0.03  0.63  0.00  0.33  0.01  0.00  0.00  0.73  0.00
  L1984                   1.00   0.02  0.60  0.00  0.38  0.00  0.00  0.00  0.69  0.00
  L1985                   1.00   0.02  0.60  0.00  0.38  0.00  0.00  0.00  0.68  0.00
  LYS96-1.2               1.00   0.03  0.07  0.00  0.89  0.00  0.00  0.00  0.54  0.00
  LYS96-1                 1.00   0.02  0.01  0.00  0.97  0.00  0.00  0.00  0.00  0.00
  LYS96-2                 1.00   0.03  0.00  0.00  0.33  0.00  0.00  0.63  0.01  0.00
  TP00                    1.00   0.03  0.00  0.00  0.08  0.00  0.00  0.89  0.00  0.00
  TP01                    1.00   0.02  0.00  0.00  0.98  0.00  0.00  0.00  0.00  0.00
  TP03                    1.00   0.02  0.00  0.00  0.83  0.00  0.00  0.15  0.00  0.00
  TP02                    1.00   0.02  0.00  0.00  0.95  0.03  0.00  0.00  0.00  0.00
  L1997                   1.00   0.02  0.00  0.00  0.84  0.02  0.00  0.13  0.85  0.00
  L1999                   1.00   0.02  0.00  0.00  0.72  0.26  0.00  0.00  0.80  0.00
  L2004                   1.00   0.03  0.00  0.00  0.97  0.00  0.00  0.00  0.00  0.00
  L2005                   1.00   0.02  0.00  0.00  0.87  0.12  0.00  0.00  0.15  0.00
  L2007                   1.00   0.02  0.00  0.00  0.87  0.00  0.00  0.10  0.00  0.00
  L2008                   1.00   0.02  0.00  0.00  0.06  0.00  0.00  0.92  0.00  0.00
  L2009                   1.00   0.02  0.00  0.00  0.97  0.01  0.00  0.00  0.83  0.00
  L2010                   1.00   0.02  0.00  0.00  0.98  0.00  0.00  0.00  0.00  0.00
  L2011                   1.00   0.03  0.00  0.00  0.97  0.00  0.00  0.00  0.00  0.00
  LSC15-0611              1.00   0.81  0.00  0.00  0.02  0.00  0.00  0.17  0.00  0.00
  LSC15-0612              1.00   0.02  0.00  0.00  0.93  0.05  0.00  0.00  0.00  0.00
  1674.1                  1.00   0.02  0.00  0.00  0.89  0.08  0.00  0.00  0.00  0.00
  aaaaa                   1.00   0.02  0.00  0.00  0.91  0.07  0.00  0.00  0.00  0.00
  wwwww                   1.00   0.80  0.00  0.00  0.00  0.00  0.00  0.20  0.00  0.00
  1                       1.00   0.02  0.00  0.00  0.98  0.00  0.00  0.00  0.00  0.00
  
  
  *************************
  Conduit Surcharge Summary
  *************************
  
  ----------------------------------------------------------------------------
                                                           Hours        Hours 
                         --------- Hours Full --------   Above Full   Capacity
  Conduit                Both Ends  Upstream  Dnstream   Normal Flow   Limited
  ----------------------------------------------------------------------------
  216.1                       0.01      0.01      0.04      0.01         0.01
  p-01                        0.01      0.01      0.15      0.07         0.01
  218.1                       0.15      0.15      0.89      0.01         0.01
  p-02                        0.15      0.15      0.89      0.01         0.01
  220.1                       0.89      0.89      1.15      0.01         0.01
  p-03                        0.89      0.89      1.15      0.01         0.01
  222.1                       1.17      1.17      1.35      0.01         0.01
  p-05                        1.17      1.17      1.35      0.01         0.01
  226.1                       1.38      1.39      1.38      1.70         1.22
  L-05                        1.79      1.81      1.81      1.78         1.31
  228.1                       1.38      1.38      1.39      1.36         0.88
  L-04                        1.80      1.81      1.82      1.46         0.96
  230.1                       1.39      1.39      1.41      0.03         0.03
  L-03                        1.82      1.82      1.89      0.16         0.03
  232.1                       1.41      1.41      1.41      1.14         0.90
  L-02                        1.89      1.89      1.92      1.28         0.97
  234.1                       1.41      1.41      1.43      1.01         0.92
  L-01                        1.92      1.92      1.98      1.16         0.94
  LBP01-13                    1.51      1.51      2.12      0.01         0.01
  LBP01-12                    2.12      2.12      2.46      0.19         0.21
  LBP01-11                    3.59      3.59     30.55      0.01         0.02
  LBP01-10                   30.43     30.55     30.43      2.37         3.51
  LBP01-09                    1.14      1.16      1.89      0.37         0.02
  LBP01-08                    1.88      1.89     29.09      1.41         0.90
  LBP01-07                   29.06     29.09     29.80      1.44         1.23
  LBP01-06                   29.80     29.80     29.93      1.31         1.22
  LBP01-05                   29.93     29.93     29.99      0.01         0.01
  LBP01-04                   29.99     29.99     30.04      0.01         0.01
  LBP01-03                   30.03     30.04     30.03      0.60         0.29
  LBP02-03                    0.37      0.37     28.66      0.01         0.01
  LBP02-02                    0.53      0.53      1.98      0.01         0.01
  LBP02-01                    1.98      1.98     30.09      0.01         0.01
  LBP02-00                   30.09     30.09     30.19      0.01         0.01
  LBP03-03                   28.57     28.57     29.93      0.01         0.01
  LBP03-02                   29.95     29.95     30.22      0.01         0.01
  LBP03-01                   30.22     30.22     30.23      0.01         0.10
  LBP03-00                   30.23     30.23     30.33      0.01         0.09
  LBP04-03                    0.01      0.01      0.01      2.76         0.01
  LBP04-02                    0.01      0.01      0.01      0.01         0.01
  LBP04-01                    0.01      0.01      0.17      0.01         0.01
  LBP04-00                    0.17      0.17     29.82      0.01         0.07
  LBP04-08                    0.01      0.01      0.01      0.44         0.01
  LBP06-02                    0.01      0.01      0.70      0.01         0.01
  LBP06-01                    1.56      1.56     27.97      0.01         0.01
  LBP06-00.1                  0.25      0.25     29.09      0.01         0.01
  LBP06-00.2                  0.69      0.69     29.09      0.01         0.01
  LBP09-00                    0.01      0.01     30.38      0.01         0.01
  LBP11-01                    0.01      0.01      0.98      0.01         0.01
  LBP11-00                    0.98      0.98      1.34      0.01         0.01
  LBP13-12                    0.01      0.01      0.01      1.22         0.01
  LBP13-04                    0.01      0.01      0.66      0.01         0.01
  LBP13-03                    0.63      0.66      0.63      1.01         0.59
  LBP13-02                    0.53      0.63      0.53      1.16         0.53
  LBP13-01.2                  0.98      0.98      1.07      0.01         0.01
  LBP13-00                    1.21      1.21      1.38      0.01         0.01
  LBP14-00                    0.01      0.01      0.01      0.20         0.01
  403.1                       1.35      1.35      1.40      0.01         0.01
  p-06                        1.35      1.35      1.40      0.01         0.01
  SCpump_in                   0.98      0.98      1.02      0.01         0.01
  LNH01-21                    0.01      0.01      0.01      5.93         0.01
  LNH01-14                    0.01      0.01      0.01      2.37         0.01
  LNH01-13                    0.01      0.01      0.01      1.42         0.01
  545.1                       0.01      0.01      0.01      1.41         0.01
  q-02                        0.01      0.01      0.01      1.44         0.01
  547.1                       0.01      0.01      0.01      1.17         0.01
  q-03                        0.01      0.01      0.01      1.17         0.01
  553.1                       0.01      0.01      0.01      1.60         0.01
  q-06                        0.01      0.01      0.01      1.66         0.01
  LNH06-00                    0.01      0.01      1.47      0.01         0.01
  LNH07-10                    0.01      0.01      0.01      0.12         0.01
  LNH07-06                    0.01      0.01      0.25      0.01         0.01
  LNH07-05                    0.01      0.01      0.01      0.42         0.01
  LNH15-03                    0.01      0.01      0.23      0.01         0.01
  LNH15-02                    0.01      0.25      0.01      1.05         0.01
  LBPC-35.31                  0.01      0.01      0.01      3.69         0.01
  LBPC-35.32                  0.01      0.01      0.01      0.20         0.01
  LBPC-35.11                  0.01      0.01      0.01      3.15         0.01
  LBPC-325                    0.01      0.01      0.44      0.01         0.01
  LBC09-00                    0.01      0.01     37.15      0.01         0.01
  LBC11-00                    0.01      0.01      1.18      0.01         0.01
  LSR01-09                    0.01      0.01      1.41      0.01         0.01
  LSR01-08                    0.01      0.01      1.41      0.01         0.01
  LSR01-01                    0.56      0.56      3.41      0.01         0.01
  LSR01-00                    3.41      3.41     37.63      0.01         0.01
  LSR02-02                    0.01      0.01      0.01      3.38         0.01
  InStr_Sr                    0.01      0.01      0.01      0.72         0.01
  LBP01-01                   30.02     30.03     30.02      0.67         0.34
  LBP01-00                   30.01     30.02     30.01      0.77         0.39
  LYS01-14                    0.01      0.01      0.01      1.71         0.01
  LYS01-13                    0.01      0.01      0.01      1.19         0.01
  LYS01-08                    0.01      0.01      0.01      6.01         0.01
  LYS01-06.1                  0.01      0.01      0.01      1.33         0.01
  LYS01-06.2                  0.01      0.01      0.01      1.36         0.01
  LYS01-05.2                  0.01      0.01      0.01      0.28         0.01
  LYS02-02                    0.01      0.01      0.01      0.11         0.01
  LYS02-00                    0.01      1.55      0.01      7.54         0.01
  LYS05-05                    0.01      0.01      0.60      0.01         0.01
  LYS05-04                    0.01      0.26      0.01      1.99         0.01
  LYS05-03                    0.01      0.01      0.01      3.52         0.01
  LYS08-05                    0.01      0.01      0.01      3.24         0.01
  LYS09-01                    0.01      0.01      0.01      0.57         0.01
  LYS12-00                    0.01      0.01      0.01      1.69         0.01
  LYS13-01                    0.01      0.01      1.47      0.01         0.01
  LYS13-00.1                  1.06      1.06      1.29      0.01         0.01
  LYS13-00.2                  1.11      1.11      1.29      0.01         0.01
  LYS14-00                    0.01      0.01      2.85      0.01         0.01
  LYS17-00                    0.01      0.01      0.01      0.08         0.01
  LSC01-15                    0.01      0.01      0.01      6.09         0.01
  LSC01-07.1                  0.01      0.01      0.01      0.26         0.01
  LSC02-03                    0.01      0.01      1.76      0.01         0.01
  LSC02-02                    0.01      0.01      0.01      6.48         0.01
  LSC02-00                    0.01      0.01      1.10      0.01         0.01
  LSC03-00                    0.01      0.01      1.44      0.01         0.01
  LSC04-00                    0.01      0.01      0.53      0.01         0.01
  LSC10-01                    0.01      0.01      0.01      0.29         0.01
  LSC10-00                    0.01      0.01      0.01      0.11         0.01
  LSC11-00                    0.01      0.01      0.74      0.01         0.01
  LSC15-08.1                  0.01      0.01      1.10      0.01         0.01
  LSC15-08.2                  0.01      0.01      0.33      0.01         0.01
  LSC15-07.1                  0.03      0.24      0.03      1.55         0.03
  LSC15-07.2                  0.01      0.24      0.01      2.03         0.01
  LSC15-05                    4.03      8.43      4.03      8.60         4.03
  LSC16-01                    0.01      0.01      0.01      2.13         0.01
  LSC18-02                    0.88      0.88      1.63      0.01         0.01
  LSC18-01                    1.61      1.61      2.83      0.01         0.01
  LSC18-00                    2.93      2.93      3.34      0.01         0.01
  LSC19-05                    0.01      0.01      0.19      0.01         0.01
  1248.1                      0.05      0.19      0.05      5.90         0.04
  a-01                        0.05      0.19      0.05      6.15         0.04
  1250.1                      0.01      0.05      0.01      2.56         0.01
  a-02                        0.01      0.05      0.01      2.73         0.01
  1252.1                      0.01      0.01      0.01      1.12         0.01
  a-03                        0.01      0.01      0.01      1.04         0.01
  1254.1                      0.01      0.01      0.19      0.01         0.01
  a-04                        0.01      0.01      0.19      0.01         0.01
  1255.1                      0.19      0.19      0.72      0.01         0.01
  a-05                        0.19      0.19      0.72      0.01         0.01
  LSC21-01                    0.01      0.01      0.76      0.01         0.01
  LSC20-08                    0.01      0.01      0.01      0.19         0.01
  LSC20-09                    0.01      0.01      0.01      0.59         0.01
  LBC14-00                    0.01      0.01     36.41      0.01         0.01
  LBC16-06                    0.01      0.01      0.32      0.01         0.01
  LBC16-05                    0.32      0.32      0.37      0.11         0.16
  LBC16-04                    0.24      0.37      0.24      1.55         0.24
  LBC16-03                    0.01      0.01      0.01      2.27         0.01
  LBC13-00                    0.01      0.01     30.61      0.01         0.01
  LBC16-000                   0.01      0.01     36.46      0.01         0.01
  LBC15-01                    0.01      0.01      0.01      0.34         0.01
  LBC15-00                    0.01      0.01      0.01      0.24         0.01
  LBPC-31                     0.01      0.01      0.01      3.87         0.01
  LBPC-29                     0.01      0.01      0.01      3.84         0.01
  LBPC-27                     0.01      0.01      0.01      1.21         0.01
  LBPC-08                     0.01      0.01      0.01      0.33         0.01
  LBPC-06                     0.01      0.01      0.01      3.33         0.01
  LBPC-33.1                   0.01      0.01      0.01      4.31         0.01
  1485.1                      0.01      0.01      0.01      1.06         0.01
  q-05                        0.01      0.01      0.01      0.69         0.01
  LSC01-07                    0.01      0.01      0.01      0.50         0.01
  LBP01-14                    1.46      1.46      1.68      0.01         0.01
  LBP01-20                    1.46      1.47      1.46      5.51         1.42
  1508.1                      1.40      1.41      1.40      2.94         1.39
  p-07                        1.40      1.41      1.40      2.93         1.39
  1510.1                      1.15      1.15      1.17      0.01         0.01
  p-04                        1.30      1.30      1.32      0.01         0.01
  LBP13-01                    1.02      1.02      1.21      0.01         0.01
  LBP13-01.1                  1.28      1.31      1.28      2.14         1.27
  NHL_015                     2.22      3.25      2.22      3.31         2.22
  SDCL_039                    0.01      0.01      0.01      2.36         0.01
  SDCL_032                    0.01      0.01      0.55      0.01         0.01
  SDCL_017                    0.01      0.01      0.91      0.01         0.01
  SDCL_013                    0.01      0.01      0.32      0.01         0.01
  SDCL_016                    0.01      0.01      0.09      0.01         0.01
  SDCL_016_1                  0.01      0.12      0.01      0.01         0.01
  NHL_006                     0.01      0.01      0.01      2.20         0.01
  SDCL_018                    0.71      0.71      1.03      0.24         0.33
  SDCL_020                    0.74      0.84      0.81      1.31         0.62
  SDCL_021                    0.01      0.36      0.01      2.49         0.01
  SDCL_028                    0.01      0.01      0.01      0.59         0.01
  SDCL_040                    0.01      0.01      0.01      1.70         0.01
  LH7.1                       0.01      0.01      0.01      0.32         0.01
  LYS90.4                     0.01      0.01      0.01      1.77         0.01
  LYS91-01.2                  0.01      0.01      0.01      1.56         0.01
  LYS92-01.2                  0.01      0.01      0.01      1.59         0.01
  L1976                       1.66      1.66      1.86      0.01         0.01
  L1978                       1.86      1.86      1.86      0.01         0.01
  L1979                       1.16      1.16      1.77      0.01         0.01
  L1981                       1.77      1.77      1.77      0.01         0.32
  L1982                       1.09      1.09      1.67      0.01         0.01
  L1983                       1.09      1.09      1.65      0.01         0.01
  L1984                       1.30      1.30      2.02      0.01         0.01
  L1985                       1.30      1.30      1.87      0.01         0.01
  TP00                        0.01      0.01      0.01      1.62         0.01
  TP01                        0.01      0.01      0.01      1.48         0.01
  TP03                        1.49      1.49      1.67      0.01         0.01
  TP02                        0.01      0.01      0.01      1.46         0.01
  L1997                       0.01      0.01     21.49      0.24         0.01
  L2004                       0.01      0.01      2.98      0.01         0.01
  L2007                       1.46      1.47      1.46      5.80         1.03
  L2010                       0.01      0.01      3.25      0.01         0.01
  L2011                       2.98      2.98      3.25      0.01         0.01
  LSC15-0611                  0.01      0.05      0.01      2.42         0.01
  LSC15-0612                  0.01      0.05      0.01      3.41         0.01
  1674.1                      0.01      0.01      0.01      1.78         0.01
  aaaaa                       0.01      0.01      0.01      2.74         0.01
  
  
  ***************
  Pumping Summary
  ***************
  
  ---------------------------------------------------------------------------------------------------------
                                                  Min       Avg       Max     Total     Power    % Time Off
                        Percent   Number of      Flow      Flow      Flow    Volume     Usage    Pump Curve
  Pump                 Utilized   Start-Ups       CMS       CMS       CMS  10^6 ltr     Kw-hr    Low   High
  ---------------------------------------------------------------------------------------------------------
  PumpBP                   0.00           0      0.00      0.00      0.00     0.000      0.00    0.0    0.0
  PumpSC                  12.54         977      0.00     15.19     23.33   275.137   2053.92    0.0   21.2
  PumpSR                  12.24           5      0.00      6.97     12.92   125.418   1029.12    0.0    2.6
  PumpSP                  10.18          16      0.00     21.91     32.70   323.334   3720.80    0.0    0.0
  

  Analysis begun on:  Tue Nov 28 23:48:03 2023
  Analysis ended on:  Tue Nov 28 23:58:18 2023
  Total elapsed time: 00:10:15